# Blender 5.1.0
# www.blender.org
mtllib deforme.mtl
o Cylinder
v -2.174402 -10.698182 -23.271772
v -2.180791 -10.823907 -23.695614
v 2.425930 6.331937 -24.630880
v 2.474927 6.342484 -25.128355
v 2.704593 -10.576794 -23.182882
v 2.792269 -11.073454 -23.493727
v 7.184563 6.331939 -23.684332
v 7.329670 6.342485 -24.162687
v 7.377529 -10.307931 -21.840118
v 7.509119 -10.640648 -21.989298
v 11.667098 6.331939 -21.827602
v 11.902740 6.342486 -22.268459
v 11.796440 -10.392933 -19.899044
v 11.999482 -10.859274 -20.242865
v 15.701273 6.331939 -19.132053
v 16.018394 6.342486 -19.518467
v 15.387543 -10.451521 -17.021496
v 15.701549 -10.849844 -17.283344
v 19.132053 6.331939 -15.701273
v 19.518467 6.342486 -16.018394
v 17.991756 -10.584483 -13.426764
v 18.328543 -10.960312 -13.661829
v 21.827602 6.331938 -11.667098
v 22.268459 6.342485 -11.902740
v 19.698906 -10.728132 -9.464890
v 20.039429 -10.991139 -9.615996
v 23.684332 6.331939 -7.184563
v 24.162687 6.342486 -7.329670
v 20.479937 -10.886127 -5.127997
v 20.789555 -11.280699 -5.192341
v 24.630880 6.331939 -2.425930
v 25.128355 6.342486 -2.474927
v 20.064873 -10.893848 -0.730570
v 20.016771 -11.370493 -0.835890
v 24.630880 6.331939 2.425930
v 25.128355 6.342486 2.474927
v 18.543388 -10.739488 3.503953
v 18.384073 -11.361293 3.446231
v 23.684332 6.331939 7.184563
v 24.162687 6.342486 7.329670
v 16.814938 -11.186740 8.040445
v 16.581402 -11.657991 7.992339
v 21.827602 6.331939 11.667098
v 22.268459 6.342486 11.902740
v 16.349447 -11.268137 12.584584
v 16.534777 -11.839604 12.670644
v 19.132053 6.331939 15.701273
v 19.518467 6.342486 16.018394
v 13.709333 -10.877250 16.421942
v 13.972285 -11.317158 16.716663
v 15.701273 6.331939 19.132053
v 16.018394 6.342486 19.518467
v 10.628005 -10.341354 19.825014
v 10.864463 -10.579621 20.198242
v 11.667098 6.331939 21.827602
v 11.902740 6.342486 22.268459
v 6.997073 -10.108560 22.716940
v 7.169323 -10.286688 23.097422
v 7.184563 6.331940 23.684332
v 7.329670 6.342486 24.162687
v 2.647847 -9.879001 24.572865
v 2.763067 -10.131688 25.011335
v 2.425930 6.331939 24.630880
v 2.474927 6.342485 25.128355
v -2.142866 -9.738544 25.297831
v -2.125175 -9.890697 25.730225
v -2.425930 6.331939 24.630880
v -2.474927 6.342485 25.128355
v -7.051945 -9.926438 25.028782
v -7.132401 -9.910203 25.402359
v -7.184563 6.331940 23.684332
v -7.329670 6.342486 24.162687
v -11.439813 -9.572701 22.977213
v -11.639115 -9.494461 23.375681
v -11.667098 6.331938 21.827602
v -11.902740 6.342485 22.268459
v -15.484221 -9.783263 20.069780
v -15.754365 -9.837039 20.426132
v -15.701273 6.331939 19.132053
v -16.018394 6.342486 19.518467
v -19.224665 -10.035599 16.768099
v -19.518480 -10.078099 17.070047
v -19.132053 6.331939 15.701273
v -19.518467 6.342486 16.018394
v -22.488033 -10.029923 13.046887
v -22.817879 -10.061209 13.294994
v -21.827602 6.331939 11.667098
v -22.268459 6.342486 11.902740
v -25.080288 -9.772111 8.884905
v -25.446022 -9.791412 9.073798
v -23.684332 6.331939 7.184563
v -24.162687 6.342486 7.329670
v -26.927904 -9.390055 4.369594
v -27.322353 -9.398013 4.491562
v -24.630880 6.331937 2.425930
v -25.128355 6.342484 2.474927
v -27.936504 -9.044477 -0.414862
v -28.280518 -8.962605 -0.379568
v -24.630880 6.331937 -2.425930
v -25.128355 6.342484 -2.474927
v -28.024834 -8.682789 -5.336915
v -28.459976 -8.734957 -5.376355
v -23.684332 6.331938 -7.184563
v -24.162687 6.342485 -7.329670
v -26.589275 -8.448169 -9.929645
v -27.031551 -8.612166 -10.106192
v -21.827602 6.331938 -11.667098
v -22.268459 6.342485 -11.902740
v -23.822401 -8.807257 -14.007459
v -24.157427 -8.810016 -14.274854
v -19.132053 6.331939 -15.701273
v -19.518467 6.342486 -16.018394
v -20.364761 -9.240135 -17.365574
v -20.634060 -9.277153 -17.704140
v -15.701273 6.331939 -19.132053
v -16.018394 6.342486 -19.518467
v -16.304031 -9.768341 -19.938047
v -16.499620 -9.840229 -20.322651
v -11.667098 6.331938 -21.827602
v -11.902740 6.342485 -22.268459
v -11.810964 -10.249430 -21.720221
v -11.935581 -10.354412 -22.132195
v -7.184563 6.331938 -23.684332
v -7.329670 6.342484 -24.162687
v -7.052626 -10.583752 -22.774574
v -7.117356 -10.721323 -23.212091
v -2.425930 6.331937 -24.630880
v -2.474927 6.342484 -25.128355
v -2.031243 -9.019906 -23.840843
v -2.010367 -9.086411 -24.182573
v -1.726342 -6.165829 -24.195314
v -1.689069 -6.208423 -24.528214
v -1.356637 -3.100261 -24.163132
v -1.307701 -3.125677 -24.491627
v -0.910130 0.135104 -24.251450
v -0.869709 0.090344 -24.557920
v -0.383022 3.286976 -24.903151
v -0.365993 3.273167 -25.147409
v 1.722545 1.744598 -24.085089
v 1.778342 1.693449 -24.384979
v 1.210996 -1.551446 -23.700790
v 1.294031 -1.585784 -24.032000
v 0.853061 -4.748952 -23.837811
v 0.933949 -4.777453 -24.182037
v 0.549667 -7.704860 -23.828594
v 0.617132 -7.761584 -24.191862
v 0.304393 -10.327579 -23.474112
v 0.350420 -10.622949 -23.845240
v 4.397037 3.305980 -23.950308
v 4.446670 3.304739 -24.207037
v 3.695559 0.124488 -23.085556
v 3.800258 0.074856 -23.406191
v 3.338623 -3.235357 -23.150537
v 3.460320 -3.258664 -23.496643
v 3.070693 -6.325114 -23.325695
v 3.187212 -6.360815 -23.695845
v 2.819218 -9.173253 -23.291319
v 2.925395 -9.231749 -23.668007
v 6.178092 1.850969 -22.496429
v 6.287197 1.795489 -22.800802
v 5.672024 -1.567710 -22.215151
v 5.831163 -1.599300 -22.557695
v 5.476398 -4.862770 -22.468771
v 5.634905 -4.879559 -22.833385
v 5.256116 -7.845946 -22.600811
v 5.412045 -7.885811 -22.981215
v 5.061389 -10.387068 -22.433529
v 5.200659 -10.746344 -22.920591
v 8.788589 3.444733 -22.054951
v 8.883671 3.441960 -22.331579
v 7.891706 0.221567 -21.139412
v 8.063872 0.173768 -21.458235
v 7.689366 -3.222475 -21.363390
v 7.895924 -3.237243 -21.722351
v 7.565820 -6.452834 -21.568924
v 7.764031 -6.463723 -21.950874
v 7.335533 -9.254825 -21.510128
v 7.586802 -9.311864 -22.019815
v 10.151348 2.059132 -20.159048
v 10.308293 2.001580 -20.440454
v 9.713457 -1.466628 -20.020231
v 9.957657 -1.488767 -20.362503
v 9.659809 -4.837854 -20.343315
v 9.911385 -4.844178 -20.716185
v 9.593476 -7.965998 -20.426069
v 9.846101 -7.973523 -20.855997
v 9.471113 -10.535022 -20.523024
v 9.521576 -10.674170 -20.581379
v 12.655852 3.692810 -19.416164
v 12.813579 3.663009 -19.698814
v 11.589873 0.399855 -18.540939
v 11.832063 0.357003 -18.842291
v 11.553312 -3.120913 -18.884796
v 11.850565 -3.124787 -19.232414
v 11.559181 -6.382698 -19.111937
v 11.869297 -6.386537 -19.515905
v 11.578636 -9.487374 -19.235645
v 11.898602 -9.446168 -19.686529
v 13.566327 2.332041 -17.224714
v 13.758924 2.270980 -17.456097
v 13.210688 -1.321906 -17.190863
v 13.536230 -1.329707 -17.506592
v 13.332346 -4.708691 -17.582138
v 13.689930 -4.707026 -17.945469
v 13.219841 -7.947263 -17.606649
v 13.582649 -7.929522 -17.999535
v 13.510818 -11.074319 -18.361805
v 13.764447 -11.303074 -18.643368
v 15.935660 3.995076 -16.214891
v 16.151825 3.927687 -16.457628
v 14.693968 0.597240 -15.399418
v 14.992242 0.558270 -15.654386
v 14.853467 -2.979264 -15.801624
v 15.241967 -2.966532 -16.118563
v 14.905649 -6.296788 -16.051531
v 15.315763 -6.293316 -16.403847
v 14.688834 -9.779215 -16.287523
v 15.095621 -9.755316 -16.607475
v 16.373108 2.610263 -13.843113
v 16.568172 2.546535 -13.996914
v 16.082661 -1.173744 -13.821231
v 16.480705 -1.166894 -14.090217
v 16.322237 -4.619835 -14.229901
v 16.763800 -4.606230 -14.534685
v 15.915675 -8.145157 -14.358703
v 16.342794 -8.126858 -14.655950
v 16.462042 -11.367439 -15.076911
v 16.698729 -11.618981 -15.251106
v 18.600536 4.263412 -12.589472
v 18.833639 4.166204 -12.741237
v 17.123800 0.798804 -11.828770
v 17.464909 0.753158 -12.020573
v 17.417042 -2.910714 -12.179620
v 17.869465 -2.882710 -12.430229
v 17.334225 -6.465799 -12.552984
v 17.802298 -6.461526 -12.821638
v 17.174549 -9.943368 -12.867550
v 17.672123 -9.939479 -13.111087
v 18.513184 2.852397 -10.090652
v 18.703169 2.776478 -10.179725
v 18.159595 -1.074059 -10.030800
v 18.602318 -1.058838 -10.229307
v 18.417799 -4.791353 -10.492035
v 18.886480 -4.778972 -10.700925
v 18.004904 -8.313544 -10.723283
v 18.485367 -8.288343 -10.940531
v 18.563757 -11.622178 -11.348772
v 18.830946 -11.857059 -11.464795
v 20.585243 4.444619 -8.594910
v 20.820129 4.338957 -8.685509
v 18.793674 0.932148 -7.944384
v 19.114403 0.874261 -8.050811
v 19.106647 -3.018250 -8.305644
v 19.562290 -2.992179 -8.461533
v 19.080559 -6.663639 -8.662999
v 19.581944 -6.670674 -8.829477
v 18.808167 -10.166502 -9.029874
v 19.315636 -10.142874 -9.181840
v 19.947561 3.008532 -6.108123
v 20.130566 2.932666 -6.159011
v 19.428032 -1.142693 -6.074712
v 19.835388 -1.142866 -6.174694
v 19.779160 -4.945653 -6.476796
v 20.260952 -4.936795 -6.591986
v 19.324511 -8.560993 -6.764906
v 19.821077 -8.561763 -6.873570
v 20.032339 -11.799602 -7.334381
v 20.309912 -12.033044 -7.415490
v 21.820934 4.513779 -4.348452
v 22.052299 4.412334 -4.387753
v 19.766088 0.953785 -4.008177
v 19.998009 0.895394 -4.040219
v 20.038399 -3.177298 -4.198550
v 20.465727 -3.164458 -4.262829
v 20.033390 -6.876340 -4.581838
v 20.546980 -6.896892 -4.647328
v 19.935265 -10.444256 -4.954547
v 20.529530 -10.415793 -5.019516
v 20.712185 2.993299 -2.032304
v 20.879694 2.920224 -2.046845
v 19.988728 -1.196581 -2.049833
v 20.355251 -1.213858 -2.068846
v 20.328873 -5.200842 -2.274179
v 20.777180 -5.204491 -2.296567
v 20.041454 -8.784072 -2.667747
v 20.543465 -8.818419 -2.663435
v 20.584709 -11.891101 -2.867750
v 20.843071 -12.134912 -2.865269
v 22.267857 4.470803 0.020110
v 22.474337 4.387449 0.026101
v 20.063086 0.909785 0.013461
v 20.260206 0.858267 0.021194
v 20.240757 -3.307373 -0.095459
v 20.629532 -3.307273 -0.085260
v 20.230307 -7.182348 -0.319537
v 20.695847 -7.211540 -0.289470
v 20.449486 -10.396834 -0.588285
v 21.029949 -10.466757 -0.504743
v 20.751955 2.907548 2.106362
v 20.909130 2.841382 2.122097
v 19.899290 -1.303561 1.989304
v 20.211304 -1.322711 2.021513
v 20.175270 -5.361162 1.888760
v 20.587137 -5.366244 1.936320
v 20.031128 -8.956820 1.782729
v 20.522264 -9.022018 1.888749
v 19.704819 -11.665812 1.560192
v 19.759663 -11.963248 1.592515
v 21.873308 4.405025 4.398299
v 22.071409 4.327189 4.438204
v 19.719122 0.803726 4.022159
v 19.894609 0.754810 4.057968
v 19.774591 -3.441645 3.999880
v 20.130066 -3.442314 4.066799
v 19.793753 -7.215663 3.986840
v 20.249851 -7.236356 4.084671
v 19.669518 -10.506757 4.005060
v 19.969826 -10.678082 4.148960
v 20.003010 2.811992 6.175025
v 20.177231 2.731688 6.228756
v 19.164066 -1.408855 5.970802
v 19.459826 -1.426753 6.051949
v 19.365435 -5.403076 6.113589
v 19.760008 -5.402660 6.221816
v 19.207983 -8.850450 6.158242
v 19.786749 -8.915733 6.335447
v 17.717373 -10.774625 5.828166
v 17.563684 -11.264408 5.762738
v 20.644287 4.328261 8.623341
v 20.850933 4.245525 8.703565
v 18.673130 0.698257 7.923475
v 18.873606 0.644096 8.002308
v 18.656433 -3.464614 8.057221
v 19.003799 -3.460469 8.181385
v 18.624073 -7.176283 8.269290
v 19.061102 -7.189945 8.422569
v 18.244663 -10.270535 8.331717
v 18.603691 -10.480340 8.386473
v 18.536161 2.690755 10.068275
v 18.718786 2.613188 10.159000
v 17.782000 -1.445079 9.864449
v 18.083841 -1.458951 9.999075
v 17.857286 -5.333105 10.187585
v 18.240391 -5.332332 10.360079
v 17.680756 -8.757033 10.463151
v 18.151043 -8.840832 10.621981
v 17.271448 -11.728878 10.371202
v 17.245031 -12.057042 10.321696
v 18.629318 4.230687 12.555480
v 18.841736 4.145347 12.687172
v 16.984951 0.618322 11.684786
v 17.213070 0.568230 11.814438
v 16.875082 -3.406308 11.930676
v 17.223278 -3.400784 12.122536
v 16.741817 -7.021550 12.291058
v 17.142311 -7.048604 12.496265
v 16.673512 -10.366812 12.565884
v 17.097857 -10.458907 12.751252
v 16.382891 2.561408 13.729111
v 16.566637 2.487195 13.859566
v 15.767391 -1.426122 13.549870
v 16.092518 -1.435770 13.767991
v 15.677613 -5.175281 13.977921
v 16.035595 -5.177586 14.214829
v 15.442354 -8.671123 14.281900
v 15.830848 -8.697175 14.521041
v 15.430185 -11.498394 14.749902
v 15.621917 -11.774219 14.897914
v 15.926489 4.018641 16.142723
v 16.122604 3.950623 16.342821
v 14.636865 0.541294 15.187896
v 14.908798 0.496313 15.416922
v 14.468195 -3.266870 15.513188
v 14.804208 -3.258732 15.783030
v 14.194016 -6.849748 15.873213
v 14.538093 -6.857215 16.146420
v 14.002277 -10.026464 16.362581
v 14.422747 -10.017100 16.686266
v 13.559786 2.308274 17.078043
v 13.738748 2.248890 17.285934
v 13.100211 -1.371003 16.941133
v 13.417159 -1.368710 17.252348
v 12.893527 -4.965258 17.349718
v 13.212624 -4.961064 17.657640
v 12.480337 -8.307636 17.722790
v 12.816139 -8.297647 18.040867
v 12.474988 -11.179215 18.384079
v 12.761603 -11.341921 18.716280
v 12.578702 3.839638 19.165073
v 12.767207 3.784286 19.470757
v 11.544997 0.388063 18.365015
v 11.773234 0.356869 18.656292
v 11.426674 -3.105111 18.693321
v 11.721807 -3.090727 19.035252
v 11.028751 -6.471970 19.037052
v 11.329590 -6.463692 19.391510
v 10.710531 -9.671670 19.550400
v 11.051120 -9.609324 19.947155
v 10.132092 2.190107 19.885355
v 10.329086 2.132430 20.219364
v 9.620388 -1.427212 19.852684
v 9.860664 -1.432310 20.197638
v 9.480350 -4.654740 20.280527
v 9.749069 -4.638661 20.662773
v 8.996209 -7.905764 20.549992
v 9.259804 -7.866433 20.937304
v 8.918726 -10.854209 21.339565
v 9.173126 -10.988981 21.748522
v 8.746338 3.530770 21.817245
v 8.867393 3.519798 22.146748
v 7.953344 0.396731 20.988899
v 8.168200 0.376714 21.389574
v 7.539747 -3.061826 21.265591
v 7.757857 -3.051928 21.647791
v 7.327925 -6.114178 21.626554
v 7.557284 -6.082753 22.048599
v 6.922386 -9.290705 22.000578
v 7.162658 -9.234265 22.416428
v 6.152591 1.992476 22.247820
v 6.295684 1.942922 22.647005
v 5.759915 -1.257521 22.206184
v 5.953078 -1.248908 22.633852
v 5.284394 -4.579632 22.450848
v 5.465498 -4.556898 22.869530
v 5.050300 -7.531733 22.751785
v 5.236668 -7.487479 23.184454
v 4.792697 -10.397168 23.439983
v 4.970954 -10.569991 23.865179
v 4.376707 3.336273 23.794996
v 4.426044 3.342200 24.078703
v 3.710849 0.334512 22.954596
v 3.848129 0.311890 23.397425
v 3.424859 -2.788436 23.243382
v 3.570848 -2.763507 23.680054
v 2.906881 -6.028201 23.375698
v 3.048892 -5.998349 23.820320
v 2.698383 -8.856674 23.775000
v 2.854617 -8.807072 24.213339
v 1.677606 1.850700 23.882751
v 1.732406 1.816679 24.247318
v 1.254956 -1.240459 23.700935
v 1.357425 -1.233406 24.155296
v 0.966479 -4.242837 24.000244
v 1.062076 -4.213096 24.439396
v 0.448536 -7.404908 24.078354
v 0.553380 -7.366194 24.532751
v 0.276451 -9.867203 24.748159
v 0.371935 -10.029137 25.226557
v -0.410875 3.299766 24.806507
v -0.400433 3.297922 25.049305
v -0.952130 0.278768 24.079519
v -0.911459 0.253909 24.468567
v -1.276946 -2.724868 24.246368
v -1.223979 -2.702941 24.689823
v -1.571736 -5.628017 24.477592
v -1.525389 -5.597084 24.915871
v -2.061763 -8.673960 24.660625
v -2.004475 -8.595964 25.115509
v -3.136757 1.807177 24.574354
v -3.144346 1.782461 24.875469
v -3.576748 -1.259127 24.253578
v -3.569237 -1.260916 24.641273
v -3.867323 -4.135665 24.499821
v -3.865855 -4.109625 24.921068
v -4.155287 -6.930704 24.701780
v -4.165746 -6.888168 25.135387
v -4.575027 -9.736683 25.133717
v -4.603984 -9.829443 25.629635
v -5.364567 3.347691 24.710234
v -5.378696 3.324917 24.936253
v -5.828948 0.288150 24.290007
v -5.857383 0.273741 24.597185
v -6.216175 -2.725967 24.231789
v -6.249768 -2.713547 24.600857
v -6.477211 -5.476244 24.432121
v -6.528010 -5.447895 24.824472
v -6.725711 -8.199500 24.666857
v -6.794199 -8.158150 25.037628
v -8.070498 1.852743 24.157091
v -8.121511 1.846981 24.408003
v -8.497092 -1.204687 23.893978
v -8.554366 -1.203164 24.189953
v -8.842245 -4.121390 23.909731
v -8.916998 -4.107653 24.248980
v -9.033093 -6.789463 23.994644
v -9.130643 -6.765647 24.346500
v -9.223140 -9.186712 24.056604
v -9.395385 -9.487626 24.511461
v -10.220651 3.425753 23.530191
v -10.269581 3.408106 23.746809
v -10.727429 0.370431 23.439764
v -10.800974 0.371812 23.683760
v -11.124133 -2.641915 23.279198
v -11.209405 -2.636087 23.553402
v -11.382334 -5.474305 23.215641
v -11.492776 -5.472845 23.514755
v -11.464297 -8.045706 23.095282
v -11.602567 -8.022905 23.411669
v -12.855701 1.953402 22.632662
v -12.943386 1.961678 22.856819
v -13.319603 -1.075280 22.525200
v -13.413999 -1.068299 22.750124
v -13.647967 -4.033812 22.356119
v -13.758403 -4.035964 22.599018
v -13.754939 -6.773420 22.081755
v -13.896078 -6.793284 22.349134
v -13.605583 -9.216034 21.704309
v -13.815669 -9.385399 22.041454
v -14.755004 3.515781 21.347412
v -14.847141 3.506694 21.559782
v -15.398166 0.511278 21.509857
v -15.506418 0.529825 21.709558
v -15.796926 -2.484155 21.358183
v -15.908466 -2.481684 21.558104
v -15.987470 -5.376677 21.050379
v -16.120752 -5.399742 21.267185
v -15.835021 -8.078744 20.517889
v -15.994461 -8.109112 20.750973
v -17.252897 2.078170 20.093800
v -17.380096 2.109515 20.287985
v -17.807384 -0.897187 20.135080
v -17.928383 -0.882428 20.309155
v -18.086269 -3.854842 19.878881
v -18.213364 -3.866786 20.055571
v -18.033144 -6.704727 19.353636
v -18.183880 -6.750058 19.544962
v -17.556187 -9.325540 18.628138
v -17.769323 -9.519401 18.888712
v -18.767344 3.603385 18.267241
v -18.918306 3.612522 18.476425
v -19.597229 0.677362 18.581146
v -19.734852 0.712321 18.741947
v -20.019918 -2.275470 18.483004
v -20.151892 -2.271797 18.634268
v -20.092596 -5.203100 18.063761
v -20.231876 -5.234976 18.216812
v -19.703621 -8.066628 17.337799
v -19.861557 -8.110887 17.505140
v -21.053244 2.206578 16.660435
v -21.216484 2.259658 16.820713
v -21.727901 -0.697628 16.794271
v -21.872049 -0.674104 16.929268
v -21.959600 -3.631159 16.544085
v -22.098003 -3.644503 16.672132
v -21.724800 -6.562585 15.950627
v -21.872955 -6.610109 16.083349
v -21.105890 -9.324115 15.160185
v -21.349239 -9.505333 15.371950
v -22.082096 3.677680 14.424779
v -22.303200 3.712972 14.616172
v -23.107275 0.840374 14.780831
v -23.272375 0.889918 14.906516
v -23.581205 -2.051559 14.742350
v -23.727928 -2.044007 14.853227
v -23.542530 -4.988038 14.344246
v -23.685120 -5.019016 14.451094
v -23.018764 -7.912556 13.637502
v -23.180700 -7.951335 13.758835
v -24.069094 2.319338 12.483101
v -24.270439 2.393682 12.607377
v -24.871469 -0.505572 12.641776
v -25.034473 -0.472764 12.739694
v -25.093370 -3.399592 12.459717
v -25.239794 -3.409958 12.548861
v -24.754221 -6.322641 11.942395
v -24.906269 -6.364393 12.034541
v -24.059217 -9.124160 11.221320
v -24.336338 -9.290225 11.383384
v -24.566343 3.728456 9.989169
v -24.844654 3.792935 10.127191
v -25.743845 0.987314 10.282305
v -25.933584 1.050558 10.370836
v -26.296944 -1.841661 10.287684
v -26.455105 -1.828670 10.362704
v -26.230761 -4.727123 9.992625
v -26.381023 -4.752774 10.064896
v -25.649761 -7.625395 9.417389
v -25.823961 -7.656867 9.503463
v -26.161610 2.405930 7.742603
v -26.392204 2.495903 7.821271
v -27.075720 -0.332357 7.875525
v -27.253374 -0.291104 7.937068
v -27.349257 -3.160263 7.767303
v -27.505627 -3.164565 7.823385
v -27.013124 -6.016424 7.404962
v -27.176630 -6.050896 7.465686
v -26.294411 -8.788976 6.844588
v -26.602514 -8.945267 6.955173
v -26.102724 3.754966 5.120140
v -26.401644 3.838396 5.185447
v -27.391092 1.097962 5.294942
v -27.594534 1.170357 5.341210
v -28.031559 -1.638505 5.315751
v -28.200575 -1.617915 5.356416
v -28.028351 -4.446525 5.137350
v -28.190580 -4.464322 5.178754
v -27.496357 -7.279046 4.761386
v -27.687544 -7.301527 4.815823
v -27.238863 2.457665 2.645548
v -27.480904 2.555336 2.672467
v -28.238804 -0.200804 2.706391
v -28.424171 -0.152682 2.729006
v -28.598591 -2.919519 2.660038
v -28.766441 -2.915211 2.683543
v -28.370600 -5.702286 2.460697
v -28.549118 -5.726751 2.489487
v -27.733311 -8.433032 2.131463
v -28.068184 -8.574004 2.184135
v -26.629688 3.768088 0.020776
v -26.928923 3.854852 0.020876
v -27.972754 1.163071 0.041880
v -28.179808 1.240219 0.044042
v -28.682301 -1.485439 0.035049
v -28.858259 -1.457992 0.038923
v -28.796734 -4.174334 -0.028364
v -28.972574 -4.181541 -0.021140
v -28.429461 -6.960451 -0.205128
v -28.640324 -6.969821 -0.190069
v -27.259132 2.474312 -2.584143
v -27.497366 2.572045 -2.608592
v -28.291737 -0.126243 -2.629079
v -28.478451 -0.074125 -2.646651
v -28.723223 -2.755783 -2.651848
v -28.899120 -2.743720 -2.666037
v -28.663588 -5.423415 -2.686712
v -28.858585 -5.436441 -2.699958
v -28.245441 -8.142711 -2.794487
v -28.608789 -8.258341 -2.831344
v -26.123583 3.766615 -5.089188
v -26.413115 3.844447 -5.151581
v -27.455948 1.176205 -5.241362
v -27.656723 1.252834 -5.283400
v -28.184044 -1.416146 -5.296182
v -28.362013 -1.384968 -5.332098
v -28.390490 -4.027562 -5.285814
v -28.574856 -4.026167 -5.321375
v -28.219784 -6.694290 -5.260735
v -28.455690 -6.695747 -5.307880
v -26.216932 2.456388 -7.719225
v -26.439543 2.547238 -7.794499
v -27.213964 -0.133865 -7.874441
v -27.395752 -0.082626 -7.933162
v -27.663994 -2.718372 -7.881786
v -27.841728 -2.703178 -7.939146
v -27.717840 -5.321653 -7.806118
v -27.922682 -5.326602 -7.871406
v -27.430115 -7.866704 -7.674144
v -27.815788 -8.163859 -7.890675
v -24.604816 3.751509 -9.989801
v -24.868439 3.811444 -10.121833
v -25.854704 1.126351 -10.307378
v -26.041788 1.195712 -10.393079
v -26.534220 -1.468548 -10.398055
v -26.706947 -1.438814 -10.475757
v -26.777075 -4.049853 -10.318536
v -26.962067 -4.046863 -10.403183
v -26.715635 -6.668443 -10.146266
v -26.946400 -6.666962 -10.251853
v -24.149681 2.399648 -12.526182
v -24.347307 2.477719 -12.647556
v -25.041628 -0.235991 -12.759969
v -25.210873 -0.192167 -12.860677
v -25.459305 -2.841329 -12.733301
v -25.630400 -2.828545 -12.835875
v -25.567600 -5.428699 -12.545042
v -25.764690 -5.436996 -12.665689
v -25.380440 -8.032229 -12.188677
v -25.706457 -8.171307 -12.382957
v -22.135807 3.715581 -14.472874
v -22.351580 3.751515 -14.658928
v -23.227812 1.013869 -14.904591
v -23.395237 1.070978 -15.032557
v -23.811914 -1.645762 -14.985694
v -23.972349 -1.623651 -15.107629
v -24.062639 -4.263435 -14.827473
v -24.235832 -4.265842 -14.961514
v -24.050694 -6.906223 -14.458277
v -24.254234 -6.915199 -14.620561
v -21.135761 2.306135 -16.778198
v -21.302914 2.367419 -16.940996
v -21.876892 -0.424487 -17.020678
v -22.028133 -0.392487 -17.164341
v -22.249983 -3.109693 -16.930187
v -22.405455 -3.103836 -17.079273
v -22.402555 -5.761653 -16.616673
v -22.574884 -5.781921 -16.785204
v -22.250751 -8.347063 -15.995591
v -22.519600 -8.507071 -16.243677
v -18.815176 3.646604 -18.360537
v -18.975496 3.661906 -18.578419
v -19.697767 0.849321 -18.792538
v -19.839828 0.890709 -18.960365
v -20.178104 -1.920712 -18.805229
v -20.318171 -1.909031 -18.972834
v -20.454102 -4.638808 -18.567984
v -20.601950 -4.650990 -18.746265
v -20.502945 -7.325639 -18.029018
v -20.670324 -7.355008 -18.235909
v -17.316109 2.172711 -20.275785
v -17.449255 2.210822 -20.480047
v -17.896389 -0.668789 -20.422024
v -18.021832 -0.651599 -20.609188
v -18.254656 -3.478351 -20.259659
v -18.382784 -3.482127 -20.453438
v -18.469078 -6.223894 -19.857361
v -18.608152 -6.258629 -20.067167
v -18.425558 -8.831311 -19.037733
v -18.636278 -9.013796 -19.324886
v -14.787105 3.557505 -21.474001
v -14.889647 3.552131 -21.707411
v -15.446661 0.645157 -21.765846
v -15.558069 0.664632 -21.977787
v -15.864338 -2.246209 -21.669554
v -15.973619 -2.244597 -21.880295
v -16.189581 -5.089794 -21.393661
v -16.304506 -5.112564 -21.614464
v -16.329037 -7.847189 -20.740192
v -16.452065 -7.894954 -20.977745
v -12.876380 2.019567 -22.840916
v -12.966861 2.027624 -23.081444
v -13.334241 -0.938034 -22.796854
v -13.425197 -0.936516 -23.029083
v -13.724206 -3.878448 -22.604132
v -13.817391 -3.889395 -22.841776
v -14.010974 -6.726554 -22.176437
v -14.110660 -6.773966 -22.421309
v -14.084667 -9.355426 -21.237900
v -14.233619 -9.558135 -21.550093
v -10.225343 3.453908 -23.669104
v -10.277102 3.434132 -23.904211
v -10.712446 0.436490 -23.671608
v -10.780918 0.429195 -23.923294
v -11.133771 -2.579898 -23.490995
v -11.203034 -2.588672 -23.747643
v -11.517739 -5.532657 -23.257898
v -11.593452 -5.562557 -23.518091
v -11.740719 -8.350119 -22.563335
v -11.819332 -8.411350 -22.826174
v -8.041088 1.872423 -24.332960
v -8.083585 1.850832 -24.601011
v -8.471423 -1.202693 -24.094934
v -8.514856 -1.219239 -24.368467
v -8.903713 -4.249006 -23.953991
v -8.950921 -4.268788 -24.234154
v -9.247176 -7.166681 -23.583364
v -9.304045 -7.222092 -23.862247
v -9.419707 -9.810526 -22.638329
v -9.510239 -10.030895 -22.970215
v -5.337057 3.349623 -24.820518
v -5.350640 3.327164 -25.056505
v -5.783614 0.252987 -24.483540
v -5.801233 0.222697 -24.767672
v -6.232337 -2.879837 -24.301331
v -6.248346 -2.899808 -24.598675
v -6.640333 -5.899518 -24.179379
v -6.665921 -5.937503 -24.476404
v -6.933995 -8.745026 -23.566280
v -6.969761 -8.812622 -23.864511
v -3.088763 1.761459 -24.735691
v -3.082786 1.719769 -25.022804
v -3.559488 -1.415670 -24.367046
v -3.544866 -1.444698 -24.674360
v -3.987732 -4.546755 -24.349878
v -3.976271 -4.574541 -24.665848
v -4.346714 -7.498222 -24.122375
v -4.351363 -7.557614 -24.438839
v -4.590723 -10.121922 -23.361425
v -4.630019 -10.364151 -23.719810
v -26.234833 -9.388870 -10.009926
v -26.429836 -9.534343 -10.110197
v -23.082140 -10.468075 -14.085005
v -23.257986 -10.604411 -14.235990
v -18.930737 -11.447265 -17.381924
v -19.064014 -11.593354 -17.559978
v -14.011517 -12.139140 -19.824913
v -14.108893 -12.319381 -20.033686
v -8.613297 -12.345532 -21.400064
v -8.661384 -12.574605 -21.635656
v -3.027214 -11.904102 -22.204414
v -3.029318 -12.192269 -22.462505
v 2.352754 -10.915862 -22.426929
v 2.326591 -11.065939 -22.406338
v -27.755466 -9.619793 -5.300652
v -27.978809 -9.748652 -5.338664
v -25.375275 -11.283729 -9.880683
v -25.570475 -11.417110 -9.980533
v -21.455008 -12.931857 -13.744764
v -21.609261 -13.079156 -13.890005
v -16.415123 -14.072110 -16.777195
v -16.532446 -14.257250 -16.967117
v -10.634683 -14.419356 -18.954231
v -10.691584 -14.667526 -19.188864
v -4.480457 -13.643665 -20.247662
v -4.465457 -13.967741 -20.515993
v 1.504605 -12.008348 -20.889359
v 1.560694 -12.374850 -21.120140
v 7.027481 -10.472870 -20.998426
v 7.146076 -10.818603 -21.050909
v -26.890678 -11.561966 -5.106876
v -27.102608 -11.684786 -5.141513
v -23.615171 -13.842320 -9.358832
v -23.800806 -14.003846 -9.458775
v -18.737904 -15.671915 -12.819873
v -18.889772 -15.879638 -12.980638
v -12.886783 -16.531923 -15.562404
v -12.971902 -16.793554 -15.775790
v -6.406626 -15.808257 -17.472967
v -6.394623 -16.140282 -17.725428
v 0.071001 -13.690990 -18.693403
v 0.159385 -14.084162 -18.933672
v 6.126805 -11.282104 -19.381607
v 6.228374 -11.754477 -19.559380
v -27.338125 -10.911741 -0.144396
v -27.569931 -11.025075 -0.123180
v -25.123470 -14.184360 -4.519231
v -25.323984 -14.336585 -4.554087
v -20.781534 -16.713724 -8.286855
v -20.969553 -16.937960 -8.397541
v -15.101234 -18.416344 -11.417771
v -15.228809 -18.694815 -11.596537
v -8.563890 -18.267357 -13.923711
v -8.579199 -18.605759 -14.154904
v -1.799562 -15.960179 -15.731850
v -1.707177 -16.343449 -15.963176
v 4.657032 -12.794346 -17.033609
v 4.786978 -13.213675 -17.213808
v 10.873887 -10.474023 -18.290356
v 10.975815 -10.875680 -18.403400
v -25.823200 -13.639167 0.480036
v -26.026165 -13.763177 0.506809
v -22.271204 -17.122784 -3.408685
v -22.475456 -17.336796 -3.446384
v -17.057339 -19.650612 -6.794866
v -17.230556 -19.947441 -6.912138
v -10.706975 -20.561012 -9.717674
v -10.771749 -20.921040 -9.911951
v -3.873338 -18.684147 -12.097295
v -3.793265 -19.073629 -12.315014
v 2.768381 -14.975992 -13.961202
v 2.921896 -15.375449 -14.146276
v 9.262750 -11.345584 -15.792334
v 9.394948 -11.750811 -15.907991
v -25.760443 -12.005333 5.126711
v -25.978626 -12.135253 5.201410
v -23.136433 -16.638184 1.615618
v -23.330780 -16.811382 1.648330
v -18.478695 -20.048067 -1.896192
v -18.675787 -20.336721 -1.921368
v -12.604823 -22.028830 -5.070706
v -12.727626 -22.418478 -5.185155
v -5.946591 -21.337725 -7.910704
v -5.899233 -21.762251 -8.092662
v 0.706305 -17.714804 -10.292020
v 0.874579 -18.114298 -10.470433
v 7.266992 -13.161283 -12.637901
v 7.438555 -13.546309 -12.769303
v 13.864861 -10.370714 -14.654186
v 13.982745 -10.730145 -14.743592
v -23.447773 -15.062191 6.373526
v -23.631775 -15.197189 6.455296
v -19.337751 -19.390320 3.142861
v -19.523230 -19.638115 3.201791
v -13.954194 -22.337517 -0.181751
v -14.110872 -22.715952 -0.171374
v -7.811892 -23.090542 -3.314340
v -7.822484 -23.556091 -3.399484
v -1.323008 -20.515146 -6.189500
v -1.152832 -20.948509 -6.326958
v 5.126418 -15.608950 -8.956559
v 5.333097 -15.991565 -9.083106
v 11.753942 -11.407440 -11.465510
v 11.898407 -11.775518 -11.551876
v -23.131119 -12.644488 10.318790
v -23.328745 -12.783909 10.440462
v -19.831591 -17.689341 7.970318
v -19.999063 -17.884502 8.081588
v -14.738759 -21.279764 4.834190
v -14.884468 -21.605875 4.947349
v -9.132492 -23.273895 1.551666
v -9.180651 -23.723797 1.620195
v -3.127817 -22.486843 -1.702554
v -2.988605 -22.962461 -1.733072
v 3.043071 -18.185902 -4.903271
v 3.285318 -18.605181 -4.991287
v 9.519141 -13.327993 -7.777583
v 9.716011 -13.714475 -7.863736
v 16.094131 -10.448509 -10.381889
v 16.215679 -10.831030 -10.462411
v -19.835487 -15.250845 12.098543
v -19.995417 -15.405711 12.240098
v -15.275243 -19.195286 9.647516
v -15.405254 -19.471504 9.817477
v -9.867893 -21.698721 6.490365
v -9.921708 -22.082869 6.669528
v -4.432601 -22.551754 3.152838
v -4.334373 -23.006517 3.274850
v 1.274823 -20.054119 -0.455626
v 1.512129 -20.499170 -0.444543
v 7.358705 -15.504394 -3.749206
v 7.608591 -15.927372 -3.798079
v 13.788499 -11.522262 -6.690541
v 13.943051 -11.936072 -6.742573
v -19.551865 -12.490161 15.076151
v -19.724686 -12.649415 15.249144
v -15.408410 -16.584105 13.847883
v -15.531246 -16.815815 14.044415
v -10.436220 -19.225004 11.226938
v -10.487643 -19.557201 11.456702
v -5.152262 -20.609276 7.966413
v -5.087969 -21.005274 8.188384
v 0.056254 -20.158705 4.415919
v 0.254416 -20.578262 4.553228
v 5.583557 -17.134468 0.697665
v 5.846191 -17.563808 0.735083
v 11.531295 -13.178739 -2.676898
v 11.750835 -13.636706 -2.693273
v 17.633770 -10.660868 -5.843485
v 17.745901 -11.100954 -5.893650
v -15.396965 -13.941133 17.094732
v -15.531161 -14.137962 17.304623
v -10.612050 -16.418524 15.400519
v -10.664753 -16.711992 15.646434
v -5.725769 -18.009602 12.608290
v -5.684467 -18.365791 12.865300
v -0.594778 -18.402689 9.227612
v -0.446604 -18.787018 9.445617
v 4.430427 -17.271608 5.562420
v 4.670950 -17.668625 5.698501
v 9.744051 -14.562003 1.749846
v 9.999039 -15.002136 1.818144
v 15.232742 -11.488369 -1.853703
v 15.380075 -11.985570 -1.850579
v -15.436760 -11.523416 19.151768
v -15.587945 -11.712699 19.372261
v -10.691138 -13.879656 18.787069
v -10.763273 -14.149982 19.042068
v -5.884109 -15.239729 16.731138
v -5.859671 -15.567071 16.987413
v -1.144487 -16.057852 13.808717
v -1.037888 -16.422419 14.057181
v 3.854668 -15.859402 10.363993
v 4.030592 -16.243952 10.570508
v 8.570765 -14.663937 6.550682
v 8.832680 -15.069077 6.703040
v 13.383242 -12.568267 2.532730
v 13.627352 -13.051752 2.634584
v 18.188156 -10.694584 -1.139274
v 18.229191 -11.245263 -1.140546
v -10.928932 -11.836346 21.207607
v -11.035157 -12.075767 21.469721
v -5.961803 -12.903883 20.155773
v -5.959658 -13.226526 20.406792
v -1.260773 -13.617203 17.873615
v -1.185822 -13.961802 18.118534
v 3.300643 -13.957206 14.872259
v 3.426786 -14.331321 15.107379
v 8.054939 -13.652852 11.306037
v 8.222425 -14.057938 11.514177
v 11.944313 -12.270453 7.191751
v 12.197818 -12.666955 7.344428
v 15.871018 -10.664681 3.152021
v 16.033096 -11.162529 3.258924
v -11.260539 -10.287859 22.530470
v -11.380576 -10.478897 22.785172
v -6.246055 -11.267078 22.762573
v -6.276337 -11.603492 23.020252
v -1.323491 -11.663225 21.265484
v -1.278709 -12.009886 21.503893
v 3.183215 -12.017631 18.860859
v 3.271648 -12.372285 19.092539
v 7.455266 -12.260091 15.713670
v 7.566309 -12.654075 15.945814
v 11.712083 -12.082364 11.933360
v 11.851406 -12.517403 12.123857
v 14.319240 -10.275713 7.763676
v 14.460403 -10.601019 7.882601
v 17.910265 -10.250760 3.515868
v 17.853846 -10.390400 3.489816
v -6.710694 -10.298597 24.429815
v -6.764089 -10.612125 24.689701
v -1.631580 -10.429913 23.851700
v -1.611487 -10.825889 24.108580
v 3.086596 -10.603848 22.191448
v 3.144574 -10.961772 22.421194
v 7.263711 -10.857196 19.584192
v 7.346763 -11.235297 19.819542
v 11.058382 -11.276965 16.221622
v 11.144309 -11.712185 16.448484
v 14.556374 -11.128667 12.343314
v 14.592540 -11.463943 12.438093
v 16.331390 -10.528148 8.108951
v 16.266220 -10.635440 8.115610
v -26.087427 -13.568062 0.145925
v -27.340828 -11.307931 -0.386110
v -26.948910 -11.861135 -4.796379
v -25.468977 -14.034019 -4.260821
v 2.819607 -9.512435 -23.420889
v 4.187485 -10.427291 -22.933893
v 2.729051 -10.740043 -23.146961
v 1.309425 -10.302089 -23.564262
v -20.929556 -16.609972 -8.708695
v -23.430325 -14.096995 -9.649381
v -21.533121 -13.302507 -13.504247
v -19.134249 -15.700596 -12.688555
v 7.378380 -9.503783 -21.756264
v 8.699106 -10.256769 -20.998634
v 7.408869 -10.328755 -21.668188
v 6.006723 -10.279213 -22.379297
v -18.689451 -20.064051 -2.273386
v -22.099588 -17.409927 -3.671481
v -20.797571 -17.025019 -7.985227
v -17.433229 -19.687906 -6.626233
v 11.734492 -9.682693 -19.497835
v 13.035982 -10.713254 -19.087883
v 11.857585 -10.458632 -19.978161
v 10.437922 -10.427151 -20.278437
v -14.997712 -21.442411 4.570946
v -19.136318 -19.724192 2.950809
v -18.428272 -20.281021 -1.562530
v -14.312468 -22.355820 0.041819
v 14.907519 -9.963008 -16.521225
v 16.113312 -10.991842 -15.851370
v 15.509998 -10.441181 -17.117594
v 14.232724 -10.783826 -17.869734
v -10.665368 -19.520737 11.069805
v -15.015855 -19.522532 9.557337
v -14.599710 -21.385529 5.193390
v -10.206954 -21.723215 6.741448
v 17.429956 -10.115067 -13.069757
v 18.416073 -11.196828 -12.150440
v 18.129498 -10.570870 -13.492692
v 17.042698 -11.014132 -14.449226
v -6.096950 -15.589074 16.620089
v -10.307796 -16.697006 15.373427
v -10.239492 -19.208050 11.596174
v -6.020525 -18.083324 12.883119
v 19.087753 -10.319972 -9.194093
v 20.012791 -11.380913 -8.193332
v 20.168221 -10.873000 -9.624463
v 19.034874 -11.250213 -10.602102
v -1.545989 -12.010803 21.156506
v -5.633480 -13.150950 20.135305
v -5.644578 -15.182246 17.093893
v -1.549860 -13.742939 18.139235
v 20.232725 -10.619776 -5.059485
v 20.788702 -11.591921 -3.761477
v 20.459141 -10.964258 -5.080983
v 20.319187 -11.450243 -6.498084
v 2.483167 -10.110195 24.575336
v -1.297271 -10.689786 23.841213
v -1.065242 -11.647609 21.615498
v 2.769193 -10.742553 22.453154
v 20.716248 -10.581211 -0.618357
v 20.085287 -11.440973 0.722215
v 20.015087 -10.975056 -0.719064
v 20.667959 -11.578394 -1.979896
v 19.652443 -10.824983 4.042713
v 18.272047 -10.947740 5.032048
v 18.554207 -10.918219 3.529956
v 19.518776 -11.458043 2.483165
v 18.255018 -10.616754 8.315686
v 17.312790 -11.524454 9.407558
v 16.699804 -11.619457 7.961308
v 17.531490 -10.967260 6.796486
v 16.812418 -10.680747 12.671577
v 16.115810 -11.292719 14.102921
v 16.331232 -11.396832 12.597716
v 17.052120 -11.627187 11.305580
v 14.129883 -10.236522 16.611538
v 13.263700 -10.929846 17.883030
v 13.759663 -10.992061 16.434877
v 14.981193 -11.291016 15.582544
v 10.777365 -9.842036 19.845146
v 9.758916 -10.523673 21.007084
v 10.656645 -10.439662 19.790442
v 11.952830 -10.848509 19.138783
v 6.947946 -9.511081 22.277664
v 5.713511 -10.124968 23.262760
v 7.259686 -10.198135 23.114811
v 8.243663 -10.577109 21.981344
v 2.679961 -9.104737 24.037342
v 1.234965 -9.679847 24.736895
v 2.701425 -9.962239 24.605497
v 4.041389 -10.142604 23.998987
v -2.096945 -8.921383 24.926805
v -3.635206 -9.564727 25.332392
v -2.154476 -9.865191 25.292927
v -0.641578 -9.797652 25.115385
v -6.823078 -8.502244 24.856787
v -8.334137 -9.284510 24.538349
v -7.060896 -10.003573 25.022331
v -5.561290 -9.610349 25.214975
v -7.271848 -10.144913 25.006882
v -11.247063 -9.801374 23.134703
v -11.132050 -10.190841 22.909235
v -7.097018 -10.320705 24.638557
v -11.564487 -8.371484 23.231569
v -12.865231 -9.116100 22.387716
v -11.651668 -9.383943 23.337931
v -10.166965 -9.201547 23.834894
v -11.529149 -10.571100 22.415552
v -15.341863 -10.077890 20.203617
v -15.342215 -11.441272 19.545618
v -11.315195 -11.733550 21.413166
v -15.889588 -8.442646 20.555206
v -16.836731 -9.263032 19.371555
v -15.517450 -9.644417 20.110008
v -14.506709 -9.236197 21.224581
v -15.745215 -11.762005 19.008371
v -19.147865 -10.377386 16.828047
v -19.453241 -12.455411 15.480799
v -15.756212 -13.744115 17.307728
v -19.722221 -8.444643 17.311686
v -20.479464 -9.308275 16.010141
v -19.248665 -9.873812 16.805830
v -18.412628 -9.342670 18.021845
v -19.889420 -12.652250 14.881082
v -22.480534 -10.392455 13.031796
v -23.055773 -12.703152 10.731863
v -20.151062 -14.981862 12.332229
v -23.029688 -8.296803 13.587459
v -23.576553 -9.154103 12.171951
v -22.505672 -9.857914 13.092257
v -21.878681 -9.306119 14.427415
v -23.461906 -12.707571 10.059586
v -25.118633 -10.124757 8.794475
v -25.725403 -12.163065 5.523031
v -23.736645 -14.784369 6.634496
v -25.657543 -8.010754 9.361463
v -25.980293 -8.844467 7.863205
v -25.096325 -9.598813 8.932539
v -24.696234 -9.072048 10.363722
v -26.062504 -11.969113 4.829476
v -26.989107 -9.717175 4.218127
v -27.355808 -11.154847 0.206853
v -26.109291 -13.393600 0.757120
v -27.510727 -7.663409 4.715467
v -27.606846 -8.486019 3.181427
v -26.947311 -9.220705 4.409921
v -26.772499 -8.719982 5.892384
v -27.596001 -10.791581 -0.457507
v -28.014193 -9.332689 -0.625364
v -27.818510 -9.946214 -5.026817
v -27.207266 -11.366241 -4.845753
v -28.474991 -7.343062 -0.236521
v -28.377174 -8.160619 -1.769147
v -28.332041 -8.830368 -0.347338
v -28.060991 -8.347738 1.124791
v -27.951998 -9.426804 -5.609828
v -28.029215 -8.948086 -5.588145
v -26.701488 -8.772967 -9.783616
v -26.595713 -9.226521 -9.801613
v -28.301126 -7.066270 -5.284257
v -27.908945 -7.936784 -6.752005
v -28.043575 -8.529057 -5.305037
v -28.327562 -8.041103 -3.852331
v -26.806068 -7.033043 -10.156500
v -26.025063 -7.975170 -11.380895
v -26.589689 -8.531590 -10.050848
v -27.223425 -7.900280 -8.718387
v -6.933046 -10.631686 24.320322
v -10.998929 -10.626077 22.608892
v -10.783216 -11.778336 21.592031
v -6.609704 -11.312714 23.011103
v -24.143461 -7.268159 -14.455544
v -23.038954 -8.275521 -15.328281
v -23.822529 -8.654386 -14.041028
v -24.898418 -8.024739 -13.099444
v -11.204454 -12.127639 21.100414
v -15.227221 -11.917804 19.198383
v -15.249380 -13.911898 17.482092
v -11.059494 -13.818442 19.037199
v -20.595358 -7.686529 -18.017538
v -19.335543 -8.750050 -18.547066
v -20.349533 -9.099055 -17.423210
v -21.586819 -8.383322 -16.788359
v -15.713484 -14.172858 16.953506
v -19.417130 -12.938724 15.069913
v -19.719807 -15.282882 12.499855
v -15.768747 -16.429438 14.103575
v -16.419249 -8.208637 -20.725740
v -15.076308 -9.284317 -20.932062
v -16.275694 -9.633380 -20.007622
v -17.615587 -8.889992 -19.683903
v -20.162468 -15.397361 11.879179
v -23.075678 -13.114617 10.234276
v -23.392626 -15.187964 6.776949
v -20.180367 -17.485584 8.234071
v -11.826462 -8.711879 -22.558432
v -10.448167 -9.759673 -22.510050
v -11.778754 -10.117122 -21.793753
v -13.170873 -9.406586 -21.729378
v -23.751593 -15.097082 6.078226
v -25.751579 -12.451616 4.956598
v -25.824226 -13.854382 0.853743
v -23.479467 -16.447298 1.883734
v -7.010566 -9.104238 -23.595558
v -5.615762 -10.101804 -23.380033
v -7.026744 -10.462317 -22.855320
v -8.445587 -9.831239 -22.983379
v -2.623033 -10.863338 -23.300648
v -3.138407 -11.801906 -22.603483
v -5.906633 -10.593324 -23.080343
v -4.616524 -10.241590 -23.282679
v -6.127638 -5.867559 -24.378014
v -4.082879 -4.888029 -24.468174
v -2.225789 -6.243334 -24.405796
v -4.269662 -7.199562 -24.332884
v -1.795131 -6.508397 -24.316551
v 0.068267 -7.787103 -24.088291
v -1.956177 -8.730991 -24.059511
v -3.818535 -7.478209 -24.302162
v -5.729701 -2.812449 -24.469452
v -3.678257 -1.754253 -24.474522
v -1.832603 -3.196609 -24.383547
v -3.880090 -4.231763 -24.517395
v -1.444868 -3.434467 -24.303518
v 0.396809 -4.834860 -24.108810
v -1.618659 -5.862175 -24.378946
v -3.469342 -4.486399 -24.488623
v -5.296153 0.349118 -24.639763
v -3.234765 1.427385 -24.794756
v -1.379530 -0.008430 -24.430548
v -3.431327 -1.102487 -24.524544
v -1.028109 -0.204566 -24.343786
v 0.772212 -1.681715 -23.961018
v -1.229581 -2.786897 -24.318361
v -3.057311 -1.320681 -24.487453
v -0.538165 2.967120 -24.947056
v 1.270473 1.576550 -24.269228
v -0.763239 0.437696 -24.410187
v -2.600879 1.877417 -24.851274
v -8.743733 -7.168621 -23.834877
v -6.739027 -6.249162 -24.262968
v -4.884143 -7.569098 -24.260195
v -6.882936 -8.451201 -23.792818
v -8.409611 -4.207891 -24.177189
v -6.352683 -3.221372 -24.404449
v -4.499146 -4.621869 -24.512486
v -6.561476 -5.584007 -24.365408
v -7.986976 -1.132500 -24.296751
v -5.927635 -0.085676 -24.550823
v -4.053857 -1.524674 -24.521177
v -6.123875 -2.559487 -24.461302
v -7.567757 1.973449 -24.524498
v -5.501995 3.019313 -24.850863
v -3.576344 1.617857 -24.840080
v -5.654517 0.566261 -24.642458
v -7.593825 -10.730476 -22.750528
v -8.671768 -12.161319 -21.790552
v -11.035585 -10.339375 -22.061325
v -9.439910 -9.933255 -22.543333
v -11.244122 -8.373890 -22.849649
v -9.341791 -7.522137 -23.620300
v -7.493766 -8.800593 -23.627510
v -9.390305 -9.617166 -22.828440
v -11.040082 -5.517443 -23.538082
v -9.022165 -4.597266 -24.037806
v -7.181172 -5.964399 -24.273016
v -9.202053 -6.858046 -23.795197
v -10.661876 -2.530692 -23.744110
v -8.613105 -1.545274 -24.168440
v -6.752964 -2.958233 -24.407429
v -8.823821 -3.921061 -24.119289
v -10.249841 0.514545 -23.911335
v -8.203806 1.538423 -24.383921
v -6.290831 0.139768 -24.562233
v -8.363567 -0.878356 -24.251799
v -2.083241 -9.373359 -23.926733
v -0.666611 -10.327893 -23.695349
v -2.170727 -10.715205 -23.757765
v -3.604603 -10.102745 -23.623730
v -13.551548 -6.744728 -22.505392
v -11.627944 -5.889297 -23.306795
v -9.806559 -7.226295 -23.604784
v -11.722698 -8.045546 -22.787996
v -13.273214 -3.847863 -22.911428
v -11.268805 -2.929081 -23.559710
v -9.444496 -4.311164 -23.997723
v -11.472770 -5.203134 -23.437716
v -12.890429 -0.875855 -23.086323
v -10.872930 0.097296 -23.724401
v -8.996885 -1.286008 -24.133102
v -11.055052 -2.242350 -23.643494
v -12.439159 2.115487 -23.118418
v -10.404342 3.120953 -23.704788
v -8.551865 1.763102 -24.348238
v -10.605644 0.767993 -23.818275
v -12.460224 -10.361854 -21.586718
v -14.055455 -11.911932 -20.201622
v -15.754373 -9.909212 -20.312370
v -14.095889 -9.481636 -21.138145
v -15.887806 -7.882524 -21.106792
v -14.110132 -7.085920 -22.186003
v -12.306672 -8.386272 -22.516979
v -14.078378 -9.152260 -21.425531
v -15.765697 -5.084917 -21.754459
v -13.850302 -4.235037 -22.654831
v -12.070352 -5.583821 -23.233145
v -14.001761 -6.405069 -22.378368
v -15.445065 -2.199466 -22.008888
v -13.484592 -1.286235 -22.849382
v -11.670575 -2.645391 -23.473991
v -13.678470 -3.533262 -22.757950
v -15.036366 0.726756 -22.093513
v -13.055282 1.686315 -22.896852
v -11.234231 0.348381 -23.642118
v -13.256493 -0.591978 -22.937902
v -18.077177 -6.244985 -20.265585
v -16.302832 -5.452251 -21.416365
v -14.567026 -6.769715 -22.086031
v -16.345184 -7.529767 -20.949921
v -17.868540 -3.448699 -20.649895
v -16.002264 -2.604104 -21.712019
v -14.264537 -3.931917 -22.524624
v -16.178474 -4.745435 -21.558901
v -17.516035 -0.605129 -20.797564
v -15.616623 0.302927 -21.818167
v -13.860666 -1.008904 -22.715300
v -15.817526 -1.889911 -21.805658
v -16.940578 2.273098 -20.637522
v -14.979298 3.223012 -21.525055
v -13.388582 1.934847 -22.755434
v -15.361504 0.998007 -21.885818
v -17.089703 -9.828029 -19.619165
v -18.977560 -11.200155 -17.744070
v -19.988184 -9.423878 -17.759859
v -18.421755 -8.964479 -18.942101
v -20.141865 -7.359077 -18.473976
v -18.568913 -6.586023 -19.854622
v -16.877121 -7.874161 -20.585802
v -18.451838 -8.617771 -19.210701
v -20.107664 -4.630603 -19.006174
v -18.381990 -3.842039 -20.286528
v -16.727020 -5.130693 -21.250864
v -18.492781 -5.887117 -20.036474
v -19.835541 -1.872393 -19.226906
v -18.050695 -1.023679 -20.463518
v -16.387028 -2.303538 -21.528402
v -18.239225 -3.118396 -20.397097
v -19.360508 0.935649 -19.200165
v -17.513472 1.843359 -20.341654
v -15.956972 0.576530 -21.624298
v -17.843309 -0.304148 -20.537834
v -22.099751 -5.772061 -17.095827
v -20.566994 -5.005602 -18.576027
v -18.995649 -6.259513 -19.653164
v -20.552706 -6.991948 -18.207808
v -21.951805 -3.078329 -17.394156
v -20.318882 -2.284074 -18.833284
v -18.766523 -3.524782 -20.059092
v -20.470837 -4.280619 -18.710045
v -21.582939 -0.354144 -17.471529
v -19.882229 0.507813 -18.846777
v -18.395895 -0.725523 -20.222658
v -20.156986 -1.550196 -18.920486
v -20.841499 2.409627 -17.210089
v -19.027044 3.317475 -18.417601
v -17.806042 2.114692 -20.084265
v -19.626194 1.218619 -18.880234
v -21.351707 -9.204546 -16.687185
v -23.158474 -10.223601 -14.432834
v -23.592953 -9.007993 -14.408121
v -22.228634 -8.493196 -15.913408
v -23.788563 -6.924828 -14.967757
v -22.499882 -6.126996 -16.611004
v -21.007626 -7.352757 -17.764128
v -22.309706 -8.119164 -16.135868
v -23.813667 -4.248427 -15.328849
v -22.377005 -3.477840 -16.944445
v -20.948164 -4.676790 -18.307915
v -22.453037 -5.409345 -16.761700
v -23.567036 -1.589547 -15.474570
v -22.043819 -0.780134 -17.056616
v -20.659744 -1.969122 -18.548573
v -22.259552 -2.736669 -17.043043
v -22.982897 1.104663 -15.376010
v -21.354021 1.983973 -16.844913
v -20.170527 0.799847 -18.542652
v -21.838223 -0.046342 -17.109037
v -25.374243 -5.427767 -13.078385
v -24.172062 -4.633999 -14.830767
v -22.871937 -5.797026 -16.300896
v -24.125540 -6.554513 -14.591217
v -25.266939 -2.799510 -13.253980
v -23.959522 -2.011899 -15.005357
v -22.706120 -3.150793 -16.616585
v -24.103870 -3.892956 -14.937185
v -24.851137 -0.160614 -13.266373
v -23.431793 0.677147 -14.953694
v -22.325544 -0.469750 -16.714954
v -23.806086 -1.263010 -15.074803
v -23.954630 2.504447 -13.010715
v -22.366066 3.392637 -14.527123
v -21.577080 2.267778 -16.486624
v -23.164248 1.391952 -14.967120
v -25.202194 -8.503406 -12.398834
v -26.329348 -9.167843 -10.348604
v -26.452267 -8.741369 -10.351927
v -25.348177 -8.202577 -12.131881
v -26.584587 -6.678627 -10.706408
v -25.661995 -5.797283 -12.546101
v -24.485786 -6.936780 -14.087096
v -25.464678 -7.792391 -12.282089
v -26.644434 -4.019916 -10.865342
v -25.585329 -3.213908 -12.741093
v -24.486399 -4.300831 -14.460634
v -25.642336 -5.062924 -12.645006
v -26.401848 -1.408311 -10.932029
v -25.224005 -0.589342 -12.789070
v -24.228352 -1.688288 -14.625869
v -25.486813 -2.457694 -12.818497
v -25.717575 1.218524 -10.821078
v -24.388165 2.085307 -12.580756
v -23.639585 0.978804 -14.559600
v -25.008919 0.150833 -12.822361
v -27.656797 -5.302882 -8.374464
v -26.881523 -4.425854 -10.322253
v -25.954138 -5.466070 -12.129357
v -26.820412 -6.304594 -10.222933
v -27.592930 -2.671992 -8.436009
v -26.689022 -1.835441 -10.411218
v -25.835075 -2.881412 -12.321527
v -26.838482 -3.669362 -10.392670
v -27.139568 -0.057498 -8.411588
v -26.076843 0.796420 -10.342221
v -25.415716 -0.269669 -12.361892
v -26.539255 -1.076573 -10.458837
v -26.136038 2.559414 -8.232554
v -24.855371 3.439901 -10.027488
v -24.519714 2.382904 -12.146445
v -25.795210 1.509668 -10.349139
v -26.160032 2.835186 -7.750645
v -26.098825 3.944583 -5.504753
v -23.908806 5.935642 -7.252656
v -24.906258 3.763611 -9.671876
v -28.223978 -6.656521 -5.835741
v -27.801844 -5.696573 -7.815632
v -27.051035 -6.710032 -9.677976
v -27.588644 -7.669741 -7.731894
v -28.388193 -3.994890 -5.853100
v -27.788233 -3.095070 -7.887070
v -27.105600 -4.090891 -9.859397
v -27.815744 -4.947106 -7.860547
v -28.174751 -1.358663 -5.849009
v -27.407764 -0.484397 -7.891695
v -26.862730 -1.502362 -9.951380
v -27.708599 -2.327043 -7.934516
v -27.436920 1.261920 -5.772967
v -26.471636 2.150386 -7.750803
v -26.181906 1.109115 -9.879118
v -27.186840 0.258646 -7.913659
v -28.736916 -5.400765 -3.258343
v -28.484165 -4.409935 -5.291667
v -27.992340 -5.368380 -7.303722
v -28.346300 -6.325564 -5.287524
v -28.781065 -2.716930 -3.211529
v -28.340679 -1.785098 -5.302412
v -27.938280 -2.755738 -7.391746
v -28.474295 -3.641515 -5.319618
v -28.339983 -0.062303 -3.171975
v -27.688410 0.850642 -5.256097
v -27.492619 -0.152215 -7.401630
v -28.200769 -1.019135 -5.328676
v -27.301437 2.556647 -3.103709
v -26.385227 3.463097 -5.102677
v -26.495258 2.459703 -7.268222
v -27.401838 1.562206 -5.267169
v -28.034630 -9.369289 -5.029718
v -28.215240 -8.640335 -2.465859
v -28.192497 -8.318235 -2.861166
v -28.130844 -8.907910 -4.997084
v -28.564651 -6.944409 -0.773442
v -28.724255 -5.805467 -2.702339
v -28.422197 -6.749843 -4.720561
v -28.355623 -7.878010 -2.792680
v -28.925014 -4.150127 -0.585422
v -28.838461 -3.137706 -2.656220
v -28.601542 -4.071935 -4.757131
v -28.787243 -5.048033 -2.692605
v -28.797935 -1.444332 -0.509281
v -28.487335 -0.477541 -2.632265
v -28.406078 -1.440111 -4.784629
v -28.786089 -2.361181 -2.667202
v -28.077421 1.225973 -0.482569
v -27.520634 2.172607 -2.590186
v -27.681810 1.178449 -4.751218
v -28.273087 0.269202 -2.646288
v -28.560865 -5.697070 1.911353
v -28.867693 -4.562356 -0.041286
v -28.800400 -5.482324 -2.126867
v -28.569725 -6.592174 -0.167462
v -28.779678 -2.897844 2.123407
v -28.831509 -1.858830 0.034542
v -28.878935 -2.789103 -2.108152
v -28.904314 -3.789473 -0.015968
v -28.409096 -0.162577 2.185431
v -28.204859 0.837127 0.047154
v -28.459593 -0.128377 -2.105129
v -28.711651 -1.086571 0.034603
v -27.403908 2.510455 2.147717
v -26.895624 3.469856 0.027488
v -27.431093 2.499042 -2.084538
v -27.926708 1.550410 0.035825
v -27.585070 -10.616113 0.124580
v -27.368340 -9.311565 3.312909
v -27.658598 -8.599072 2.076585
v -27.940226 -9.214855 0.011124
v -27.736298 -7.268084 4.226682
v -28.398106 -6.088412 2.429050
v -28.470778 -7.006238 0.377766
v -27.854765 -8.172760 2.185109
v -28.267752 -4.445942 4.613308
v -28.697359 -3.306561 2.651009
v -28.877213 -4.222707 0.539277
v -28.512711 -5.333841 2.513362
v -28.264210 -1.623243 4.807493
v -28.426964 -0.555914 2.714213
v -28.785038 -1.497840 0.585319
v -28.677139 -2.526372 2.686662
v -27.614433 1.128240 4.806132
v -27.497820 2.155622 2.662683
v -28.084070 1.188945 0.569498
v -28.228754 0.195404 2.716557
v -27.301916 -6.027649 6.897591
v -28.075783 -4.838557 5.109161
v -28.368858 -5.753908 3.042351
v -27.644171 -6.919253 4.846418
v -27.637161 -3.167540 7.276331
v -28.169144 -2.015800 5.315612
v -28.629379 -2.947743 3.227607
v -28.149128 -4.068947 5.202701
v -27.357306 -0.326496 7.403831
v -27.614744 0.768089 5.315631
v -28.286366 -0.183430 3.254476
v -28.068865 -1.241384 5.352502
v -26.438440 2.425895 7.293852
v -26.364172 3.455844 5.143603
v -27.293440 2.508854 3.167891
v -27.349106 1.485155 5.314308
v -26.001316 -11.685791 5.384094
v -25.523174 -9.804770 8.215096
v -26.229385 -8.960077 6.781403
v -26.848015 -9.565256 4.867995
v -25.980017 -7.622864 8.931828
v -27.025423 -6.401222 7.356174
v -27.413265 -7.321445 5.343711
v -26.410433 -8.534926 6.936683
v -26.566284 -4.749630 9.523425
v -27.435055 -3.550123 7.748471
v -27.983116 -4.483701 5.712424
v -27.157619 -5.657641 7.505125
v -26.630547 -1.859774 9.838574
v -27.253546 -0.690955 7.888979
v -28.011806 -1.636668 5.875840
v -27.431385 -2.773189 7.841416
v -26.071276 0.980122 9.855464
v -26.410042 2.098566 7.777968
v -27.380495 1.148465 5.831967
v -27.067612 0.061406 7.917938
v -25.130571 -6.351577 11.496928
v -26.273130 -5.117482 9.951959
v -26.894442 -6.061941 7.976529
v -25.788857 -7.274319 9.541491
v -25.472555 -3.434913 12.037814
v -26.426634 -2.220351 10.284056
v -27.259924 -3.170630 8.329667
v -26.345869 -4.358341 10.103740
v -25.246033 -0.536840 12.241373
v -25.955479 0.652361 10.312573
v -27.001436 -0.294453 8.418990
v -26.329571 -1.450552 10.365591
v -24.439131 2.304594 12.105808
v -24.815422 3.421544 10.027934
v -26.091410 2.485572 8.259983
v -25.697794 1.371183 10.329693
v -23.384392 -12.311713 10.548010
v -22.921848 -10.136114 12.598135
v -23.992939 -9.288764 11.148163
v -24.871820 -9.901545 9.472777
v -23.431721 -7.926607 13.221804
v -24.769592 -6.704811 11.885626
v -25.461575 -7.657897 9.975701
v -24.162321 -8.874351 11.335348
v -23.960667 -5.033376 13.951954
v -25.181438 -3.786066 12.435716
v -26.074430 -4.751073 10.547956
v -24.883358 -5.973715 12.083486
v -23.997782 -2.100700 14.374749
v -25.040398 -0.866116 12.656404
v -26.158957 -1.816351 10.828961
v -25.160339 -3.020985 12.574707
v -23.517340 0.797914 14.433921
v -24.301838 2.003317 12.530307
v -25.612125 1.059672 10.799934
v -24.853853 -0.118275 12.718545
v -22.176418 -6.612487 15.590465
v -23.597189 -5.373555 14.302937
v -24.536255 -6.354392 12.482682
v -23.140879 -7.570342 13.789803
v -22.412939 -3.690817 16.213198
v -23.713053 -2.425742 14.739375
v -24.895559 -3.389777 12.990734
v -23.632521 -4.629284 14.493401
v -22.174168 -0.757685 16.482775
v -23.305496 0.499769 14.815201
v -24.680956 -0.443195 13.152091
v -23.593784 -1.669953 14.853950
v -21.493076 2.160338 16.367094
v -22.312691 3.359162 14.467800
v -23.876524 2.409281 12.969923
v -23.045969 1.215938 14.858750
v -19.845917 -12.180593 15.274300
v -19.630068 -10.189599 16.469240
v -21.042498 -9.479006 15.083162
v -22.089476 -10.082926 13.742679
v -20.180473 -8.102019 17.011478
v -21.756187 -6.940453 15.904759
v -22.743191 -7.928126 14.154388
v -21.199087 -9.083920 15.286861
v -20.576565 -5.269115 17.771746
v -22.062807 -4.009765 16.528315
v -23.291945 -4.991532 14.859175
v -21.826647 -6.224186 16.121838
v -20.498886 -2.345980 18.214724
v -21.891354 -1.056962 16.812757
v -23.336212 -2.002930 15.238012
v -21.993683 -3.263314 16.688499
v -20.067638 0.614244 18.325241
v -21.272484 1.883726 16.706831
v -22.862288 0.924351 15.254369
v -21.689276 -0.321982 16.900740
v -18.539658 -6.773044 19.100342
v -20.171867 -5.579990 18.045443
v -21.428436 -6.570969 16.444624
v -19.803341 -7.733348 17.505215
v -18.593561 -3.927666 19.658497
v -20.158768 -2.642630 18.492826
v -21.668514 -3.595205 17.022020
v -20.142937 -4.853866 18.234709
v -18.305128 -0.970810 19.925211
v -19.788595 0.337301 18.615652
v -21.433586 -0.623475 17.247934
v -20.000128 -1.906701 18.616819
v -17.739515 2.005252 19.894747
v -18.985668 3.279261 18.302298
v -20.755512 2.306097 17.091331
v -19.515167 1.040348 18.686094
v -15.789122 -11.281704 19.324011
v -15.844872 -9.958144 19.880638
v -17.500465 -9.469707 18.556696
v -18.496059 -9.970261 17.642559
v -16.356220 -8.137111 20.299730
v -18.093302 -7.075155 19.350449
v -19.365446 -8.059927 17.804140
v -17.638180 -9.099311 18.758783
v -16.515217 -5.448646 20.878504
v -18.205477 -4.223424 19.892780
v -19.767382 -5.175602 18.523972
v -18.097017 -6.372764 19.536703
v -16.318142 -2.558520 21.203989
v -17.973839 -1.248750 20.162167
v -19.683754 -2.210451 18.913296
v -18.080772 -3.498045 20.034138
v -15.905348 0.426684 21.356306
v -17.462326 1.753799 20.135584
v -19.258089 0.769334 18.988501
v -17.740538 -0.536919 20.263159
v -14.295816 -6.834435 21.957554
v -16.089043 -5.740043 21.083780
v -17.684267 -6.681434 19.797560
v -15.899818 -7.745684 20.682493
v -14.185655 -4.099689 22.261602
v -15.944719 -2.838799 21.398159
v -17.719444 -3.797147 20.288828
v -15.997966 -5.034671 21.220766
v -13.844256 -1.160248 22.431753
v -15.587193 0.177232 21.545784
v -17.429846 -0.813935 20.513969
v -15.742291 -2.131130 21.502148
v -13.364438 1.851975 22.533257
v -14.964683 3.191491 21.372704
v -16.872961 2.182573 20.451740
v -15.288919 0.854504 21.637550
v -11.662746 -10.124534 22.676283
v -11.761789 -9.724805 22.882580
v -13.581873 -9.364881 21.658670
v -13.924931 -9.568904 21.437187
v -12.018852 -8.099698 23.027212
v -13.843749 -7.125524 22.157976
v -15.462934 -8.054024 20.943638
v -13.658086 -9.000761 21.839371
v -11.927557 -5.525579 23.181202
v -13.777731 -4.383890 22.427904
v -15.603840 -5.324136 21.446423
v -13.777918 -6.440092 22.249918
v -11.658888 -2.715864 23.259071
v -13.490759 -1.412952 22.578180
v -15.390883 -2.407233 21.710808
v -13.608699 -3.689330 22.509027
v -11.247385 0.269285 23.396109
v -13.057980 1.631863 22.670603
v -14.987815 0.610625 21.836536
v -13.221284 -0.736347 22.666681
v -9.580672 -6.819721 24.023170
v -11.492588 -5.811878 23.329689
v -13.357901 -6.729113 22.465637
v -11.479620 -7.706288 23.236523
v -9.375826 -4.176712 23.961926
v -11.275677 -2.973545 23.377588
v -13.226359 -3.961182 22.691965
v -11.361039 -5.138659 23.373514
v -9.019139 -1.297583 23.934467
v -10.913033 0.045622 23.492861
v -12.885155 -0.981163 22.821810
v -11.039547 -2.309168 23.429663
v -8.577898 1.722856 24.153893
v -10.423937 3.106217 23.553001
v -12.418170 2.066275 22.908859
v -10.596151 0.694100 23.579916
v -7.933599 2.175669 24.289726
v -5.706906 3.080869 24.744907
v -7.252656 5.935644 23.908806
v -9.852891 3.660335 23.691048
v -7.276744 -8.216374 24.750034
v -9.134094 -7.104001 24.158304
v -11.036676 -8.023776 23.459454
v -9.236975 -9.101867 24.203524
v -7.001750 -5.518209 24.551876
v -8.966948 -4.437773 24.059994
v -10.950767 -5.411387 23.541283
v -9.017220 -6.456649 24.144737
v -6.726293 -2.796330 24.360552
v -8.660205 -1.524580 24.001499
v -10.676139 -2.549417 23.555441
v -8.775764 -3.795500 24.069281
v -6.331151 0.161943 24.371567
v -8.260580 1.534281 24.202305
v -10.276804 0.490709 23.682299
v -8.383739 -0.882306 24.043451
v -4.663628 -6.965397 24.893847
v -6.575282 -5.774038 24.622368
v -8.578537 -6.739753 24.298693
v -6.700373 -7.870825 24.806459
v -4.357204 -4.187882 24.697084
v -6.344015 -3.029046 24.403572
v -8.385965 -4.036711 24.175016
v -6.417678 -5.156929 24.595528
v -4.053968 -1.367036 24.441729
v -5.993846 -0.028856 24.389603
v -8.036830 -1.085207 24.116428
v -6.119541 -2.409853 24.394402
v -3.621726 1.655533 24.672268
v -5.559514 3.034638 24.738791
v -7.602888 1.975827 24.360363
v -5.684913 0.592776 24.443306
v -6.690579 -10.091217 25.126329
v -6.546281 -10.284607 24.804588
v -4.209764 -9.958302 25.264008
v -4.588137 -9.865396 25.178343
v -2.538243 -8.669474 24.936867
v -4.232433 -7.207712 24.923756
v -6.236651 -8.166571 24.926563
v -4.533758 -9.545007 25.280296
v -2.038972 -5.683309 24.732996
v -3.956188 -4.423460 24.709547
v -5.999833 -5.413994 24.672152
v -4.082220 -6.625942 24.867880
v -1.722584 -2.804920 24.510164
v -3.698813 -1.558474 24.434441
v -5.747159 -2.615604 24.442675
v -3.776116 -3.827736 24.668716
v -1.400301 0.132795 24.295696
v -3.306479 1.494033 24.655005
v -5.363348 0.428348 24.465849
v -3.451914 -0.957198 24.423847
v 0.013538 -7.434052 24.403185
v -1.635165 -5.907252 24.702644
v -3.652820 -6.878638 24.901196
v -1.973037 -8.367675 24.808762
v 0.544607 -4.322474 24.307705
v -1.351325 -3.001863 24.476187
v -3.380829 -4.045482 24.684471
v -1.471479 -5.328485 24.643038
v 0.856658 -1.355026 24.013807
v -1.070780 -0.025491 24.250116
v -3.104602 -1.124443 24.421320
v -1.157708 -2.427848 24.419352
v 1.241200 1.684819 24.093596
v -0.587440 2.995311 24.861643
v -2.659840 1.945784 24.712633
v -0.797387 0.560872 24.253853
v -1.748386 -9.957627 25.271076
v -1.394161 -10.482320 24.193106
v 1.559782 -10.111266 24.788166
v 0.235698 -9.985128 24.775099
v 2.294017 -8.902876 24.144060
v 0.433008 -7.671739 24.324265
v -1.529393 -8.610053 24.796518
v 0.391827 -9.715359 24.896454
v 2.513906 -6.093708 23.736610
v 0.923205 -4.518676 24.235788
v -1.060151 -5.559157 24.614796
v 0.563157 -7.109959 24.244188
v 3.053531 -2.889916 23.596254
v 1.196257 -1.514603 23.940325
v -0.791238 -2.603207 24.387846
v 1.089704 -3.945201 24.159203
v 3.346311 0.180766 23.284119
v 1.554814 1.540730 24.021444
v -0.479020 0.424658 24.212248
v 1.400445 -0.957638 23.879045
v 4.688618 -7.607189 23.147844
v 2.902708 -6.296194 23.622028
v 0.976819 -7.316431 24.171858
v 2.828048 -8.563972 23.914642
v 4.938924 -4.675252 22.843319
v 3.404472 -3.062201 23.487104
v 1.475222 -4.144622 24.088303
v 3.043919 -5.734590 23.537901
v 5.438400 -1.384542 22.591686
v 3.663511 0.044832 23.178391
v 1.737574 -1.096838 23.807415
v 3.568996 -2.494824 23.396189
v 5.786590 1.822594 22.559610
v 4.241735 3.036121 23.900764
v 2.157888 1.987504 23.980564
v 3.874721 0.603289 23.136059
v 3.036251 -10.168783 24.437559
v 3.373121 -10.626908 22.510349
v 6.285244 -10.281723 22.964874
v 4.713442 -10.492571 23.468691
v 6.598017 -9.331660 22.446842
v 5.069710 -7.792078 23.002047
v 3.250296 -8.792857 23.796202
v 4.924720 -10.229336 23.564953
v 7.018999 -6.215053 22.050911
v 5.293104 -4.852579 22.695543
v 3.426342 -5.910846 23.433701
v 5.192914 -7.236949 22.891705
v 7.241242 -3.180836 21.683363
v 5.762496 -1.537778 22.447021
v 3.926236 -2.663761 23.287102
v 5.441865 -4.283723 22.596327
v 7.659906 0.229837 21.374741
v 6.104789 1.676535 22.421120
v 4.192776 0.480869 23.032146
v 5.920142 -0.971553 22.358593
v 8.715334 -7.976643 21.011660
v 7.364546 -6.375262 21.875055
v 5.581768 -7.424994 22.745182
v 7.068868 -8.991603 22.124880
v 9.222593 -4.764315 20.728531
v 7.562431 -3.346163 21.500832
v 5.794362 -4.438965 22.461010
v 7.491449 -5.825300 21.764757
v 9.357359 -1.576526 20.278324
v 7.968995 0.091008 21.198803
v 6.253584 -1.117212 22.210529
v 7.709243 -2.762278 21.393414
v 9.811029 2.025508 20.246960
v 8.671950 3.226160 21.954556
v 6.634816 2.124756 22.285669
v 8.118578 0.677100 21.142262
v 7.433623 -10.419152 22.438763
v 7.575784 -10.903161 19.884846
v 10.140266 -10.566301 20.115217
v 8.856132 -10.953689 21.384710
v 10.496501 -9.722285 20.059208
v 9.066636 -8.166142 20.789724
v 7.466787 -9.202417 21.930262
v 9.054315 -10.671281 21.435059
v 10.801114 -6.564233 19.515244
v 9.537575 -4.930836 20.513113
v 7.847537 -6.003987 21.583504
v 9.166220 -7.610620 20.664036
v 11.215103 -3.221131 19.158689
v 9.656433 -1.731752 20.064009
v 8.036524 -2.901838 21.220860
v 9.650925 -4.360194 20.406218
v 11.274402 0.210361 18.767420
v 10.123267 1.855611 20.020163
v 8.441725 0.530104 20.959707
v 9.793200 -1.126385 19.967388
v 12.292110 -8.386013 18.228123
v 11.108332 -6.750216 19.256546
v 9.518746 -7.794188 20.448240
v 10.900645 -9.387133 19.660370
v 12.710028 -5.061100 17.840729
v 11.508875 -3.392365 18.909595
v 9.983650 -4.538758 20.181849
v 11.216977 -6.182277 19.150724
v 12.927857 -1.514587 17.409786
v 11.565117 0.051892 18.518568
v 10.104165 -1.265497 19.756054
v 11.593085 -2.801175 18.806318
v 13.237144 2.159294 17.452827
v 12.541850 3.513561 19.275263
v 10.614525 2.290722 19.801491
v 11.716160 0.687110 18.453684
v 11.203679 -10.700790 19.414879
v 11.360942 -11.358129 16.519705
v 13.357725 -11.109898 16.721720
v 12.400727 -11.270999 18.423903
v 13.890426 -10.076029 16.902622
v 12.582023 -8.582155 17.932543
v 11.226027 -9.539955 19.405035
v 12.614825 -10.988682 18.458242
v 14.041060 -6.925193 16.385101
v 12.988827 -5.255682 17.551146
v 11.534550 -6.371434 18.889214
v 12.674259 -8.017207 17.812803
v 14.330029 -3.375502 16.011942
v 13.198661 -1.669345 17.136782
v 11.911650 -2.986550 18.539303
v 13.077573 -4.667025 17.449610
v 14.434036 0.381595 15.633853
v 13.500187 1.964461 17.125164
v 12.009295 0.535874 18.212730
v 13.273095 -1.071323 17.044474
v 15.347846 -8.730276 14.815933
v 14.302238 -7.146123 16.052828
v 12.976976 -8.225333 17.509054
v 14.231006 -9.765471 16.455069
v 15.573483 -5.273051 14.493517
v 14.587761 -3.562611 15.698541
v 13.375391 -4.870359 17.143131
v 14.387280 -6.556222 15.961964
v 15.644844 -1.538909 14.048019
v 14.683229 0.195797 15.302704
v 13.565220 -1.248812 16.748892
v 14.651736 -2.962796 15.591322
v 16.119766 2.441096 14.160389
v 15.853571 3.688269 16.171362
v 13.993971 2.423699 16.844927
v 14.793844 0.844540 15.272594
v 14.479351 -11.198129 15.649297
v 14.843500 -11.203568 12.632314
v 16.063663 -11.507175 12.801373
v 15.326756 -11.477128 14.702101
v 16.655720 -10.398787 13.116655
v 15.571333 -8.966640 14.442472
v 14.490863 -9.926642 16.127708
v 15.590583 -11.326437 14.818455
v 16.692648 -7.119867 12.818249
v 15.809882 -5.474903 14.140486
v 14.664742 -6.771290 15.614250
v 15.648259 -8.392222 14.369473
v 16.800730 -3.490757 12.451547
v 15.879822 -1.747485 13.696113
v 14.919235 -3.153973 15.264347
v 15.873907 -4.875793 14.045264
v 16.804577 0.507567 12.166040
v 16.289921 2.225833 13.708359
v 15.065351 0.627374 14.917329
v 15.940886 -1.120098 13.610551
v 17.722427 -8.861617 10.995479
v 16.887840 -7.322620 12.425315
v 15.894573 -8.629100 13.965014
v 16.923210 -10.129150 12.661914
v 17.830376 -5.404153 10.718890
v 17.019150 -3.716738 12.072375
v 16.115377 -5.073627 13.687616
v 16.958853 -6.739836 12.358133
v 17.707266 -1.528110 10.384807
v 16.989979 0.252930 11.730698
v 16.183132 -1.333312 13.243152
v 17.052132 -3.093993 11.979927
v 18.336121 2.599124 10.555186
v 18.531849 3.911444 12.530317
v 16.747150 2.605942 13.361766
v 17.113750 0.939908 11.719803
v 16.905483 -11.550713 10.587654
v 16.556950 -10.808238 8.326797
v 16.587481 -11.225998 8.372735
v 17.215881 -11.599360 10.370326
v 18.308802 -10.391435 8.860826
v 17.840416 -9.046920 10.569418
v 17.085625 -10.346981 12.198519
v 17.485769 -11.682642 10.470558
v 18.658453 -7.236172 8.804478
v 18.019817 -5.638309 10.307751
v 17.162373 -6.950307 11.956252
v 17.944368 -8.526013 10.528214
v 18.646635 -3.519580 8.591783
v 17.895176 -1.787326 9.954601
v 17.271994 -3.314059 11.586889
v 18.047710 -5.029269 10.239860
v 18.531099 0.623456 8.431010
v 18.414314 2.358067 10.051963
v 17.326019 0.672032 11.289310
v 17.932186 -1.123124 9.895092
v 19.342093 -8.890368 6.683084
v 18.808268 -7.473701 8.360267
v 18.066984 -8.726401 10.081225
v 18.544806 -10.097999 8.390611
v 19.412367 -5.441680 6.649745
v 18.820211 -3.786268 8.143194
v 18.238106 -5.255105 9.816747
v 18.835938 -6.894764 8.332613
v 19.145332 -1.465509 6.499213
v 18.650291 0.325048 7.938639
v 18.122383 -1.379554 9.458659
v 18.821474 -3.142137 8.095972
v 19.881620 2.730592 6.695872
v 20.506704 4.024275 8.595938
v 18.810266 2.716133 9.624048
v 18.788120 1.031100 7.949283
v 20.232895 3.121388 6.226043
v 21.909431 4.402561 4.883008
v 23.908806 5.935644 7.252657
v 20.960438 4.395298 8.267832
v 19.631828 -10.456590 4.543863
v 19.458794 -9.060837 6.256225
v 18.547506 -10.226988 7.895432
v 17.878145 -10.851670 5.866055
v 19.900063 -7.241978 4.519201
v 19.549124 -5.713652 6.176291
v 18.993153 -7.130045 7.875028
v 19.497734 -8.656175 6.261694
v 19.840996 -3.470636 4.534897
v 19.278177 -1.761040 6.009469
v 18.985214 -3.400822 7.636168
v 19.550175 -5.095602 6.167091
v 19.634436 0.755306 4.544270
v 19.859797 2.479985 6.166706
v 18.923180 0.731557 7.455389
v 19.297798 -1.079741 6.001708
v 20.159563 -8.972031 2.317906
v 19.989775 -7.515504 4.034802
v 19.615913 -8.866955 5.801262
v 19.922800 -10.284171 4.111019
v 20.304977 -5.362069 2.411107
v 19.949476 -3.766906 4.035012
v 19.679167 -5.360403 5.677980
v 20.011421 -6.941166 4.055987
v 19.979940 -1.349818 2.516564
v 19.647888 0.440886 4.010306
v 19.424797 -1.367329 5.501574
v 19.939566 -3.119695 4.049850
v 20.704016 2.854051 2.637748
v 21.709629 4.114731 4.391979
v 20.190369 2.824417 5.684566
v 19.795130 1.149778 4.034885
v 18.461300 -10.902541 3.232087
v 18.208570 -10.523250 3.339646
v 19.518457 -11.326727 1.196225
v 19.604309 -11.558307 1.529238
v 20.652008 -10.328712 -0.095630
v 20.232683 -9.248798 1.800044
v 20.022326 -10.542155 3.588541
v 19.851515 -11.507154 1.606377
v 20.419693 -7.178595 0.191452
v 20.367374 -5.671869 1.900602
v 20.104593 -7.223634 3.547587
v 20.287138 -8.718911 1.855071
v 20.400885 -3.318266 0.415599
v 20.024736 -1.653121 1.995394
v 20.032026 -3.407329 3.527007
v 20.368189 -5.062192 1.948729
v 20.109650 0.860385 0.546540
v 20.547451 2.621772 2.098934
v 19.860212 0.830873 3.506921
v 20.046562 -0.981241 2.022458
v 20.283436 -8.788917 -2.169890
v 20.430841 -7.481749 -0.341367
v 20.363392 -8.975339 1.350085
v 20.738100 -10.204417 -0.490693
v 20.556881 -5.191813 -1.789721
v 20.429495 -3.624619 -0.106506
v 20.418964 -5.359722 1.409317
v 20.463251 -6.913004 -0.274399
v 20.163734 -1.210479 -1.553883
v 20.032059 0.534079 0.006959
v 20.089071 -1.283881 1.488859
v 20.421837 -2.996627 -0.057224
v 20.777691 2.949903 -1.507525
v 22.105789 4.183808 0.036881
v 20.806976 2.925315 1.584602
v 20.183380 1.239436 0.037679
v 19.882383 -11.139796 -1.060384
v 18.521872 -10.973809 -1.289456
v 20.400013 -11.286069 -4.131813
v 20.462032 -11.888640 -2.913994
v 20.252375 -10.351883 -4.516708
v 20.257633 -9.059665 -2.708923
v 20.778099 -10.429191 -1.031212
v 20.704258 -11.698814 -2.827191
v 20.336433 -6.840289 -4.141272
v 20.537003 -5.496494 -2.316201
v 20.471392 -7.199565 -0.801204
v 20.292873 -8.529170 -2.629658
v 20.302460 -3.149984 -3.739518
v 20.140005 -1.532343 -2.076184
v 20.429075 -3.303669 -0.595180
v 20.542917 -4.912432 -2.255188
v 19.904024 0.942048 -3.503446
v 20.535931 2.690269 -2.019956
v 20.133429 0.901744 -0.512343
v 20.158842 -0.885914 -2.032674
v 19.670269 -8.526938 -6.337425
v 20.257074 -7.148586 -4.656669
v 20.272635 -8.843671 -3.159942
v 20.206802 -10.207443 -4.944400
v 20.107685 -4.887682 -6.069615
v 20.245592 -3.473435 -4.259921
v 20.506922 -5.218900 -2.777473
v 20.291246 -6.621600 -4.580732
v 19.724344 -1.108455 -5.642749
v 19.750546 0.582816 -4.023007
v 20.118168 -1.214595 -2.563733
v 20.233206 -2.874273 -4.201269
v 20.122906 2.990682 -5.619366
v 21.684196 4.217215 -4.318141
v 20.688845 2.967710 -2.559173
v 19.887411 1.272626 -4.010200
v 20.308271 -11.085043 -5.477889
v 18.068853 -10.841122 -5.921370
v 19.742725 -11.050592 -8.868340
v 19.902611 -11.811978 -7.331999
v 19.167753 -10.141496 -8.613050
v 19.540537 -8.815631 -6.873265
v 20.158724 -10.426146 -5.461209
v 20.151274 -11.621881 -7.307461
v 19.458534 -6.609545 -8.290976
v 19.998117 -5.218896 -6.571153
v 20.205236 -6.943435 -5.085438
v 19.563963 -8.297281 -6.782218
v 19.462517 -2.935074 -7.933119
v 19.610073 -1.452911 -6.151817
v 20.161158 -3.198429 -4.713619
v 20.010168 -4.667515 -6.496725
v 19.069639 0.959260 -7.515996
v 19.811190 2.686461 -6.083624
v 19.759365 0.905401 -4.532701
v 19.617472 -0.844045 -6.093328
v 18.425228 -8.231017 -10.395334
v 19.292446 -6.920818 -8.792235
v 19.448536 -8.608889 -7.296162
v 19.002747 -9.939526 -9.051803
v 18.818373 -4.702475 -10.166302
v 19.321053 -3.289990 -8.421832
v 19.890896 -5.009127 -6.991182
v 19.326820 -6.406429 -8.720849
v 18.545303 -0.994550 -9.698108
v 18.859776 0.576151 -7.997529
v 19.496525 -1.186869 -6.593126
v 19.321321 -2.726487 -8.333730
v 18.789293 2.887599 -9.659933
v 20.471502 4.137971 -8.572915
v 19.843725 2.938607 -6.618848
v 18.955292 1.227951 -7.989416
v 19.405327 -10.900859 -9.824811
v 16.520458 -10.590427 -10.526400
v 18.130505 -10.855779 -13.050825
v 18.433928 -11.658407 -11.313295
v 17.612370 -9.930360 -12.523100
v 18.211174 -8.556803 -10.880313
v 18.875114 -10.223611 -9.544536
v 18.706553 -11.455256 -11.364902
v 17.778173 -6.391289 -12.273381
v 18.621042 -5.057277 -10.631810
v 19.158941 -6.747467 -9.184543
v 18.230719 -8.044047 -10.790490
v 17.836931 -2.812654 -11.896695
v 18.355434 -1.354920 -10.165501
v 19.169252 -3.080446 -8.824331
v 18.645622 -4.519364 -10.558523
v 17.499670 0.888662 -11.501655
v 18.398710 2.525955 -10.072302
v 18.750326 0.842559 -8.452535
v 18.368851 -0.787698 -10.091088
v 16.395409 -8.084607 -14.107150
v 17.523443 -6.715719 -12.726594
v 18.030430 -8.369777 -11.265550
v 17.374378 -9.724360 -12.932776
v 16.774345 -4.527863 -13.999192
v 17.615835 -3.170816 -12.342652
v 18.445229 -4.871227 -11.012816
v 17.565496 -6.208054 -12.654590
v 16.514612 -1.050198 -13.568590
v 17.210566 0.461954 -11.937112
v 18.180195 -1.156303 -10.543599
v 17.631775 -2.631781 -12.261604
v 16.740692 2.709068 -13.516749
v 18.517454 3.942194 -12.601879
v 18.325142 2.735534 -10.560024
v 17.308630 1.085768 -11.894770
v 17.545446 -10.845599 -13.876017
v 14.293096 -10.483600 -14.806231
v 15.535872 -10.693719 -16.755083
v 16.338366 -11.398662 -15.019307
v 15.186284 -9.775011 -16.036486
v 16.083733 -8.393740 -14.547652
v 17.156061 -9.979672 -13.391694
v 16.600195 -11.210739 -15.138080
v 15.390044 -6.243580 -15.856874
v 16.501347 -4.875198 -14.415916
v 17.315172 -6.550219 -13.079901
v 16.122149 -7.877924 -14.471495
v 15.312768 -2.844699 -15.603735
v 16.238766 -1.457520 -13.996397
v 17.412209 -2.995888 -12.694449
v 16.535864 -4.356165 -14.348342
v 15.129340 0.722458 -15.166038
v 16.298841 2.273039 -13.862296
v 17.027012 0.646980 -12.310071
v 16.290266 -0.889590 -13.904743
v 13.738919 -7.907636 -17.467247
v 15.055011 -6.547044 -16.258278
v 15.834609 -8.184225 -14.898450
v 14.849361 -9.536251 -16.398979
v 13.818971 -4.586587 -17.437181
v 15.005923 -3.250092 -15.994249
v 16.271027 -4.722777 -14.740550
v 15.099832 -6.038105 -16.209681
v 13.674961 -1.175195 -17.016262
v 14.755414 0.264618 -15.542618
v 16.016769 -1.295360 -14.322011
v 15.058503 -2.699037 -15.909709
v 14.006830 2.458611 -17.023817
v 15.867362 3.679237 -16.303837
v 16.114021 2.469841 -14.268524
v 14.881440 0.886725 -15.484904
v 14.571687 -10.793872 -17.576029
v 11.278687 -10.610921 -18.486155
v 11.950827 -10.668338 -19.737314
v 13.443235 -11.152866 -18.301338
v 12.120494 -9.488873 -19.154268
v 13.350559 -8.196043 -17.828737
v 14.552349 -9.785881 -16.807636
v 13.648802 -10.922488 -18.469046
v 12.071670 -6.296961 -19.011684
v 13.463426 -4.979304 -17.783686
v 14.790586 -6.389470 -16.562654
v 13.382990 -7.681179 -17.784634
v 12.039726 -2.982749 -18.754766
v 13.307891 -1.618173 -17.386957
v 14.751264 -3.095397 -16.300953
v 13.524494 -4.434921 -17.725748
v 12.057673 0.548252 -18.402308
v 13.519491 1.989362 -17.293446
v 14.522620 0.406803 -15.845372
v 13.407887 -1.033225 -17.298237
v 10.132797 -7.930357 -20.376694
v 11.659696 -6.654393 -19.324066
v 13.032948 -7.988141 -18.114754
v 11.700799 -9.227335 -19.432833
v 10.168175 -4.724176 -20.257578
v 11.639205 -3.413119 -19.087534
v 13.170020 -4.818820 -18.071598
v 11.722642 -6.110480 -19.287640
v 10.200489 -1.318463 -19.921253
v 11.607796 0.067448 -18.698893
v 13.049018 -1.474739 -17.661720
v 11.736933 -2.829715 -19.012012
v 10.623760 2.205446 -20.063694
v 12.564215 3.388614 -19.530802
v 13.257597 2.169886 -17.606606
v 11.777113 0.689787 -18.653053
v 9.919165 -10.599587 -20.367472
v 7.481493 -10.630010 -21.174648
v 7.582626 -10.436244 -21.536674
v 9.455871 -10.451636 -20.451815
v 7.877873 -9.203856 -21.555191
v 9.667932 -8.243678 -20.642550
v 11.327925 -9.424432 -19.722408
v 9.530079 -10.341057 -20.632938
v 8.095181 -6.380544 -21.519577
v 9.724510 -5.135393 -20.542147
v 11.325314 -6.466217 -19.585342
v 9.723367 -7.692125 -20.622345
v 8.194586 -3.095058 -21.302010
v 9.747117 -1.777885 -20.215614
v 11.340220 -3.249634 -19.347099
v 9.818209 -4.543768 -20.493141
v 8.376271 0.374896 -21.080530
v 10.089587 1.719810 -20.253019
v 11.341108 0.191292 -18.941710
v 9.893143 -1.172367 -20.149881
v 5.802007 -7.828889 -22.586430
v 7.600123 -6.760421 -21.758766
v 9.284189 -7.994948 -20.874823
v 7.501656 -9.043933 -21.749226
v 6.000206 -4.771519 -22.447416
v 7.708828 -3.532878 -21.559248
v 9.378602 -4.938272 -20.781750
v 7.696020 -6.154182 -21.732639
v 6.173855 -1.432280 -22.186451
v 7.859409 -0.115749 -21.286608
v 9.452089 -1.631001 -20.441240
v 7.849128 -2.921842 -21.503912
v 6.662524 1.999503 -22.482872
v 8.668565 3.143338 -22.156431
v 9.792392 1.878136 -20.482079
v 8.067379 0.515960 -21.274481
v 6.335786 2.154987 -22.643003
v 4.769749 3.560764 -23.983305
v 7.252656 5.935643 -23.908806
v 8.481111 3.258889 -22.264051
v 3.375673 -9.194468 -23.318378
v 5.271546 -8.172033 -22.757992
v 7.014391 -9.330502 -21.957378
v 5.144154 -10.344204 -22.612274
v 3.606028 -6.261189 -23.360006
v 5.469411 -5.179203 -22.653467
v 7.214618 -6.504728 -21.974239
v 5.385206 -7.559102 -22.779943
v 3.856009 -3.130183 -23.157688
v 5.645655 -1.894704 -22.388460
v 7.370336 -3.346233 -21.764450
v 5.612636 -4.557237 -22.621431
v 4.190786 0.260751 -23.096127
v 6.084834 1.517779 -22.592377
v 7.556664 0.025462 -21.482805
v 5.832547 -1.267089 -22.358397
v 1.090769 -7.664309 -23.928453
v 3.040919 -6.648704 -23.491529
v 4.855520 -7.902602 -22.967674
v 2.925415 -8.894424 -23.495527
v 1.379716 -4.670304 -23.895252
v 3.297601 -3.561950 -23.321020
v 5.093440 -4.946396 -22.831911
v 3.200196 -6.028270 -23.498917
v 1.719039 -1.437313 -23.743540
v 3.616573 -0.214912 -23.209421
v 5.312804 -1.719911 -22.565269
v 3.477821 -2.925780 -23.298346
v 2.211755 1.879996 -24.134298
v 4.257295 2.996427 -24.019545
v 5.772728 1.666188 -22.754290
v 3.856898 0.421700 -23.236473
v 2.368761 -10.871522 -23.173355
v 2.211514 -10.978811 -22.805540
v -0.089543 -10.587947 -23.420919
v 0.294173 -10.460891 -23.435083
v -1.488999 -9.004769 -23.995300
v 0.506996 -8.042000 -23.960917
v 2.363320 -9.242343 -23.602207
v 0.367506 -10.191901 -23.682705
v -1.194412 -6.118639 -24.311493
v 0.795130 -5.080343 -23.991135
v 2.639418 -6.403934 -23.645487
v 0.660560 -7.418038 -24.030521
v -0.841540 -3.008459 -24.250450
v 1.131917 -1.886312 -23.844061
v 2.928024 -3.341116 -23.469191
v 0.978875 -4.439498 -23.997740
v -0.412576 0.249314 -24.331367
v 1.597777 1.412715 -24.161469
v 3.285092 -0.047363 -23.355049
v 1.354887 -1.245400 -23.853905
v -23.740435 6.095919 -7.723221
v -22.248163 6.095919 -11.325881
v -24.510017 4.182754 -10.134472
v -27.210211 2.854710 -2.598421
v -26.710293 3.915862 -0.392265
v -24.864326 5.935641 -2.448922
v -26.324333 3.836202 -4.702444
v -24.790995 6.095918 -2.943293
v -24.030243 6.095919 -6.767855
v -26.054720 4.216098 -5.172322
v -27.195234 2.838366 2.650061
v -26.296329 3.854084 4.737698
v -24.864326 5.935641 2.448922
v -26.722906 3.888563 0.438781
v -24.888849 6.095918 1.949745
v -24.888849 6.095918 -1.949745
v -26.572449 4.225681 0.003132
v -26.115782 2.784798 7.771752
v -24.866821 3.758002 9.676248
v -23.908806 5.935643 7.252656
v -26.089836 3.914460 5.540209
v -24.030243 6.095920 6.767855
v -24.790995 6.095918 2.943293
v -26.043203 4.208309 5.175705
v -24.010666 2.693568 12.536480
v -22.456366 3.619460 14.210722
v -22.034481 5.935643 11.777676
v -24.451418 3.911758 10.389976
v -22.248163 6.095920 11.325881
v -23.740435 6.095920 7.723221
v -24.482552 4.160168 10.128213
v -20.977411 2.574796 16.734243
v -19.166033 3.459827 18.145254
v -19.313383 5.935643 15.850086
v -21.870665 3.875257 14.783112
v -19.611101 6.095920 15.448660
v -21.777542 6.095920 12.206351
v -21.937674 4.070245 14.631883
v -17.156099 2.432542 20.194544
v -15.145373 3.305143 21.304626
v -15.850086 5.935643 19.313383
v -18.475418 3.809146 18.565445
v -16.220398 6.095920 18.977753
v -18.977753 6.095920 16.220398
v -18.542770 3.953717 18.494024
v -12.735225 2.289792 22.756063
v -10.585082 3.171443 23.539516
v -11.777676 5.935642 22.034481
v -14.409262 3.730808 21.576338
v -12.206351 6.095919 21.777542
v -15.448660 6.095920 19.611101
v -14.464830 3.835541 21.561892
v -7.723221 6.095920 23.740435
v -11.325881 6.095919 22.248163
v -9.880202 3.724199 23.707102
v -24.086208 2.775911 -12.571517
v -24.480629 3.944191 -10.387104
v -22.034481 5.935642 -11.777676
v -22.506889 3.660443 -14.247763
v -18.844477 -15.516808 -13.247706
v -21.226839 -13.135634 -14.048426
v -19.024536 -11.850982 -17.205029
v -16.821638 -14.144986 -16.691925
v -17.219183 -19.595640 -7.222035
v -20.577723 -16.941687 -8.562194
v -18.768391 -16.030090 -12.551669
v -15.477182 -18.509922 -11.317092
v -14.170042 -22.432320 -0.525876
v -18.282564 -20.319019 -2.131675
v -17.027456 -19.950325 -6.494424
v -12.950983 -22.139967 -4.924625
v -10.089945 -21.957214 6.282247
v -14.488560 -21.578888 4.695906
v -13.846501 -22.527584 0.148156
v -9.445416 -23.361059 1.772637
v -5.903837 -18.366720 12.472719
v -10.135850 -19.488541 11.179892
v -9.682179 -21.727596 6.853566
v -5.431098 -20.719713 8.221590
v -1.461857 -13.986995 17.761024
v -5.553042 -15.465135 16.704865
v -5.490742 -17.949921 12.979297
v -1.396580 -16.199408 14.080542
v 2.861871 -10.939699 22.089117
v -0.977800 -11.882581 21.238543
v -0.986938 -13.566339 18.226406
v 2.901335 -12.170960 19.125107
v -2.991486 2.115476 24.719862
v -0.734929 3.031773 24.879784
v -2.448922 5.935643 24.864326
v -4.988649 3.592187 24.821939
v -21.777542 6.095919 -12.206351
v -19.611101 6.095920 -15.448660
v -21.993975 4.118360 -14.665255
v -15.224149 -18.305868 -11.863556
v -18.494705 -15.850755 -13.099923
v -16.451410 -14.466920 -16.557648
v -13.259591 -16.671967 -15.511626
v -12.769056 -22.043325 -5.487144
v -16.835329 -19.860817 -7.044759
v -15.072990 -18.767605 -11.145046
v -11.042002 -20.733625 -9.654881
v -9.312700 -23.460558 1.248954
v -13.722441 -22.586868 -0.369631
v -12.511138 -22.300558 -4.778094
v -8.099013 -23.275173 -3.173313
v -5.315485 -20.947132 7.792864
v -9.573736 -21.940628 6.402703
v -8.965117 -23.383076 1.888023
v -4.675784 -22.714582 3.383117
v -1.296711 -16.445614 13.669799
v -5.399242 -18.218077 12.575912
v -4.921625 -20.567923 8.336750
v -0.818021 -18.579828 9.484509
v 2.978194 -12.382647 18.748058
v -0.912588 -13.810418 17.842299
v -0.877196 -15.989926 14.175159
v 3.062121 -14.132850 15.139129
v 6.827319 -10.338293 22.716915
v 3.438940 -10.826743 22.148542
v 3.476942 -11.994073 19.193705
v 6.974467 -11.021786 19.858753
v -2.943293 6.095920 24.790995
v -6.767855 6.095920 24.030243
v -5.008330 3.649060 24.829414
v -21.064503 2.678071 -16.838749
v -21.922438 3.915266 -14.831294
v -19.313383 5.935643 -15.850086
v -19.217710 3.529671 -18.228640
v -12.976686 -16.393953 -16.004019
v -16.137831 -14.204042 -17.063204
v -14.056192 -12.551031 -19.659908
v -11.009086 -14.590508 -18.940733
v -10.835469 -20.512606 -10.166393
v -14.841780 -18.572880 -11.671293
v -12.851247 -16.912312 -15.323369
v -8.887334 -18.480167 -13.918399
v -7.941229 -23.183817 -3.702656
v -12.352387 -22.215277 -5.281176
v -10.607170 -20.886448 -9.454100
v -6.218332 -21.586153 -7.866478
v -4.543355 -22.825665 2.886083
v -8.851192 -23.468824 1.411873
v -7.654571 -23.298153 -3.021053
v -3.339158 -22.738142 -1.543097
v -0.714716 -18.780100 9.057215
v -4.824580 -20.789968 7.904123
v -4.220568 -22.574856 3.503337
v -0.124432 -20.383081 4.657613
v 3.150020 -14.348581 14.731907
v -0.798847 -16.231163 13.771021
v -0.327685 -18.333670 9.593804
v 3.653198 -16.071014 10.618046
v 7.047226 -11.208243 19.496803
v 3.539376 -12.208129 18.822664
v 3.589185 -13.912826 15.223908
v 7.205067 -12.443583 15.979015
v 1.824269 2.143932 24.050837
v 4.054243 3.132557 23.934975
v 2.448922 5.935643 24.864326
v -0.044067 3.558300 24.876377
v -18.977753 6.095920 -16.220398
v -16.220398 6.095920 -18.977753
v -18.616352 4.021183 -18.569246
v -8.663576 -18.195732 -14.377985
v -12.596185 -16.642401 -15.815587
v -10.599822 -14.813854 -18.755363
v -6.724740 -16.044508 -17.502256
v -6.049296 -21.370148 -8.341631
v -10.418876 -20.689754 -9.935697
v -8.445668 -18.618013 -13.688424
v -4.139362 -18.959658 -12.111653
v -3.187556 -22.661112 -2.051586
v -7.512397 -23.223337 -3.487114
v -5.780556 -21.606668 -7.655104
v -1.530207 -20.825079 -6.129245
v 0.002577 -20.482010 4.169085
v -4.105932 -22.680573 3.038884
v -2.921191 -22.612757 -1.399565
v 1.127436 -20.352192 -0.271066
v 3.748002 -16.247105 10.197449
v -0.241893 -18.537035 9.162738
v 0.308075 -20.141380 4.772472
v 4.282837 -17.527067 5.808392
v 7.284482 -12.633795 15.590673
v 3.655513 -14.126121 14.831204
v 4.143168 -15.803926 10.718216
v 7.848320 -13.877582 11.558698
v 10.482663 -10.589238 19.857828
v 7.623173 -11.071830 19.545864
v 7.752856 -12.263652 16.044765
v 10.791475 -11.465235 16.490847
v 1.949745 6.095920 24.888849
v -1.949745 6.095920 24.888849
v -0.059471 3.612775 24.879477
v -17.237131 2.534702 -20.363359
v -18.530573 3.851634 -18.664335
v -15.850086 5.935643 -19.313383
v -15.191578 3.385138 -21.430099
v -6.483200 -15.738231 -17.918913
v -10.321157 -14.494681 -19.212069
v -8.581897 -12.744148 -21.236586
v -4.804905 -13.888572 -20.291792
v -3.965674 -18.695305 -12.541279
v -8.251025 -18.354069 -14.143726
v -6.285405 -16.169556 -17.266460
v -2.065867 -16.248577 -15.774024
v -1.371343 -20.622219 -6.584225
v -5.617215 -21.415543 -8.099690
v -3.688261 -18.977154 -11.867098
v 0.484756 -18.038841 -10.296701
v 1.274582 -20.289427 -0.772651
v -2.778989 -22.551092 -1.855489
v -1.108478 -20.714025 -5.929375
v 2.880699 -18.533121 -4.806628
v 4.401636 -17.614431 5.328148
v 0.418173 -20.244555 4.309011
v 1.510857 -20.141319 -0.137890
v 5.453952 -17.450054 0.894335
v 7.939437 -14.037169 11.158406
v 4.221536 -15.983702 10.298967
v 4.707506 -17.246206 5.910407
v 8.438909 -14.943124 6.797657
v 10.856820 -11.622338 16.133102
v 7.808914 -12.450366 15.677921
v 8.351413 -13.638674 11.645047
v 11.485729 -12.311220 12.183020
v 6.301103 2.275461 22.431297
v 8.449959 3.384140 22.057581
v 7.252657 5.935644 23.908806
v 4.731910 3.607814 23.836937
v -15.448660 6.095920 -19.611101
v -12.206351 6.095919 -21.777542
v -14.533418 3.906019 -21.679821
v -1.880876 -15.977575 -16.174032
v -6.081058 -15.871431 -17.700846
v -4.363053 -14.011925 -20.073195
v -0.203130 -13.985536 -18.745722
v 0.636154 -17.803446 -10.703779
v -3.530038 -18.729904 -12.301018
v -1.607147 -16.263851 -15.522254
v 2.532440 -15.303787 -13.975805
v 3.035580 -18.357660 -5.261168
v -0.951848 -20.527836 -6.368602
v 0.935687 -17.944458 -10.058611
v 4.918478 -15.959800 -8.914196
v 5.610308 -17.399931 0.400069
v 1.661527 -20.082592 -0.593342
v 3.273323 -18.345703 -4.626767
v 7.199275 -15.860916 -3.629048
v 8.558770 -15.029418 6.350038
v 4.813861 -17.337065 5.460437
v 5.831768 -17.212742 1.022515
v 9.602563 -14.882576 1.950168
v 11.565277 -12.444249 11.800708
v 8.424456 -13.798351 11.249899
v 8.862119 -14.650856 6.882464
v 11.809057 -12.558933 7.440538
v 13.593978 -11.145310 16.422638
v 11.413567 -11.490757 16.202614
v 12.002235 -12.127446 12.257004
v 14.240727 -11.250327 12.577281
v 6.767855 6.095920 24.030243
v 2.943293 6.095920 24.790995
v 4.704921 3.674125 23.841663
v -12.782855 2.365026 -22.959986
v -14.448273 3.763896 -21.715137
v -11.777676 5.935642 -22.034481
v -10.610000 3.236899 -23.693687
v -0.009545 -13.726336 -19.123026
v -4.147298 -13.697094 -20.490917
v -2.910580 -12.269944 -22.047434
v 1.220477 -12.323036 -20.947527
v 2.688131 -15.074133 -14.373008
v -1.450275 -16.002516 -15.946318
v 0.257537 -14.006321 -18.502752
v 4.402553 -13.118431 -17.046162
v 5.072824 -15.751200 -9.337484
v 1.084471 -17.715435 -10.488047
v 3.000456 -15.222925 -13.740923
v 7.028873 -13.500087 -12.601990
v 7.374743 -15.714664 -4.084215
v 3.450359 -18.170839 -5.062558
v 5.360724 -15.795375 -8.697246
v 9.290013 -13.674623 -7.710542
v 9.767118 -14.859255 1.480381
v 5.988208 -17.168037 0.571478
v 7.589849 -15.656133 -3.457177
v 11.348246 -13.528516 -2.550040
v 11.933471 -12.648667 7.010611
v 8.968466 -14.740391 6.469268
v 10.004413 -14.638539 2.070842
v 13.232719 -12.898260 2.724673
v 14.287246 -11.207252 12.194833
v 12.076462 -12.247121 11.867168
v 12.248642 -12.259207 7.507651
v 14.070479 -10.384483 8.043725
v 10.286753 2.483833 20.040894
v 12.314219 3.762725 19.494713
v 11.777676 5.935643 22.034481
v 9.135573 3.757995 21.848085
v -11.325881 6.095919 -22.248163
v -7.723221 6.095919 -23.740435
v -9.928923 3.784248 -23.857698
v 4.571000 -12.910838 -17.437338
v 0.422551 -13.745915 -18.922964
v 1.688243 -12.355041 -20.735945
v 5.858699 -11.607722 -19.386662
v 7.191451 -13.303574 -13.023937
v 3.149970 -14.999370 -14.162428
v 4.879862 -13.057090 -16.821201
v 8.995337 -11.661997 -15.742703
v 9.468732 -13.507151 -8.135405
v 5.535172 -15.583638 -9.136881
v 7.499058 -13.368227 -12.388283
v 11.476362 -11.716096 -11.393511
v 11.539762 -13.429599 -2.986095
v 7.782393 -15.511928 -3.897734
v 9.748459 -13.500884 -7.498814
v 13.519794 -11.839061 -6.614234
v 13.386222 -12.908305 2.311563
v 10.158110 -14.628119 1.646514
v 11.768212 -13.339816 -2.383631
v 15.006686 -11.812407 -1.717829
v 14.137530 -10.502854 7.478375
v 12.344135 -12.366311 7.080396
v 13.670155 -12.658801 2.810839
v 15.648471 -10.968804 3.311836
v 16.232872 -11.502909 12.471095
v 14.911192 -11.250947 12.193754
v 14.723736 -10.405931 8.120878
v 16.064827 -10.394157 8.416179
v 11.325881 6.095920 22.248163
v 7.723221 6.095920 23.740435
v 9.045156 3.899577 21.911764
v -7.932492 2.201308 -24.476315
v -9.856575 3.668528 -23.842747
v -7.252656 5.935642 -23.908806
v -5.693926 3.104511 -24.893188
v 6.023295 -11.443036 -19.754511
v 1.848145 -12.053762 -21.105274
v 2.510618 -11.121097 -22.081440
v 6.716054 -10.701502 -20.912785
v 9.166405 -11.508469 -16.164955
v 5.033666 -12.855027 -17.244169
v 6.332065 -11.574026 -19.187330
v 10.589790 -10.733828 -18.231524
v 11.667326 -11.570786 -11.831662
v 7.675839 -13.169887 -12.821610
v 9.473291 -11.572070 -15.538264
v 13.569313 -10.612864 -14.592742
v 13.711030 -11.739348 -7.019065
v 9.943071 -13.328790 -7.946798
v 11.972671 -11.591743 -11.187779
v 15.798677 -10.704133 -10.313692
v 15.188228 -11.771721 -2.132119
v 11.952841 -13.253581 -2.820075
v 14.018528 -11.699954 -6.408622
v 17.345566 -10.925458 -5.780340
v 15.815458 -11.007060 2.938878
v 13.804471 -12.675835 2.478677
v 15.459224 -11.680255 -1.568512
v 17.916185 -10.977784 -0.987293
v 16.138657 -10.342412 7.826373
v 14.655013 -10.257852 7.552372
v 16.137871 -10.786018 3.415710
v 17.525780 -10.132195 3.644529
v 13.718848 2.632646 17.170795
v 15.694011 3.975238 16.524858
v 15.850086 5.935643 19.313383
v 13.016780 3.993616 19.145782
v -6.767855 6.095919 -24.030243
v -2.943293 6.095918 -24.790995
v -5.011458 3.668758 -24.980068
v 10.778651 -10.620349 -18.670725
v 6.496276 -11.408359 -19.579775
v 7.229755 -10.677187 -20.726912
v 11.607185 -10.621464 -19.942835
v 13.788568 -10.517231 -15.043923
v 9.666674 -11.404922 -15.976701
v 11.080178 -10.703879 -18.037487
v 15.232725 -10.645650 -17.086349
v 16.009172 -10.619213 -10.752144
v 12.176415 -11.432229 -11.636504
v 14.077473 -10.566215 -14.377691
v 17.853476 -10.775283 -13.498112
v 17.523077 -10.873134 -6.157764
v 14.210530 -11.592112 -6.851459
v 16.321762 -10.636824 -10.120459
v 19.540232 -10.871617 -9.487957
v 18.100449 -10.978441 -1.415498
v 15.641793 -11.643297 -1.977253
v 17.876547 -10.852281 -5.592784
v 20.293633 -11.115788 -5.076701
v 17.705860 -10.260126 3.147961
v 16.261744 -10.847987 3.054051
v 18.339844 -10.948495 -0.876697
v 19.656666 -11.181142 -0.731336
v 16.690863 -11.186797 7.764648
v 16.552662 -10.833424 7.841877
v 18.156010 -10.470556 3.761614
v 18.229795 -10.884121 3.646775
v 15.448660 6.095920 19.611101
v 12.206351 6.095920 21.777542
v 12.887893 4.207507 19.329500
v -25.324423 -14.082533 -4.896523
v -26.811726 -11.900720 -5.392791
v -25.466648 -11.632105 -9.628565
v -23.998123 -13.761327 -9.154293
v -23.395397 -16.636320 1.275806
v -25.754070 -14.026080 0.243787
v -25.148321 -14.460990 -4.187848
v -22.639753 -17.029617 -3.162241
v -20.126497 -17.810202 7.704941
v -23.346764 -15.491292 6.214849
v -23.100950 -16.832174 1.989443
v -19.709770 -19.262629 3.403276
v -15.708140 -16.812166 13.684059
v -19.666964 -15.674433 12.026713
v -19.720581 -17.783848 8.357246
v -15.638187 -19.082474 9.917075
v -10.960852 -14.177361 18.678150
v -15.160367 -14.314233 17.093142
v -15.241522 -16.584085 14.225546
v -10.964828 -16.377949 15.670894
v -6.475218 -11.597972 22.649725
v -10.656998 -12.163304 21.245169
v -10.507538 -13.835199 19.162169
v -6.304645 -12.957579 20.416832
v -2.323117 -9.986157 25.272552
v -6.398374 -10.598653 24.443655
v -6.058730 -11.262109 23.141678
v -1.970330 -10.573089 24.086760
v 16.557404 2.883252 13.831661
v 18.490490 4.214991 12.996346
v 19.313383 5.935643 15.850086
v 16.352446 4.143153 15.982378
v -22.471081 -17.076954 -3.797129
v -24.989082 -14.497613 -4.796043
v -23.666275 -14.168185 -9.070195
v -21.167158 -16.691610 -8.097781
v -19.599403 -19.463755 2.827896
v -22.989777 -16.998171 1.391379
v -22.262505 -17.379158 -3.072523
v -18.851480 -20.006855 -1.661349
v -15.550332 -19.406235 9.438946
v -19.637201 -18.073076 7.833220
v -19.252060 -19.550829 3.508559
v -15.110392 -21.220034 5.087471
v -10.865087 -16.720263 15.278187
v -15.150993 -16.931770 13.796870
v -15.114598 -19.237759 10.018203
v -10.777608 -19.208193 11.499194
v -6.193659 -13.240153 20.047550
v -10.396149 -14.179729 18.785509
v -10.411879 -16.378166 15.769902
v -6.203614 -15.297911 17.003691
v -1.848504 -10.771492 23.755663
v -5.931596 -11.545896 22.758860
v -5.735455 -12.868003 20.519997
v -1.643569 -11.780241 21.523291
v 18.977753 6.095920 16.220398
v 16.220398 6.095920 18.977753
v 16.263033 4.390868 16.290520
v 1.865570 2.052427 -24.238586
v -0.007687 3.527221 -24.974802
v 2.448922 5.935641 -24.864326
v 4.079282 3.075741 -24.103636
v 18.743483 3.007709 10.150002
v 20.587551 4.320397 9.095886
v 22.034481 5.935643 11.777676
v 19.011198 4.309780 12.276133
v 2.943293 6.095918 -24.790995
v 6.767855 6.095920 -24.030243
v 4.741450 3.634477 -24.014154
v 21.777542 6.095920 12.206351
v 19.611101 6.095920 15.448660
v 18.999058 4.576896 12.707611
v 7.723221 6.095920 -23.740435
v 11.325881 6.095920 -22.248163
v 9.121668 3.795234 -22.111595
v 10.323318 2.363866 -20.285667
v 9.175569 3.689143 -22.061571
v 11.777676 5.935643 -22.034481
v 12.369843 3.570479 -19.697809
v 12.206351 6.095920 -21.777542
v 15.448660 6.095920 -19.611101
v 13.000861 4.046552 -19.511244
v 13.744288 2.644088 -17.328938
v 13.074251 3.895980 -19.384382
v 15.850086 5.935643 -19.313383
v 15.712235 3.922534 -16.581633
v 16.220398 6.095920 -18.977753
v 18.977753 6.095920 -16.220398
v 16.294058 4.341884 -16.330418
v 16.547199 2.935140 -13.922999
v 16.368666 4.147938 -16.103178
v 19.313383 5.935643 -15.850086
v 18.459354 4.226856 -13.008630
v 19.611101 6.095920 -15.448660
v 21.777542 6.095919 -12.206351
v 18.988276 4.591817 -12.710165
v 18.712801 3.167657 -10.176816
v 19.008171 4.358593 -12.352224
v 22.034481 5.935642 -11.777676
v 20.542393 4.444581 -9.050179
v 22.248163 6.095919 -11.325881
v 23.740435 6.095920 -7.723221
v 21.000628 4.753783 -8.709500
v 20.177423 3.315670 -6.173730
v 20.924009 4.489357 -8.249215
v 23.908806 5.935644 -7.252656
v 21.880461 4.544583 -4.809007
v 24.030243 6.095920 -6.767855
v 24.790995 6.095920 -2.943293
v 22.256739 4.816172 -4.429556
v 20.919786 3.316880 -2.053869
v 22.064867 4.526358 -3.924700
v 24.864326 5.935643 -2.448922
v 22.423044 4.505933 -0.427026
v 24.888849 6.095920 -1.949745
v 24.888849 6.095920 1.949745
v 22.708540 4.782719 0.001677
v 20.957319 3.236783 2.111699
v 22.408255 4.475851 0.490539
v 24.864326 5.935643 2.448922
v 22.115728 4.451831 3.986290
v 24.790995 6.095920 2.943293
v 24.030243 6.095920 6.767855
v 22.304045 4.727231 4.441764
v 23.740435 6.095920 7.723221
v 22.248163 6.095920 11.325881
v 21.051247 4.661441 8.728609
v -2.961317 2.076132 -24.890617
v -4.958752 3.574455 -24.937424
v -2.448922 5.935641 -24.864326
v -0.714139 3.032257 -25.015547
v -1.949745 6.095918 -24.888849
v 1.949745 6.095918 -24.888849
v -0.039604 3.604287 -25.016500
v 6.891106 -10.560431 -21.349958
v 2.671068 -10.956723 -22.637465
v 2.884859 -10.834788 -23.068663
v 7.091496 -10.454824 -21.708172
v 5.073047 -10.549733 -22.555725
v -2.534695 -12.234811 -22.540052
v 12.353402 -10.426029 -20.048763
v 17.590218 -10.865798 5.767815
v 19.953146 -11.242070 -1.616862
v 12.600012 -10.682084 11.752266
v -9.250527 -9.254238 24.250345
v -3.185615 -11.883224 28.385822
v -16.671227 -8.098605 22.164743
v -27.405937 -8.036281 -7.750685
v -31.459545 -7.808677 -1.007528
v -26.837965 -9.595504 -15.384420
v -25.503366 -11.091919 -10.246718
v -26.084318 -9.700893 -10.297997
v -23.972885 -9.074259 -13.890381
v -23.491354 -10.384237 -13.928264
v -27.094093 -11.406552 -5.454120
v -27.703293 -9.973433 -5.588087
v -26.322908 -9.749596 -9.783095
v -25.749708 -11.150689 -9.673247
v -21.535738 -12.732756 -14.138825
v -22.875900 -10.703881 -14.399672
v -20.501877 -9.521415 -17.274015
v -19.359880 -11.453152 -17.275936
v -23.752319 -13.689746 -9.758948
v -25.227600 -11.568893 -10.185760
v -23.205500 -10.847978 -13.890559
v -21.863035 -12.899261 -13.596313
v -16.483700 -13.879032 -17.186974
v -18.661314 -11.603600 -17.690414
v -16.412058 -10.063076 -19.865490
v -14.429945 -12.244699 -19.773142
v -10.700787 -14.268200 -19.376022
v -13.705964 -12.224409 -20.120308
v -11.869564 -10.553740 -21.665886
v -8.998302 -12.531495 -21.397686
v -4.557812 -13.574806 -20.674967
v -8.286831 -12.376575 -21.680658
v -7.036692 -10.889144 -22.743471
v -3.376236 -12.139971 -22.232290
v 1.403717 -11.983137 -21.277081
v -2.686344 -11.933007 -22.466402
v -2.085984 -10.982872 -23.252207
v 1.984890 -11.099054 -22.323923
v -6.407818 -8.749083 -23.784626
v -4.424196 -7.848304 -24.202070
v -2.559978 -9.084200 -24.019205
v -4.541682 -9.947931 -23.554955
vn 0.7836 0.3101 -0.5383
vn -0.8461 -0.5097 -0.1559
vn 0.9921 -0.0772 0.0988
vn -0.7691 -0.6390 0.0121
vn 0.6086 0.5468 0.5750
vn -0.8354 -0.5369 0.1175
vn 0.3466 0.9366 -0.0521
vn -0.9163 -0.3913 -0.0849
vn -0.4770 -0.2833 0.8320
vn -0.1775 -0.6442 -0.7439
vn -0.0369 0.9384 -0.3436
vn 0.0774 0.5521 -0.8302
vn 0.1400 0.9721 0.1881
vn 0.2723 0.4455 -0.8529
vn 0.0941 -0.3511 0.9316
vn 0.4098 -0.6778 -0.6105
vn 0.7260 0.6794 -0.1064
vn -0.4165 -0.6437 -0.6420
vn 0.8818 0.1139 0.4577
vn -0.4195 -0.8252 -0.3782
vn 0.2257 0.5066 0.8321
vn -0.6606 -0.7205 -0.2111
vn 0.0122 0.9734 0.2286
vn -0.8214 -0.3482 -0.4517
vn -0.6090 -0.5256 0.5940
vn -0.0743 -0.7710 -0.6325
vn -0.4680 -0.4473 0.7622
vn 0.4613 0.4858 -0.7424
vn -0.1998 0.8101 0.5512
vn 0.3313 0.5492 -0.7672
vn 0.0451 -0.6797 0.7321
vn 0.5374 -0.8357 -0.1133
vn 0.6579 0.6642 -0.3548
vn -0.3926 -0.7648 -0.5108
vn 0.9180 0.2582 0.3011
vn -0.2296 -0.9615 -0.1509
vn 0.2464 0.6690 0.7013
vn -0.6535 -0.7410 0.1543
vn -0.1085 0.9928 0.0516
vn -0.8751 -0.3911 -0.2850
vn -0.6464 -0.7586 0.0814
vn 0.1450 -0.3133 -0.9385
vn 0.0261 0.9428 0.3324
vn 0.6374 0.4460 -0.6284
vn -0.0619 0.9893 0.1324
vn 0.1657 0.5305 -0.8314
vn -0.0450 -0.7171 0.6955
vn 0.5247 -0.3007 -0.7964
vn 0.4856 0.5596 -0.6716
vn -0.2950 -0.9242 -0.2427
vn 0.9009 0.4238 0.0939
vn -0.0675 -0.9907 0.1182
vn 0.2284 0.8340 0.5022
vn -0.5403 -0.6594 0.5227
vn -0.2597 0.9370 -0.2335
vn -0.8540 -0.5198 -0.0201
vn -0.6353 -0.7695 -0.0644
vn 0.5128 -0.0994 -0.8528
vn 0.0470 0.9176 0.3946
vn 0.8218 0.5397 -0.1828
vn -0.4195 0.8789 0.2268
vn 0.3127 0.6281 -0.7125
vn -0.0553 -0.8356 0.5465
vn 0.7840 -0.6199 -0.0308
vn 0.2979 0.3647 -0.8822
vn -0.0150 -0.9997 0.0176
vn 0.7769 0.6037 -0.1790
vn 0.2306 -0.8842 0.4062
vn 0.0069 0.9775 0.2109
vn -0.3290 -0.4542 0.8280
vn -0.4948 0.7482 -0.4420
vn -0.7225 -0.6436 0.2526
vn -0.6101 -0.7502 -0.2550
vn 0.5754 -0.2536 -0.7775
vn -0.0726 0.8896 0.4509
vn 0.8560 0.5160 0.0312
vn -0.5461 0.8220 0.1615
vn 0.3942 0.6121 -0.6856
vn -0.1089 -0.8189 0.5635
vn 0.6144 -0.7306 0.2978
vn 0.2120 0.2393 -0.9475
vn 0.2277 -0.9723 0.0532
vn 0.6283 0.6554 -0.4191
vn 0.5270 -0.6977 0.4853
vn -0.2657 0.9630 0.0444
vn -0.2133 -0.2639 0.9407
vn -0.6554 0.6184 -0.4337
vn -0.5802 -0.6840 0.4421
vn -0.5419 -0.7698 -0.3373
vn 0.8461 0.0530 -0.5304
vn 0.3106 0.8746 0.3723
vn 0.9446 0.3116 0.1031
vn 0.0634 0.8924 -0.4467
vn 0.5100 0.5476 -0.6634
vn -0.1802 -0.8218 0.5405
vn 0.7303 -0.6012 0.3244
vn 0.1686 0.2382 -0.9565
vn 0.2785 -0.9563 -0.0889
vn 0.5223 0.7092 -0.4736
vn 0.6577 -0.6197 0.4284
vn -0.3470 0.9349 0.0742
vn -0.1545 -0.2400 0.9584
vn -0.6899 0.6247 -0.3656
vn -0.4856 -0.7606 0.4309
vn -0.5289 -0.7682 -0.3607
vn 0.8705 -0.2570 -0.4196
vn 0.4743 0.8213 0.3170
vn 0.8678 0.4854 0.1061
vn 0.4568 0.8024 -0.3840
vn 0.6994 0.6319 -0.3340
vn -0.3268 -0.8269 0.4576
vn 0.4362 -0.7653 0.4733
vn 0.1672 0.0738 -0.9832
vn 0.1912 -0.9598 -0.2057
vn 0.5084 0.8038 -0.3090
vn 0.6948 -0.6238 0.3579
vn -0.2620 0.9507 0.1660
vn -0.1377 -0.2734 0.9520
vn -0.6798 0.6648 -0.3097
vn -0.4471 -0.8702 0.2067
vn -0.7091 -0.4421 -0.5493
vn 0.4206 -0.8399 -0.3430
vn 0.4174 0.8523 0.3151
vn 0.9256 -0.3740 -0.0576
vn 0.4740 0.8483 -0.2360
vn 0.7670 -0.3922 0.5079
vn -0.7194 -0.5811 0.3805
vn 0.1659 -0.8067 0.5672
vn -0.6228 0.3769 -0.6856
vn 0.0693 -0.9835 -0.1671
vn 0.7117 0.6680 0.2174
vn 0.7260 -0.6512 0.2211
vn 0.6547 0.7495 0.0980
vn 0.4817 -0.6103 0.6289
vn -0.9119 0.3826 -0.1488
vn 0.0106 -0.9067 0.4217
vn -0.8434 0.5236 -0.1203
vn 0.3351 -0.8371 -0.4323
vn 0.8333 0.5247 -0.1739
vn 0.6711 -0.6856 -0.2821
vn 0.7825 0.3528 0.5130
vn 0.7093 -0.6845 0.1682
vn -0.8345 0.5311 0.1467
vn 0.1262 -0.9692 0.2117
vn -0.4655 -0.6732 -0.5745
vn 0.5444 -0.8306 -0.1168
vn -0.1163 0.9932 -0.0018
vn 0.9565 -0.0278 0.2904
vn 0.7053 0.6812 0.1962
vn 0.9316 0.0470 0.3604
vn -0.9770 -0.1810 -0.1125
vn 0.6316 -0.6126 0.4751
vn -0.1153 -0.8284 -0.5482
vn 0.5976 -0.8012 -0.0323
vn -0.1671 0.9858 -0.0155
vn 0.8562 0.2999 0.4206
vn 0.3442 0.9370 0.0597
vn 0.6768 0.4098 0.6116
vn -0.8342 -0.4921 -0.2491
vn 0.3624 -0.5145 0.7772
vn 0.1396 -0.8918 -0.4304
vn 0.5685 -0.8225 -0.0165
vn -0.2809 0.9579 -0.0588
vn 0.4230 0.7369 0.5272
vn 0.3158 0.9447 -0.0884
vn 0.5052 0.8035 0.3150
vn -0.7080 -0.6761 -0.2039
vn 0.1473 -0.4630 0.8740
vn 0.0985 -0.8710 -0.4814
vn 0.6133 -0.7430 0.2681
vn -0.1077 0.9686 -0.2241
vn 0.1560 0.6091 0.7776
vn 0.3316 0.9426 -0.0385
vn 0.5543 0.7618 0.3353
vn -0.6389 -0.6500 -0.4115
vn 0.0467 -0.2737 0.9607
vn 0.0961 -0.8237 -0.5588
vn 0.5307 -0.6876 0.4955
vn -0.0320 0.4902 -0.8710
vn 0.1324 0.8017 0.5829
vn 0.1336 0.9829 -0.1271
vn 0.3655 0.8133 0.4527
vn -0.5493 -0.6624 -0.5095
vn -0.0621 -0.2118 0.9753
vn 0.2179 -0.8031 -0.5545
vn 0.3957 -0.4926 0.7751
vn 0.0811 0.8117 -0.5785
vn 0.0745 0.8912 0.4474
vn 0.0793 0.9331 0.3506
vn 0.0697 0.9477 0.3116
vn -0.3183 -0.6727 -0.6680
vn -0.2316 -0.2628 0.9366
vn 0.3989 -0.5003 -0.7685
vn 0.0654 -0.4777 0.8761
vn 0.4957 0.4019 -0.7699
vn 0.0769 0.8553 0.5124
vn -0.0296 0.6074 -0.7938
vn -0.1428 0.9406 0.3080
vn -0.1445 -0.4597 -0.8763
vn -0.4665 -0.2941 0.8342
vn 0.3868 -0.2890 -0.8757
vn -0.3174 -0.7807 0.5384
vn 0.8119 0.4457 -0.3770
vn 0.1443 -0.4760 0.8675
vn 0.0589 0.9932 -0.1008
vn -0.3860 -0.1703 0.9066
vn -0.4475 0.6544 -0.6095
vn -0.4726 -0.7852 0.4001
vn 0.6479 -0.4344 -0.6257
vn -0.1811 -0.5528 0.8134
vn 0.4333 0.7881 -0.4372
vn -0.4461 0.4972 0.7441
vn 0.0728 0.8714 -0.4851
vn -0.3441 0.6081 0.7154
vn 0.1937 -0.3653 -0.9105
vn -0.6160 -0.5466 0.5673
vn 0.4856 -0.1344 -0.8638
vn -0.3189 -0.8797 0.3527
vn 0.9222 0.1862 -0.3390
vn 0.0874 -0.4620 0.8826
vn 0.1673 0.9621 -0.2154
vn -0.4237 -0.1922 0.8852
vn -0.2688 0.5953 -0.7572
vn -0.7361 -0.5166 0.4373
vn 0.7590 -0.0119 -0.6510
vn -0.2447 -0.6649 0.7057
vn 0.5392 0.5711 -0.6189
vn -0.3419 0.6324 0.6951
vn 0.3858 0.6636 -0.6409
vn -0.6028 0.6643 0.4420
vn 0.4357 -0.0488 -0.8988
vn -0.6226 -0.6228 0.4738
vn 0.5109 -0.0809 -0.8558
vn -0.5095 -0.8111 0.2872
vn 0.9482 0.0747 -0.3087
vn -0.0778 -0.5555 0.8278
vn 0.3980 0.9015 -0.1703
vn -0.5022 -0.2862 0.8160
vn -0.1189 0.6444 -0.7554
vn -0.7934 -0.4003 0.4585
vn 0.8201 0.0915 -0.5648
vn -0.3812 -0.6383 0.6688
vn 0.6419 0.5407 -0.5438
vn -0.4245 0.5049 0.7516
vn 0.5100 0.5692 -0.6449
vn -0.7252 0.5436 0.4226
vn 0.5487 0.1110 -0.8286
vn -0.6712 -0.6173 0.4104
vn 0.5616 -0.0220 -0.8271
vn -0.7035 -0.6895 0.1725
vn 0.9753 -0.0163 -0.2203
vn -0.2992 -0.6504 0.6982
vn 0.6258 0.7797 -0.0211
vn -0.6482 -0.3595 0.6712
vn 0.0792 0.7293 -0.6796
vn -0.8346 -0.3642 0.4133
vn 0.8994 0.0985 -0.4258
vn -0.5382 -0.6016 0.5902
vn 0.7496 0.5094 -0.4226
vn -0.5338 0.4443 0.7195
vn 0.6199 0.5485 -0.5612
vn -0.7997 0.5030 0.3279
vn 0.6688 0.1325 -0.7315
vn -0.7567 -0.5641 0.3305
vn 0.6520 0.0569 -0.7561
vn -0.8232 -0.5673 -0.0213
vn 0.9880 -0.0842 -0.1297
vn -0.4800 -0.7116 0.5131
vn 0.7493 0.6393 0.1726
vn -0.7711 -0.3736 0.5156
vn 0.2791 0.8097 -0.5162
vn -0.9049 -0.3290 0.2699
vn 0.9599 0.0815 -0.2681
vn -0.6554 -0.5807 0.4829
vn 0.8255 0.4874 -0.2846
vn -0.6330 0.4490 0.6306
vn 0.7267 0.5284 -0.4389
vn -0.8311 0.5220 0.1920
vn 0.7883 0.1256 -0.6023
vn -0.8218 -0.5338 0.1992
vn 0.7299 0.1251 -0.6720
vn -0.8627 -0.4524 -0.2261
vn 0.9880 -0.1500 -0.0380
vn -0.6232 -0.7219 0.3009
vn 0.7716 0.5168 0.3710
vn -0.8492 -0.3922 0.3537
vn 0.4200 0.8547 -0.3051
vn -0.9559 -0.2740 0.1057
vn 0.9948 0.0346 -0.0960
vn -0.7492 -0.5534 0.3640
vn 0.8697 0.4744 -0.1360
vn -0.7069 0.4993 0.5010
vn 0.8047 0.5088 -0.3060
vn -0.8243 0.5638 0.0507
vn 0.8834 0.0815 -0.4616
vn -0.8576 -0.5114 0.0550
vn 0.8038 0.1706 -0.5699
vn -0.8987 -0.3237 -0.2960
vn 0.9741 -0.2161 0.0672
vn -0.8011 -0.5967 0.0466
vn 0.7091 0.3777 0.5955
vn -0.9090 -0.3849 0.1599
vn 0.4855 0.8714 -0.0707
vn -0.9706 -0.2339 -0.0576
vn 0.9845 -0.1219 0.1265
vn -0.8591 -0.4671 0.2091
vn 0.7006 0.6801 0.2159
vn -0.9835 0.1187 0.1369
vn 0.6466 0.7133 -0.2705
vn -0.9870 0.1339 0.0893
vn 0.9446 -0.0586 -0.3228
vn -0.8898 -0.4495 -0.0791
vn 0.9092 0.2189 -0.3542
vn -0.6715 -0.2587 -0.6944
vn 0.9305 -0.2341 0.2817
vn -0.4168 -0.8951 -0.1586
vn 0.5656 0.1293 0.8145
vn -0.8403 -0.4373 0.3204
vn 0.5001 0.8420 0.2024
vn -0.9319 -0.1873 -0.3107
vn 0.8709 -0.2727 0.4088
vn -0.9157 -0.4020 -0.0012
vn 0.7621 0.5449 0.3497
vn -0.8146 0.5799 0.0101
vn 0.9140 0.4056 0.0111
vn -0.7181 0.6548 -0.2357
vn 0.9776 -0.1845 -0.1016
vn -0.8549 -0.4163 -0.3096
vn 0.7574 -0.1900 0.6247
vn -0.8754 -0.4356 -0.2097
vn 0.4190 0.8026 0.4245
vn -0.6383 0.7597 -0.1244
vn 0.7114 0.7005 0.0556
vn -0.5609 0.7026 -0.4379
vn 0.9652 -0.1910 0.1785
vn -0.6291 -0.5462 -0.5530
vn 0.3858 0.0652 -0.9203
vn -0.1185 -0.9616 0.2476
vn 0.7791 0.4932 -0.3870
vn 0.2093 -0.6074 0.7663
vn -0.0982 0.9937 -0.0533
vn -0.2870 -0.2191 0.9325
vn -0.5487 0.6612 -0.5117
vn -0.6029 -0.7545 0.2594
vn 0.6144 -0.0465 0.7876
vn -0.7814 -0.5143 -0.3533
vn 0.6176 0.5311 0.5801
vn -0.6442 0.6876 -0.3350
vn 0.7425 0.4856 0.4614
vn -0.4413 0.5925 -0.6740
vn 0.8883 -0.1429 0.4365
vn -0.5118 -0.5763 -0.6371
vn 0.4225 0.0393 -0.9055
vn -0.2244 -0.9091 0.3510
vn 0.8462 0.3483 -0.4033
vn 0.0170 -0.6502 0.7596
vn 0.0302 0.9910 -0.1301
vn -0.3282 -0.2871 0.8999
vn -0.3832 0.6934 -0.6102
vn -0.6921 -0.5835 0.4249
vn 0.4400 0.0342 0.8974
vn -0.6881 -0.5538 -0.4689
vn 0.4646 0.5982 0.6529
vn -0.5833 0.6427 -0.4967
vn 0.6347 0.5206 0.5711
vn -0.3007 0.5070 -0.8078
vn 0.7841 -0.0819 0.6152
vn -0.3527 -0.6428 -0.6800
vn 0.4623 0.0681 -0.8841
vn -0.4650 -0.8000 0.3792
vn 0.9237 0.2283 -0.3077
vn -0.2888 -0.6916 0.6620
vn 0.3064 0.9498 -0.0632
vn -0.4493 -0.4498 0.7719
vn -0.1910 0.7662 -0.6136
vn -0.7364 -0.5231 0.4291
vn 0.2585 0.0970 0.9611
vn -0.5772 -0.5901 -0.5644
vn 0.3093 0.6469 0.6971
vn -0.5014 0.5875 -0.6352
vn 0.5051 0.5656 0.6519
vn -0.1454 0.4286 -0.8917
vn 0.6491 -0.0309 0.7601
vn -0.1948 -0.6850 -0.7020
vn 0.5657 0.1505 -0.8108
vn -0.6836 -0.6742 0.2796
vn 0.9837 0.1038 -0.1472
vn -0.5584 -0.6891 0.4619
vn 0.5375 0.8317 0.1393
vn -0.6400 -0.5420 0.5446
vn 0.0401 0.8634 -0.5029
vn -0.7951 -0.5225 0.3080
vn 0.0859 0.1161 0.9895
vn -0.4659 -0.6215 -0.6299
vn 0.1650 0.6852 0.7095
vn -0.4036 0.5400 -0.7386
vn 0.3697 0.6042 0.7058
vn -0.0033 0.3875 -0.9219
vn 0.5055 -0.0031 0.8628
vn -0.0421 -0.7135 -0.6993
vn 0.6901 0.2380 -0.6835
vn -0.8067 -0.5873 0.0651
vn 0.9998 0.0064 -0.0177
vn -0.6980 -0.6741 0.2418
vn 0.6204 0.6973 0.3590
vn -0.7635 -0.5551 0.3300
vn 0.2359 0.9281 -0.2880
vn -0.8742 -0.4749 0.1007
vn -0.0657 0.0728 0.9952
vn -0.3761 -0.6450 -0.6652
vn 0.0373 0.7369 0.6750
vn -0.3069 0.5296 -0.7908
vn 0.2421 0.6484 0.7218
vn 0.1116 0.4003 -0.9096
vn 0.3756 -0.0255 0.9264
vn 0.1026 -0.7317 -0.6739
vn -0.4708 0.7199 0.5099
vn -0.5553 -0.3155 -0.7695
vn 0.2436 0.8488 0.4692
vn 0.0914 -0.2115 -0.9731
vn 0.2011 0.0226 0.9793
vn 0.1890 -0.9816 0.0256
vn 0.0213 0.1378 0.9902
vn -0.2364 -0.9713 -0.0248
vn 0.2818 -0.4743 0.8341
vn 0.2300 -0.5599 -0.7960
vn -0.2774 -0.3180 0.9066
vn -0.2351 -0.3856 -0.8922
vn -0.3111 0.6765 0.6675
vn -0.2054 0.3552 -0.9119
vn 0.3107 0.4689 0.8268
vn 0.1699 0.2132 -0.9621
vn -0.3511 -0.3308 0.8760
vn -0.1918 -0.4558 -0.8692
vn -0.3488 0.7155 0.6054
vn -0.1816 0.3571 -0.9162
vn 0.2558 0.5371 0.8038
vn 0.2557 0.2175 -0.9420
vn 0.2418 -0.4553 0.8569
vn 0.2862 -0.6114 -0.7378
vn 0.2663 -0.4753 0.8386
vn 0.2994 -0.5906 -0.7494
vn -0.2905 -0.2902 0.9118
vn -0.2155 -0.3613 -0.9072
vn -0.3722 0.6116 0.6981
vn -0.2006 0.4863 -0.8505
vn 0.2791 0.3422 0.8972
vn 0.2047 0.3073 -0.9293
vn -0.3755 -0.3527 0.8571
vn -0.1584 -0.3635 -0.9180
vn -0.4284 0.6420 0.6359
vn -0.1299 0.4647 -0.8759
vn 0.2295 0.3936 0.8902
vn 0.2801 0.3105 -0.9084
vn 0.2105 -0.5158 0.8304
vn 0.3667 -0.5842 -0.7240
vn 0.2848 -0.3855 0.8777
vn 0.3201 -0.6964 -0.6423
vn -0.2836 -0.1096 0.9527
vn -0.1820 -0.4745 -0.8612
vn -0.3770 0.6153 0.6923
vn -0.2523 0.5191 -0.8166
vn 0.2229 0.3594 0.9062
vn 0.2347 0.2473 -0.9401
vn -0.3867 -0.2147 0.8969
vn -0.1319 -0.4240 -0.8960
vn -0.4722 0.6193 0.6273
vn -0.1617 0.5371 -0.8278
vn 0.1820 0.3419 0.9219
vn 0.3173 0.3097 -0.8963
vn 0.2031 -0.4412 0.8741
vn 0.4105 -0.6674 -0.6213
vn -0.3544 0.0040 0.9351
vn -0.0762 -0.5154 -0.8536
vn -0.4238 0.6489 0.6319
vn -0.2453 0.5131 -0.8225
vn 0.1127 0.4195 0.9008
vn 0.3438 0.1818 -0.9213
vn 0.2334 -0.3336 0.9134
vn 0.3686 -0.7160 -0.5928
vn 0.3693 -0.3822 0.8471
vn 0.0932 -0.5793 -0.8098
vn -0.1782 -0.2337 0.9558
vn -0.3063 -0.4460 -0.8410
vn -0.1801 0.7135 0.6771
vn -0.3203 0.2462 -0.9148
vn 0.3635 0.5459 0.7549
vn 0.0829 0.1073 -0.9908
vn 0.3340 -0.4712 0.8163
vn 0.1602 -0.5325 -0.8312
vn -0.1919 -0.3041 0.9331
vn -0.2932 -0.3425 -0.8926
vn -0.2542 0.6196 0.7426
vn -0.2594 0.4032 -0.8776
vn 0.3671 0.3829 0.8477
vn 0.0872 0.2545 -0.9631
vn 0.3355 -0.4199 0.8433
vn 0.2130 -0.6090 -0.7640
vn -0.1895 -0.2047 0.9603
vn -0.2705 -0.3943 -0.8783
vn -0.2906 0.5895 0.7537
vn -0.2828 0.4975 -0.8201
vn 0.3268 0.3258 0.8872
vn 0.1208 0.2815 -0.9519
vn 0.3439 -0.3719 0.8622
vn 0.2262 -0.6542 -0.7217
vn -0.1124 -0.1254 0.9857
vn -0.2753 -0.3967 -0.8757
vn -0.2584 0.6129 0.7467
vn -0.3451 0.5094 -0.7884
vn 0.2960 0.3283 0.8970
vn 0.1162 0.2507 -0.9611
vn -0.3289 0.7193 0.6119
vn -0.6023 -0.1277 -0.7880
vn 0.4490 0.7176 0.5324
vn -0.0018 -0.1889 -0.9820
vn 0.3218 0.0484 0.9456
vn 0.1536 -0.9852 -0.0765
vn 0.1357 0.1499 0.9793
vn -0.3362 -0.9399 -0.0601
vn 0.4598 -0.2411 0.8547
vn -0.0096 -0.6511 -0.7589
vn -0.0787 -0.1113 0.9907
vn -0.3704 -0.5374 -0.7576
vn -0.0909 0.7799 0.6193
vn -0.4588 0.3065 -0.8340
vn 0.4089 0.6180 0.6714
vn 0.0722 0.1474 -0.9864
vn 0.4125 -0.4318 0.8021
vn 0.0166 -0.5078 -0.8613
vn -0.0898 -0.2686 0.9591
vn -0.3654 -0.3617 -0.8577
vn -0.1344 0.6567 0.7421
vn -0.3455 0.2919 -0.8919
vn 0.4415 0.4588 0.7711
vn -0.0283 0.1589 -0.9869
vn 0.3982 -0.4449 0.8022
vn 0.0731 -0.5237 -0.8487
vn -0.0936 -0.2625 0.9604
vn -0.3519 -0.3370 -0.8733
vn -0.1724 0.5696 0.8037
vn -0.3317 0.4465 -0.8310
vn 0.4196 0.3259 0.8472
vn 0.0036 0.2746 -0.9615
vn 0.4154 -0.4261 0.8037
vn 0.1142 -0.5955 -0.7952
vn -0.0615 -0.1918 0.9795
vn -0.3461 -0.3820 -0.8569
vn -0.1759 0.5660 0.8054
vn -0.3709 0.4949 -0.7858
vn 0.3870 0.3079 0.8691
vn 0.0141 0.2681 -0.9633
vn -0.2391 -0.1426 0.9605
vn -0.2830 -0.6000 -0.7483
vn -0.1752 0.9605 0.2161
vn -0.0388 0.1189 -0.9921
vn 0.2779 0.8864 0.3702
vn -0.0017 0.0959 -0.9954
vn 0.2744 -0.2106 0.9383
vn 0.2249 -0.7161 -0.6607
vn 0.4979 -0.3402 0.7977
vn -0.1047 -0.5413 -0.8343
vn 0.0135 -0.1876 0.9822
vn -0.4332 -0.4238 -0.7955
vn -0.0143 0.6928 0.7210
vn -0.4539 0.2004 -0.8682
vn 0.4895 0.5270 0.6948
vn -0.1133 0.0729 -0.9909
vn 0.4683 -0.4399 0.7663
vn -0.0729 -0.4658 -0.8819
vn 0.0071 -0.2745 0.9616
vn -0.4281 -0.3140 -0.8475
vn -0.0527 0.5812 0.8120
vn -0.4010 0.3670 -0.8393
vn 0.5043 0.3644 0.7829
vn -0.1199 0.2247 -0.9670
vn 0.4744 -0.4498 0.7567
vn -0.0317 -0.5028 -0.8638
vn 0.0195 -0.2406 0.9704
vn -0.4147 -0.3275 -0.8489
vn -0.0632 0.5254 0.8485
vn -0.4107 0.4631 -0.7854
vn 0.4761 0.2940 0.8288
vn -0.0973 0.2736 -0.9569
vn 0.4708 -0.4720 0.7454
vn 0.0306 -0.5482 -0.8358
vn 0.1073 -0.2773 0.9548
vn -0.4678 -0.2584 -0.8452
vn -0.0540 0.5221 0.8512
vn -0.4482 0.5166 -0.7295
vn 0.4858 0.2210 0.8457
vn -0.1130 0.3353 -0.9353
vn -0.1073 0.7456 0.6577
vn -0.6511 -0.0523 -0.7572
vn 0.6299 0.6001 0.4931
vn -0.1123 -0.1894 -0.9755
vn 0.4723 0.0472 0.8802
vn 0.0891 -0.9816 -0.1689
vn 0.2866 0.1339 0.9486
vn -0.4124 -0.9053 -0.1014
vn 0.5857 -0.2324 0.7765
vn -0.1825 -0.6160 -0.7663
vn 0.1090 -0.0912 0.9899
vn -0.4916 -0.5081 -0.7072
vn 0.0598 0.7539 0.6543
vn -0.5728 0.3187 -0.7552
vn 0.5289 0.5934 0.6067
vn -0.0998 0.1612 -0.9819
vn 0.5440 -0.4015 0.7368
vn -0.2051 -0.4543 -0.8669
vn 0.1115 -0.2469 0.9626
vn -0.5010 -0.3319 -0.7993
vn 0.0566 0.6244 0.7791
vn -0.4871 0.2682 -0.8311
vn 0.5738 0.4350 0.6939
vn -0.2351 0.1489 -0.9605
vn 0.5358 -0.4504 0.7142
vn -0.1806 -0.4269 -0.8861
vn 0.1128 -0.2694 0.9564
vn -0.4882 -0.2866 -0.8243
vn 0.0541 0.5138 0.8562
vn -0.4698 0.4147 -0.7793
vn 0.5616 0.3026 0.7701
vn -0.2168 0.2555 -0.9422
vn 0.5394 -0.5170 0.6646
vn -0.1444 -0.4424 -0.8851
vn 0.1481 -0.3054 0.9406
vn -0.5104 -0.2521 -0.8221
vn 0.0586 0.4796 0.8755
vn -0.4893 0.4903 -0.7212
vn 0.5584 0.2348 0.7956
vn -0.2162 0.3111 -0.9254
vn 0.6261 -0.3358 0.7037
vn -0.3034 -0.4949 -0.8142
vn 0.2122 -0.1901 0.9586
vn -0.5669 -0.3875 -0.7270
vn 0.1611 0.6567 0.7367
vn -0.5866 0.2131 -0.7814
vn 0.6181 0.4930 0.6123
vn -0.3122 0.1003 -0.9447
vn 0.6012 -0.4318 0.6724
vn -0.3131 -0.3915 -0.8653
vn 0.2157 -0.2711 0.9381
vn -0.5639 -0.2736 -0.7792
vn 0.1620 0.5384 0.8270
vn -0.5416 0.3446 -0.7668
vn 0.6397 0.3426 0.6881
vn -0.3364 0.2153 -0.9168
vn 0.5970 -0.5057 0.6228
vn -0.3051 -0.3521 -0.8849
vn 0.2249 -0.3139 0.9225
vn -0.5651 -0.2231 -0.7943
vn 0.1729 0.4573 0.8724
vn -0.5419 0.4448 -0.7131
vn 0.6336 0.2483 0.7328
vn -0.3280 0.2860 -0.9003
vn 0.5713 -0.5788 0.5820
vn -0.2080 -0.4095 -0.8883
vn 0.2939 -0.4234 0.8569
vn -0.6501 -0.1168 -0.7508
vn 0.1798 0.4019 0.8978
vn -0.5501 0.5606 -0.6190
vn 0.6686 0.1031 0.7364
vn -0.3194 0.4294 -0.8448
vn 0.1343 0.7470 0.6512
vn -0.7198 -0.0048 -0.6942
vn 0.7871 0.4830 0.3836
vn -0.2463 -0.1924 -0.9499
vn 0.6281 0.0209 0.7778
vn -0.0099 -0.9652 -0.2614
vn 0.4503 0.0850 0.8888
vn -0.4800 -0.8695 -0.1167
vn 0.7135 -0.2573 0.6517
vn -0.3634 -0.5654 -0.7404
vn 0.3036 -0.1241 0.9447
vn -0.6216 -0.4632 -0.6317
vn 0.2130 0.7213 0.6590
vn -0.6870 0.3658 -0.6279
vn 0.6493 0.5597 0.5149
vn -0.2839 0.2215 -0.9329
vn 0.6712 -0.4015 0.6231
vn -0.4231 -0.3933 -0.8163
vn 0.3154 -0.2565 0.9136
vn -0.6357 -0.2930 -0.7142
vn 0.2554 0.5795 0.7739
vn -0.6244 0.2736 -0.7316
vn 0.6989 0.4032 0.5907
vn -0.4403 0.1692 -0.8818
vn 0.6564 -0.4783 0.5834
vn -0.4333 -0.3131 -0.8451
vn 0.3205 -0.3099 0.8951
vn -0.6325 -0.2113 -0.7452
vn 0.2814 0.4613 0.8414
vn -0.6049 0.3924 -0.6929
vn 0.7059 0.2750 0.6528
vn -0.4381 0.2602 -0.8604
vn 0.6254 -0.6036 0.4946
vn -0.4133 -0.2573 -0.8735
vn 0.3309 -0.4285 0.8408
vn -0.6743 -0.1039 -0.7311
vn 0.2969 0.3824 0.8750
vn -0.6033 0.5022 -0.6195
vn 0.7257 0.1510 0.6713
vn -0.4306 0.3683 -0.8240
vn 0.7470 -0.3522 0.5639
vn -0.5000 -0.4347 -0.7490
vn 0.4110 -0.2221 0.8842
vn -0.6979 -0.3421 -0.6293
vn 0.3447 0.6054 0.7174
vn -0.7168 0.2571 -0.6482
vn 0.7352 0.4523 0.5050
vn -0.5037 0.1570 -0.8495
vn 0.7171 -0.4495 0.5327
vn -0.5395 -0.3055 -0.7846
vn 0.4168 -0.3031 0.8570
vn -0.7024 -0.2192 -0.6772
vn 0.3748 0.4876 0.7885
vn -0.6760 0.3388 -0.6544
vn 0.7668 0.3155 0.5589
vn -0.5414 0.2305 -0.8086
vn 0.6833 -0.5712 0.4548
vn -0.5541 -0.1927 -0.8098
vn 0.4091 -0.4046 0.8179
vn -0.7168 -0.1017 -0.6898
vn 0.4003 0.3878 0.8303
vn -0.6638 0.4379 -0.6063
vn 0.7823 0.1989 0.5903
vn -0.5367 0.3180 -0.7815
vn 0.6334 -0.6565 0.4097
vn -0.4354 -0.2845 -0.8541
vn 0.4332 -0.5327 0.7270
vn -0.7990 -0.0189 -0.6011
vn 0.4149 0.2675 0.8697
vn -0.6319 0.6049 -0.4846
vn 0.8142 0.0080 0.5806
vn -0.4791 0.5085 -0.7155
vn 0.3725 0.7131 0.5939
vn -0.7939 0.0169 -0.6078
vn 0.9083 0.3636 0.2070
vn -0.3976 -0.1804 -0.8996
vn 0.7691 -0.0284 0.6385
vn -0.1257 -0.9360 -0.3289
vn 0.6180 0.0140 0.7860
vn -0.5418 -0.8321 -0.1182
vn 0.8234 -0.2881 0.4889
vn -0.5431 -0.4982 -0.6759
vn 0.4971 -0.1768 0.8495
vn -0.7438 -0.4162 -0.5229
vn 0.3793 0.6668 0.6415
vn -0.7825 0.4231 -0.4568
vn 0.7519 0.5217 0.4031
vn -0.4636 0.3004 -0.8336
vn 0.7808 -0.4139 0.4681
vn -0.6231 -0.3229 -0.7124
vn 0.5097 -0.2890 0.8104
vn -0.7656 -0.2445 -0.5950
vn 0.4533 0.5204 0.7236
vn -0.7523 0.2968 -0.5883
vn 0.8103 0.3666 0.4571
vn -0.6252 0.2091 -0.7520
vn 0.7417 -0.5292 0.4121
vn -0.6564 -0.1876 -0.7307
vn 0.5002 -0.3770 0.7796
vn -0.7725 -0.1236 -0.6228
vn 0.4931 0.4050 0.7700
vn -0.7279 0.3860 -0.5667
vn 0.8319 0.2432 0.4988
vn -0.6347 0.2774 -0.7212
vn 0.6750 -0.6651 0.3194
vn -0.6319 -0.1101 -0.7672
vn 0.4709 -0.5270 0.7075
vn -0.8093 0.0154 -0.5872
vn 0.5162 0.2847 0.8078
vn -0.6984 0.5221 -0.4896
vn 0.8603 0.0807 0.5034
vn -0.5958 0.4302 -0.6782
vn 0.8446 -0.3701 0.3870
vn -0.6813 -0.3628 -0.6357
vn 0.5956 -0.2658 0.7580
vn -0.8174 -0.2957 -0.4943
vn 0.5308 0.5319 0.6598
vn -0.8250 0.3051 -0.4757
vn 0.8367 0.4084 0.3650
vn -0.6761 0.2200 -0.7032
vn 0.8025 -0.4799 0.3545
vn -0.7366 -0.2050 -0.6445
vn 0.5909 -0.3523 0.7257
vn -0.8278 -0.1531 -0.5397
vn 0.5711 0.4291 0.6998
vn -0.7937 0.3415 -0.5035
vn 0.8708 0.2889 0.3977
vn -0.7187 0.2502 -0.6488
vn 0.7305 -0.6246 0.2761
vn -0.7461 -0.0680 -0.6624
vn 0.5518 -0.4889 0.6757
vn -0.8446 -0.0017 -0.5354
vn 0.6011 0.3182 0.7331
vn -0.7658 0.4414 -0.4677
vn 0.8984 0.1512 0.4124
vn -0.7022 0.3550 -0.6172
vn 0.6652 -0.7062 0.2425
vn -0.6282 -0.1897 -0.7546
vn 0.5346 -0.6088 0.5861
vn -0.9082 0.0391 -0.4166
vn 0.6149 0.1637 0.7714
vn -0.6892 0.6442 -0.3316
vn 0.9190 -0.0490 0.3912
vn -0.5906 0.5721 -0.5691
vn 0.6366 0.5917 0.4945
vn -0.8727 -0.0407 -0.4865
vn 0.9443 0.3285 0.0216
vn -0.4959 -0.2660 -0.8266
vn 0.8724 -0.0635 0.4846
vn -0.1581 -0.9341 -0.3202
vn 0.7779 0.0140 0.6283
vn -0.5502 -0.8321 -0.0699
vn 0.9036 -0.3254 0.2786
vn -0.7252 -0.4026 -0.5586
vn 0.6705 -0.2377 0.7028
vn -0.8500 -0.3641 -0.3806
vn 0.5533 0.5816 0.5963
vn -0.8403 0.4780 -0.2557
vn 0.8392 0.4915 0.2328
vn -0.6299 0.3863 -0.6738
vn 0.8604 -0.4289 0.2753
vn -0.7973 -0.2385 -0.5545
vn 0.6761 -0.3294 0.6591
vn -0.8764 -0.1953 -0.4402
vn 0.6342 0.4544 0.6255
vn -0.8561 0.3111 -0.4127
vn 0.8950 0.3403 0.2883
vn -0.7870 0.2358 -0.5701
vn 0.7919 -0.5677 0.2252
vn -0.8270 -0.0739 -0.5573
vn 0.6402 -0.4455 0.6258
vn -0.8862 -0.0370 -0.4619
vn 0.6727 0.3510 0.6514
vn -0.8310 0.3708 -0.4147
vn 0.9251 0.2165 0.3119
vn -0.7896 0.2935 -0.5389
vn 0.6944 -0.7035 0.1512
vn -0.7945 -0.0159 -0.6070
vn 0.5721 -0.5980 0.5614
vn -0.9106 0.0857 -0.4042
vn 0.7002 0.2051 0.6839
vn -0.7677 0.5478 -0.3324
vn 0.9511 0.0324 0.3073
vn -0.7126 0.4816 -0.5101
vn 0.9101 -0.3790 0.1676
vn -0.8438 -0.2763 -0.4600
vn 0.7506 -0.3100 0.5835
vn -0.9115 -0.2504 -0.3264
vn 0.6911 0.4691 0.5498
vn -0.9084 0.3076 -0.2833
vn 0.9017 0.3960 0.1738
vn -0.8356 0.2430 -0.4927
vn 0.8534 -0.4977 0.1552
vn -0.8851 -0.1115 -0.4518
vn 0.7266 -0.4005 0.5583
vn -0.9257 -0.0890 -0.3677
vn 0.7322 0.3793 0.5656
vn -0.8895 0.3141 -0.3317
vn 0.9388 0.2781 0.2033
vn -0.8585 0.2482 -0.4488
vn 0.7484 -0.6561 0.0975
vn -0.8802 0.0215 -0.4741
vn 0.6527 -0.5545 0.5162
vn -0.9348 0.0687 -0.3484
vn 0.7657 0.2538 0.5910
vn -0.8442 0.4412 -0.3044
vn 0.9703 0.1226 0.2086
vn -0.8177 0.3843 -0.4285
vn 0.6655 -0.7425 0.0762
vn -0.7878 -0.1153 -0.6050
vn 0.5981 -0.6658 0.4461
vn -0.9753 0.0625 -0.2121
vn 0.7779 0.0849 0.6227
vn -0.7212 0.6711 -0.1717
vn 0.9803 -0.0734 0.1836
vn -0.6660 0.6173 -0.4187
vn 0.9921 -0.1221 0.0291
vn -0.6313 0.7002 -0.3334
vn 0.7111 -0.7027 0.0235
vn -0.5176 -0.2127 -0.8287
vn 0.6559 -0.6625 0.3619
vn -0.9371 -0.0442 0.3461
vn 0.8051 0.0722 0.5887
vn -0.6549 0.7543 -0.0462
vn 0.9504 -0.3090 0.0348
vn -0.8493 -0.3756 -0.3711
vn 0.8212 -0.2778 0.4985
vn -0.9240 -0.3303 -0.1929
vn 0.6010 0.6377 0.4818
vn -0.9200 0.3831 -0.0820
vn 0.8310 0.5563 -0.0073
vn -0.8077 0.3873 -0.4445
vn 0.9057 -0.4197 0.0593
vn -0.9257 -0.1612 -0.3423
vn 0.8047 -0.3565 0.4747
vn -0.9546 -0.1525 -0.2558
vn 0.7758 0.4117 0.4781
vn -0.9387 0.2641 -0.2217
vn 0.9338 0.3478 0.0842
vn -0.9132 0.2100 -0.3492
vn 0.8136 -0.5804 0.0350
vn -0.9374 0.0035 -0.3483
vn 0.7392 -0.4982 0.4532
vn -0.9630 0.0205 -0.2687
vn 0.8141 0.3049 0.4943
vn -0.9094 0.3398 -0.2397
vn 0.9717 0.2133 0.1015
vn -0.8971 0.2926 -0.3312
vn 0.6930 -0.7209 -0.0080
vn -0.9067 0.0436 -0.4196
vn 0.6411 -0.6465 0.4136
vn -0.9729 0.1158 -0.2001
vn 0.8438 0.1366 0.5191
vn -0.8118 0.5607 -0.1630
vn 0.9954 0.0167 0.0945
vn -0.7888 0.5150 -0.3356
vn 0.9408 -0.3329 -0.0647
vn -0.9459 -0.2307 -0.2280
vn 0.8721 -0.3104 0.3783
vn -0.9650 -0.2285 -0.1288
vn 0.8098 0.4469 0.3802
vn -0.9691 0.2374 -0.0671
vn 0.9095 0.4143 -0.0328
vn -0.9459 0.1994 -0.2558
vn 0.8747 -0.4821 -0.0503
vn -0.9729 -0.0523 -0.2251
vn 0.8227 -0.4302 0.3715
vn -0.9844 -0.0512 -0.1685
vn 0.8478 0.3533 0.3954
vn -0.9583 0.2476 -0.1427
vn 0.9532 0.3020 -0.0113
vn -0.9517 0.2103 -0.2235
vn 0.7519 -0.6554 -0.0710
vn -0.9615 0.0746 -0.2646
vn 0.7196 -0.5969 0.3548
vn -0.9848 0.0997 -0.1424
vn 0.8856 0.2077 0.4155
vn -0.8978 0.4221 -0.1257
vn 0.9917 0.1285 -0.0091
vn -0.8916 0.3901 -0.2298
vn 0.6594 -0.7490 -0.0652
vn -0.9071 -0.0405 -0.4190
vn 0.6417 -0.7010 0.3110
vn -0.9982 0.0592 -0.0000
vn 0.8955 0.0308 0.4440
vn -0.7299 0.6835 -0.0115
vn 0.9975 -0.0623 -0.0319
vn -0.7114 0.6482 -0.2718
vn 0.8307 0.5539 -0.0566
vn -0.9942 -0.0980 -0.0440
vn 0.9942 -0.0104 -0.1071
vn -0.5619 -0.7956 -0.2265
vn 0.9938 -0.0779 0.0788
vn -0.3728 -0.9082 0.1901
vn 0.8295 0.2182 0.5141
vn -0.8404 -0.3275 0.4319
vn 0.9604 -0.1916 -0.2020
vn -0.9290 -0.3467 -0.1297
vn 0.9331 -0.2403 0.2675
vn -0.9388 -0.3438 0.0207
vn 0.8215 0.4952 0.2827
vn -0.9000 0.3797 0.2143
vn 0.8698 0.4723 -0.1427
vn -0.8854 0.4001 -0.2365
vn 0.9148 -0.3705 -0.1607
vn -0.9853 -0.1354 -0.1038
vn 0.8959 -0.3516 0.2716
vn -0.9886 -0.1422 -0.0504
vn 0.8637 0.4099 0.2934
vn -0.9872 0.1588 -0.0180
vn 0.9097 0.3954 -0.1264
vn -0.9851 0.1317 -0.1111
vn 0.8178 -0.5555 -0.1501
vn -0.9916 0.0384 -0.1236
vn 0.8062 -0.5232 0.2761
vn -0.9973 0.0414 -0.0602
vn 0.9077 0.2832 0.3097
vn -0.9579 0.2831 -0.0487
vn 0.9625 0.2449 -0.1163
vn -0.9583 0.2624 -0.1131
vn 0.6869 -0.7102 -0.1544
vn -0.9733 0.0788 -0.2157
vn 0.6848 -0.6765 0.2710
vn -0.9934 0.1143 0.0111
vn 0.9391 0.0972 0.3297
vn -0.8377 0.5460 0.0079
vn 0.9915 0.0396 -0.1239
vn -0.8358 0.5250 -0.1605
vn 0.9333 -0.2184 -0.2849
vn -0.9657 -0.2597 0.0021
vn 0.9548 -0.2530 0.1560
vn -0.9619 -0.2608 0.0824
vn 0.8770 0.4475 0.1750
vn -0.9826 0.0990 0.1573
vn 0.8605 0.4592 -0.2207
vn -0.9939 0.1067 -0.0271
vn 0.8669 -0.4308 -0.2509
vn -0.9990 -0.0449 0.0066
vn 0.8867 -0.4267 0.1782
vn -0.9977 -0.0526 0.0422
vn 0.9105 0.3598 0.2037
vn -0.9861 0.1552 0.0593
vn 0.9067 0.3595 -0.2205
vn -0.9901 0.1401 0.0052
vn 0.7458 -0.6238 -0.2339
vn -0.9949 0.0880 -0.0489
vn 0.7640 -0.6146 0.1964
vn -0.9931 0.0952 0.0687
vn 0.9576 0.1876 0.2186
vn -0.9241 0.3771 0.0620
vn 0.9594 0.1689 -0.2258
vn -0.9283 0.3706 -0.0294
vn 0.6468 -0.7360 -0.1998
vn -0.9769 0.0070 -0.2137
vn 0.6646 -0.7243 0.1836
vn -0.9768 0.0330 0.2117
vn 0.9690 0.0003 0.2470
vn -0.7272 0.6717 0.1414
vn 0.9686 -0.0217 -0.2477
vn -0.7383 0.6623 -0.1276
vn 0.6959 0.6540 -0.2966
vn -0.9981 -0.0068 0.0619
vn 0.9502 -0.0232 -0.3108
vn -0.5467 -0.8147 -0.1934
vn 0.9897 0.0727 -0.1234
vn -0.4140 -0.8794 0.2350
vn 0.9136 0.2989 0.2757
vn -0.8495 -0.2097 0.4841
vn 0.9186 -0.0670 -0.3894
vn -0.9104 -0.4088 0.0632
vn 0.9922 -0.1217 0.0285
vn -0.8784 -0.4225 0.2234
vn 0.8611 0.5061 0.0496
vn -0.8700 0.2596 0.4192
vn 0.7930 0.5330 -0.2952
vn -0.9514 0.3054 -0.0407
vn 0.8895 -0.2746 -0.3652
vn -0.9784 -0.1691 0.1187
vn 0.9492 -0.3080 0.0645
vn -0.9715 -0.1767 0.1579
vn 0.8958 0.4336 0.0977
vn -0.9797 0.0409 0.1963
vn 0.8305 0.4629 -0.3098
vn -0.9934 0.0417 0.1065
vn 0.7989 -0.5025 -0.3305
vn -0.9949 0.0284 0.0967
vn 0.8483 -0.5201 0.0996
vn -0.9882 0.0243 0.1511
vn 0.9519 0.2859 0.1104
vn -0.9656 0.2114 0.1513
vn 0.8968 0.3030 -0.3225
vn -0.9723 0.2103 0.1020
vn 0.6734 -0.6761 -0.2990
vn -0.9961 0.0876 -0.0037
vn 0.7107 -0.6908 0.1328
vn -0.9711 0.0853 0.2231
vn 0.9891 0.0799 0.1236
vn -0.8414 0.5084 0.1834
vn 0.9373 0.0912 -0.3364
vn -0.8558 0.5172 0.0147
vn 0.8779 -0.1144 -0.4650
vn -0.9286 -0.3184 0.1905
vn 0.9841 -0.1692 -0.0544
vn -0.9023 -0.3316 0.2755
vn 0.8802 0.4740 -0.0262
vn -0.9336 -0.0006 0.3582
vn 0.7717 0.5156 -0.3723
vn -0.9855 0.0237 0.1681
vn 0.8261 -0.3516 -0.4404
vn -0.9721 -0.0804 0.2204
vn 0.9171 -0.3985 -0.0127
vn -0.9647 -0.0869 0.2486
vn 0.9237 0.3829 0.0098
vn -0.9627 0.0608 0.2637
vn 0.8085 0.4281 -0.4038
vn -0.9741 0.0652 0.2167
vn 0.7196 -0.5700 -0.3966
vn -0.9840 0.0699 0.1639
vn 0.7888 -0.6134 0.0391
vn -0.9586 0.0609 0.2783
vn 0.9824 0.1866 0.0103
vn -0.9111 0.3223 0.2571
vn 0.8742 0.2307 -0.4272
vn -0.9258 0.3390 0.1674
vn 0.6279 -0.7034 -0.3331
vn -0.9997 0.0224 -0.0024
vn 0.6755 -0.7351 0.0572
vn -0.9066 -0.0304 0.4208
vn 0.9992 -0.0154 0.0357
vn -0.7127 0.6371 0.2936
vn 0.8918 0.0389 -0.4508
vn -0.7516 0.6593 0.0211
vn 0.5745 0.6451 -0.5038
vn -0.9890 0.0024 0.1476
vn 0.8834 0.0409 -0.4668
vn -0.5230 -0.8428 -0.1269
vn 0.9576 0.0426 -0.2849
vn -0.2689 -0.9142 0.3032
vn 0.9030 0.4145 0.1132
vn -0.7271 -0.1593 0.6678
vn 0.8362 0.0168 -0.5481
vn -0.8637 -0.4548 0.2173
vn 0.9855 -0.0422 -0.1646
vn -0.7906 -0.4825 0.3771
vn 0.8455 0.5199 -0.1219
vn -0.7911 0.1839 0.5833
vn 0.7027 0.5708 -0.4248
vn -0.9583 0.2534 0.1323
vn 0.8179 -0.1951 -0.5412
vn -0.9260 -0.2185 0.3079
vn 0.9574 -0.2586 -0.1287
vn -0.9088 -0.2290 0.3487
vn 0.8833 0.4603 -0.0894
vn -0.9205 -0.0386 0.3889
vn 0.7190 0.5192 -0.4621
vn -0.9544 -0.0232 0.2977
vn 0.7477 -0.4311 -0.5050
vn -0.9532 -0.0125 0.3019
vn 0.8612 -0.5026 -0.0753
vn -0.9341 -0.0195 0.3564
vn 0.9495 0.3003 -0.0907
vn -0.9246 0.1436 0.3529
vn 0.7814 0.3693 -0.5030
vn -0.9391 0.1619 0.3030
vn 0.6434 -0.6216 -0.4469
vn -0.9750 0.0743 0.2092
vn 0.7243 -0.6894 -0.0084
vn -0.9037 0.0326 0.4269
vn 0.9927 0.0778 -0.0917
vn -0.8098 0.4604 0.3637
vn 0.8328 0.1614 -0.5295
vn -0.8447 0.5010 0.1885
vn 0.7784 -0.0521 -0.6256
vn -0.8639 -0.3619 0.3503
vn 0.9639 -0.1205 -0.2375
vn -0.8141 -0.3806 0.4387
vn 0.8466 0.4961 -0.1930
vn -0.8459 -0.0604 0.5299
vn 0.6614 0.5546 -0.5049
vn -0.9402 -0.0201 0.3402
vn 0.7407 -0.2851 -0.6084
vn -0.9047 -0.1304 0.4056
vn 0.9077 -0.3723 -0.1937
vn -0.8868 -0.1368 0.4414
vn 0.8979 0.4019 -0.1795
vn -0.8903 0.0048 0.4553
vn 0.6759 0.4836 -0.5561
vn -0.9146 0.0265 0.4035
vn 0.6636 -0.4993 -0.5571
vn -0.9301 0.0287 0.3662
vn 0.7909 -0.5998 -0.1212
vn -0.8779 0.0022 0.4788
vn 0.9601 0.1960 -0.1997
vn -0.8498 0.2706 0.4524
vn 0.7412 0.3012 -0.5999
vn -0.8819 0.3136 0.3519
vn 0.5958 -0.6494 -0.4726
vn -0.9768 0.0175 0.2133
vn 0.6815 -0.7276 -0.0781
vn -0.7801 -0.1302 0.6120
vn 0.9826 -0.0214 -0.1847
vn -0.6729 0.5874 0.4497
vn 0.7684 0.1112 -0.6302
vn -0.7468 0.6400 0.1807
vn 0.4158 0.5924 -0.6901
vn -0.9712 -0.0420 0.2347
vn 0.7958 0.0773 -0.6006
vn -0.4781 -0.8767 -0.0537
vn 0.8946 0.0608 -0.4428
vn -0.1707 -0.9236 0.3433
vn 0.8527 0.5160 -0.0816
vn -0.6579 -0.1017 0.7462
vn 0.7216 0.0438 -0.6909
vn -0.7994 -0.4840 0.3560
vn 0.9430 -0.0095 -0.3327
vn -0.6857 -0.5186 0.5108
vn 0.8005 0.5332 -0.2736
vn -0.6815 0.1483 0.7167
vn 0.5903 0.5975 -0.5428
vn -0.9300 0.2242 0.2913
vn 0.7013 -0.1503 -0.6969
vn -0.8447 -0.2621 0.4668
vn 0.9221 -0.2398 -0.3037
vn -0.8086 -0.2737 0.5208
vn 0.8400 0.4784 -0.2561
vn -0.8220 -0.0751 0.5645
vn 0.5816 0.5607 -0.5894
vn -0.8851 -0.0393 0.4638
vn 0.6540 -0.3629 -0.6637
vn -0.8724 -0.0695 0.4839
vn 0.8394 -0.4848 -0.2456
vn -0.8323 -0.0830 0.5481
vn 0.9052 0.3111 -0.2894
vn -0.8311 0.1092 0.5453
vn 0.6297 0.4263 -0.6494
vn -0.8649 0.1547 0.4774
vn 0.5848 -0.5511 -0.5952
vn -0.9084 0.0469 0.4155
vn 0.7233 -0.6717 -0.1604
vn -0.7898 -0.0354 0.6124
vn 0.9479 0.0881 -0.3063
vn -0.7352 0.4080 0.5413
vn 0.6838 0.2379 -0.6898
vn -0.8014 0.4785 0.3588
vn 0.6439 -0.0444 -0.7638
vn -0.7817 -0.3949 0.4827
vn 0.9097 -0.1196 -0.3978
vn -0.6964 -0.4171 0.5840
vn 0.7871 0.5148 -0.3397
vn -0.7278 -0.0728 0.6820
vn 0.5231 0.5879 -0.6170
vn -0.8729 -0.0126 0.4878
vn 0.6100 -0.2422 -0.7545
vn -0.8081 -0.1828 0.5600
vn 0.8566 -0.3685 -0.3613
vn -0.7613 -0.1952 0.6183
vn 0.8399 0.4101 -0.3554
vn -0.7719 -0.0036 0.6357
vn 0.5157 0.5257 -0.6766
vn -0.8268 0.0484 0.5605
vn 0.5668 -0.4224 -0.7074
vn -0.8354 -0.0318 0.5488
vn 0.7653 -0.5776 -0.2842
vn -0.7479 -0.0774 0.6593
vn 0.8904 0.2093 -0.4041
vn -0.7348 0.2376 0.6353
vn 0.5741 0.3629 -0.7339
vn -0.7989 0.3197 0.5094
vn 0.5417 -0.5748 -0.6133
vn -0.9052 0.0069 0.4250
vn 0.6847 -0.6858 -0.2467
vn -0.6140 -0.2173 0.7588
vn 0.9161 -0.0134 -0.4008
vn -0.5973 0.5299 0.6020
vn 0.6050 0.1895 -0.7733
vn -0.7164 0.6060 0.3457
vn 0.2326 0.5095 -0.8284
vn -0.9438 -0.1170 0.3091
vn 0.6928 0.1016 -0.7139
vn -0.3736 -0.9276 0.0069
vn 0.8082 0.0489 -0.5869
vn -0.0502 -0.9339 0.3539
vn 0.7333 0.6260 -0.2654
vn -0.5839 -0.0630 0.8094
vn 0.5798 0.0204 -0.8145
vn -0.7151 -0.5221 0.4647
vn 0.8782 -0.0267 -0.4776
vn -0.5509 -0.5521 0.6258
vn 0.7244 0.5607 -0.4010
vn -0.5484 0.1504 0.8226
vn 0.4484 0.6264 -0.6376
vn -0.8747 0.2304 0.4264
vn 0.5477 -0.1540 -0.8224
vn -0.7472 -0.2974 0.5944
vn 0.8491 -0.2675 -0.4555
vn -0.6664 -0.3173 0.6747
vn 0.7724 0.4885 -0.4059
vn -0.6865 -0.0534 0.7251
vn 0.4182 0.5950 -0.6863
vn -0.7993 0.0163 0.6007
vn 0.5156 -0.3054 -0.8005
vn -0.7602 -0.1359 0.6353
vn 0.7801 -0.4730 -0.4095
vn -0.6744 -0.1711 0.7183
vn 0.8220 0.3139 -0.4751
vn -0.6824 0.1159 0.7218
vn 0.4544 0.4684 -0.7577
vn -0.7609 0.2063 0.6151
vn 0.4865 -0.4693 -0.7369
vn -0.8012 -0.0124 0.5982
vn 0.7020 -0.6333 -0.3257
vn -0.6285 -0.1258 0.7676
vn 0.8536 0.1145 -0.5082
vn -0.6129 0.3583 0.7043
vn 0.5023 0.3075 -0.8082
vn -0.7250 0.4639 0.5090
vn 0.4803 -0.1003 -0.8714
vn -0.6911 -0.4242 0.5852
vn 0.8290 -0.1847 -0.5279
vn -0.5415 -0.4538 0.7077
vn 0.7044 0.5314 -0.4705
vn -0.5731 -0.0190 0.8192
vn 0.3681 0.6168 -0.6958
vn -0.7987 0.0778 0.5967
vn 0.4419 -0.2346 -0.8659
vn -0.6934 -0.2301 0.6829
vn 0.7659 -0.3951 -0.5073
vn -0.5823 -0.2678 0.7676
vn 0.7540 0.4028 -0.5189
vn -0.6048 0.0493 0.7949
vn 0.3408 0.5514 -0.7614
vn -0.7182 0.1510 0.6792
vn 0.4229 -0.3501 -0.8358
vn -0.7078 -0.1107 0.6977
vn 0.7099 -0.5447 -0.4464
vn -0.5613 -0.1877 0.8060
vn 0.7775 0.2267 -0.5866
vn -0.5650 0.2276 0.7930
vn 0.3844 0.4094 -0.8274
vn -0.6904 0.3539 0.6310
vn 0.4465 -0.4811 -0.7544
vn -0.7865 -0.0326 0.6167
vn 0.6565 -0.6296 -0.4154
vn -0.4283 -0.3011 0.8520
vn 0.8039 0.0282 -0.5941
vn -0.4868 0.4584 0.7436
vn 0.4076 0.2873 -0.8668
vn -0.6555 0.5745 0.4902
vn 0.0620 0.4346 -0.8985
vn -0.9156 -0.2297 0.3299
vn 0.6056 0.0687 -0.7928
vn -0.2372 -0.9710 0.0308
vn 0.7163 0.0220 -0.6975
vn 0.0582 -0.9491 0.3095
vn 0.5659 0.7137 -0.4128
vn -0.5240 -0.0296 0.8512
vn 0.4199 -0.1039 -0.9016
vn -0.6354 -0.5333 0.5584
vn 0.8039 -0.1257 -0.5813
vn -0.3983 -0.5824 0.7086
vn 0.6375 0.5847 -0.5017
vn -0.4037 0.2187 0.8884
vn 0.2861 0.6719 -0.6831
vn -0.8038 0.2938 0.5172
vn 0.3644 -0.2098 -0.9073
vn -0.6422 -0.3292 0.6923
vn 0.7392 -0.3518 -0.5743
vn -0.4761 -0.3689 0.7983
vn 0.6854 0.4806 -0.5470
vn -0.5060 0.0495 0.8611
vn 0.2529 0.6080 -0.7526
vn -0.6973 0.1842 0.6927
vn 0.3375 -0.2764 -0.8998
vn -0.6287 -0.2032 0.7507
vn 0.6887 -0.4714 -0.5509
vn -0.4620 -0.2754 0.8430
vn 0.7056 0.3118 -0.6363
vn -0.4848 0.1624 0.8594
vn 0.2655 0.4879 -0.8315
vn -0.6383 0.3039 0.7072
vn 0.3475 -0.3739 -0.8599
vn -0.6655 -0.1150 0.7375
vn 0.6496 -0.5823 -0.4889
vn -0.4112 -0.2685 0.8711
vn 0.7178 0.1584 -0.6780
vn -0.4435 0.3141 0.8394
vn 0.2926 0.3865 -0.8747
vn -0.6267 0.4735 0.6188
vn 0.2897 -0.2403 -0.9264
vn -0.5977 -0.4368 0.6723
vn 0.7137 -0.3403 -0.6122
vn -0.3528 -0.4863 0.7994
vn 0.6200 0.5156 -0.5914
vn -0.3888 0.1472 0.9095
vn 0.2220 0.6076 -0.7626
vn -0.6898 0.2924 0.6623
vn 0.2437 -0.2767 -0.9295
vn -0.5747 -0.2771 0.7700
vn 0.6488 -0.4506 -0.6132
vn -0.3566 -0.3464 0.8677
vn 0.6431 0.3865 -0.6611
vn -0.3901 0.1640 0.9061
vn 0.1627 0.5484 -0.8202
vn -0.5970 0.3289 0.7317
vn 0.2425 -0.2858 -0.9271
vn -0.5648 -0.2149 0.7968
vn 0.6234 -0.5107 -0.5921
vn -0.3161 -0.3367 0.8870
vn 0.6338 0.2496 -0.7321
vn -0.3547 0.2418 0.9032
vn 0.1682 0.4593 -0.8722
vn -0.5710 0.4295 0.6996
vn 0.3084 -0.3676 -0.8774
vn -0.6331 -0.1171 0.7652
vn 0.5950 -0.5541 -0.5822
vn -0.2083 -0.4203 0.8831
vn 0.6529 0.1009 -0.7507
vn -0.3230 0.3894 0.8626
vn 0.1826 0.4064 -0.8953
vn -0.5746 0.5578 0.5989
vn -0.0536 0.4947 -0.8674
vn -0.7810 -0.4507 0.4324
vn 0.5130 -0.1118 -0.8511
vn -0.2381 -0.9509 0.1976
vn 0.6409 0.0011 -0.7676
vn 0.0481 -0.9581 0.2823
vn 0.4117 0.7590 -0.5043
vn -0.4843 -0.0612 0.8728
vn 0.2171 -0.3621 -0.9065
vn -0.5666 -0.4589 0.6844
vn 0.6898 -0.3634 -0.6262
vn -0.2644 -0.5526 0.7904
vn 0.5897 0.5645 -0.5776
vn -0.2509 0.4119 0.8760
vn 0.1057 0.6938 -0.7123
vn -0.6634 0.5011 0.5556
vn 0.1506 -0.3397 -0.9284
vn -0.5347 -0.3581 0.7654
vn 0.6092 -0.4767 -0.6337
vn -0.2470 -0.4253 0.8707
vn 0.5833 0.4467 -0.6784
vn -0.2813 0.2434 0.9282
vn 0.0950 0.5762 -0.8118
vn -0.5690 0.4193 0.7074
vn 0.1276 -0.2945 -0.9471
vn -0.5003 -0.2799 0.8194
vn 0.5747 -0.4955 -0.6513
vn -0.2032 -0.3953 0.8958
vn 0.5706 0.3096 -0.7607
vn -0.2504 0.2579 0.9332
vn 0.0499 0.5122 -0.8574
vn -0.5164 0.4601 0.7223
vn 0.1662 -0.2711 -0.9481
vn -0.5079 -0.2459 0.8256
vn 0.5662 -0.5197 -0.6398
vn -0.1457 -0.4463 0.8829
vn 0.5525 0.2181 -0.8045
vn -0.2268 0.2929 0.9289
vn 0.0627 0.4727 -0.8790
vn -0.5220 0.5184 0.6773
vn 0.0605 -0.4529 -0.8895
vn -0.4962 -0.4170 0.7615
vn 0.5713 -0.5198 -0.6352
vn -0.1454 -0.4980 0.8549
vn 0.5432 0.4390 -0.7157
vn -0.1660 0.4253 0.8897
vn 0.0515 0.5511 -0.8328
vn -0.5265 0.5595 0.6401
vn 0.0176 -0.3895 -0.9208
vn -0.4639 -0.3347 0.8202
vn 0.5251 -0.5464 -0.6525
vn -0.0906 -0.4422 0.8923
vn 0.5204 0.3675 -0.7708
vn -0.1429 0.3417 0.9289
vn -0.0432 0.5474 -0.8358
vn -0.4760 0.5373 0.6962
vn 0.0258 -0.2599 -0.9653
vn -0.4212 -0.3222 0.8478
vn 0.5135 -0.5015 -0.6963
vn -0.0366 -0.4963 0.8674
vn 0.4819 0.2826 -0.8294
vn -0.1108 0.3058 0.9456
vn -0.0768 0.5315 -0.8436
vn -0.4588 0.5527 0.6957
vn 0.1222 -0.2353 -0.9642
vn -0.4539 -0.2489 0.8556
vn 0.5000 -0.4781 -0.7221
vn 0.0225 -0.5552 0.8314
vn 0.4725 0.2025 -0.8578
vn -0.1186 0.3171 0.9409
vn -0.0432 0.5193 -0.8535
vn -0.4873 0.5724 0.6594
vn -0.2588 0.7744 -0.5774
vn -0.4586 0.7823 0.4216
vn -0.0566 -0.3328 -0.9413
vn -0.6823 -0.2147 0.6988
vn 0.5392 -0.5402 -0.6461
vn 0.3555 -0.4759 0.8045
vn 0.3794 0.1382 -0.9149
vn -0.0453 0.3296 0.9430
vn -0.0573 -0.5213 -0.8514
vn -0.4704 -0.3795 0.7967
vn 0.5204 -0.5685 -0.6372
vn -0.0796 -0.4910 0.8675
vn 0.5663 0.5849 -0.5807
vn -0.0116 0.5749 0.8181
vn -0.1609 0.7668 -0.6214
vn -0.4581 0.6497 0.6067
vn -0.0808 -0.5023 -0.8609
vn -0.4195 -0.3940 0.8178
vn 0.4814 -0.6060 -0.6332
vn 0.0158 -0.4960 0.8682
vn 0.4748 0.4034 -0.7822
vn -0.0343 0.4763 0.8786
vn -0.1205 0.5537 -0.8239
vn -0.4317 0.6305 0.6451
vn -0.1011 -0.3818 -0.9187
vn -0.3852 -0.3506 0.8537
vn 0.4588 -0.5723 -0.6797
vn 0.0805 -0.5259 0.8467
vn 0.4417 0.3270 -0.8354
vn 0.0001 0.4067 0.9135
vn -0.1886 0.5727 -0.7978
vn -0.4076 0.6243 0.6664
vn -0.0600 -0.1861 -0.9807
vn -0.3410 -0.3809 0.8594
vn 0.4582 -0.4819 -0.7468
vn 0.1173 -0.6070 0.7860
vn 0.3815 0.2909 -0.8774
vn 0.0135 0.2996 0.9540
vn -0.1854 0.5728 -0.7984
vn -0.4229 0.5982 0.6806
vn -0.2259 -0.5288 -0.8182
vn -0.3691 -0.4155 0.8313
vn 0.4282 -0.6453 -0.6327
vn 0.1102 -0.5198 0.8472
vn 0.4543 0.3726 -0.8092
vn 0.0925 0.5491 0.8306
vn -0.2314 0.5359 -0.8119
vn -0.3531 0.7049 0.6151
vn -0.1991 -0.5180 -0.8319
vn -0.3487 -0.3921 0.8513
vn 0.4113 -0.6534 -0.6356
vn 0.1867 -0.5610 0.8065
vn 0.3980 0.3785 -0.8356
vn 0.1031 0.5246 0.8451
vn -0.2666 0.5947 -0.7585
vn -0.3626 0.6883 0.6283
vn -0.2101 -0.3103 -0.9271
vn -0.2971 -0.4083 0.8632
vn 0.4070 -0.5635 -0.7189
vn 0.2343 -0.6359 0.7353
vn 0.3506 0.3274 -0.8774
vn 0.1259 0.4073 0.9046
vn -0.3204 0.6204 -0.7159
vn -0.3649 0.6712 0.6452
vn -0.1168 -0.0981 -0.9883
vn -0.2652 -0.4166 0.8695
vn 0.3912 -0.4309 -0.8132
vn 0.2111 -0.6570 0.7237
vn 0.2862 0.3382 -0.8965
vn 0.1162 0.2528 0.9605
vn -0.2606 0.6261 -0.7349
vn -0.4036 0.6163 0.6762
vn 0.4771 0.8384 -0.2634
vn 0.3135 -0.6356 0.7055
vn -0.1169 0.9917 -0.0540
vn -0.1964 -0.0905 0.9763
vn 0.0661 -0.4225 -0.9040
vn -0.0691 -0.9619 0.2645
vn 0.0654 -0.3711 -0.9263
vn 0.0441 -0.9494 0.3110
vn -0.4295 -0.5010 -0.7513
vn -0.3137 -0.3834 0.8687
vn 0.3400 -0.6891 -0.6400
vn 0.2212 -0.4955 0.8400
vn 0.4571 0.3775 -0.8053
vn 0.2864 0.5977 0.7488
vn -0.3887 0.6154 -0.6857
vn -0.2624 0.7944 0.5477
vn -0.3380 -0.5177 -0.7860
vn -0.2791 -0.4268 0.8602
vn 0.3538 -0.6772 -0.6452
vn 0.2662 -0.5821 0.7683
vn 0.3496 0.4087 -0.8431
vn 0.2601 0.5688 0.7802
vn -0.3553 0.6202 -0.6993
vn -0.3112 0.7460 0.5887
vn -0.3031 -0.4984 -0.8122
vn -0.2776 -0.4059 0.8707
vn 0.3634 -0.6715 -0.6458
vn 0.3348 -0.6397 0.6919
vn 0.3209 0.3640 -0.8744
vn 0.2197 0.5374 0.8142
vn -0.3939 0.6400 -0.6597
vn -0.3242 0.7243 0.6085
vn -0.3179 -0.1746 -0.9319
vn -0.1940 -0.5014 0.8432
vn 0.3620 -0.5240 -0.7709
vn 0.3359 -0.7304 0.5947
vn 0.2456 0.3726 -0.8949
vn 0.2472 0.3561 0.9012
vn -0.4154 0.6682 -0.6172
vn -0.3386 0.6865 0.6435
vn -0.5312 -0.4364 -0.7262
vn -0.2158 -0.4260 0.8786
vn 0.2819 -0.6936 -0.6628
vn 0.3544 -0.5965 0.7201
vn 0.2902 0.3751 -0.8804
vn 0.4661 0.5353 0.7044
vn -0.4397 0.5965 -0.6714
vn -0.2467 0.7805 0.5744
vn -0.4292 -0.5178 -0.7401
vn -0.2012 -0.4276 0.8813
vn 0.3136 -0.7091 -0.6315
vn 0.3991 -0.6438 0.6528
vn 0.2544 0.4056 -0.8779
vn 0.3676 0.5513 0.7490
vn -0.4510 0.6518 -0.6098
vn -0.2776 0.7420 0.6102
vn -0.4117 -0.4234 -0.8070
vn -0.1943 -0.4586 0.8672
vn 0.3259 -0.6638 -0.6732
vn 0.4395 -0.7178 0.5401
vn 0.2423 0.3745 -0.8950
vn 0.3249 0.5213 0.7891
vn -0.4956 0.6802 -0.5401
vn -0.2947 0.7512 0.5907
vn -0.3972 -0.0013 -0.9177
vn -0.0622 -0.5548 0.8296
vn 0.3009 -0.4412 -0.8455
vn 0.3496 -0.7303 0.5869
vn 0.1262 0.4626 -0.8776
vn 0.3677 0.2508 0.8955
vn -0.4506 0.7084 -0.5433
vn -0.3325 0.6733 0.6604
vn 0.4818 0.8425 -0.2407
vn 0.6075 -0.6005 0.5200
vn -0.1652 0.9573 0.2371
vn -0.1819 -0.1209 0.9759
vn -0.0558 -0.4402 -0.8962
vn -0.0601 -0.9979 0.0241
vn -0.2322 -0.2443 -0.9415
vn -0.0334 -0.9993 0.0163
vn -0.4735 -0.6111 -0.6343
vn -0.1412 -0.3901 0.9099
vn 0.2022 -0.7246 -0.6589
vn 0.4438 -0.6024 0.6635
vn 0.2539 0.3986 -0.8813
vn 0.3803 0.6946 0.6107
vn -0.4909 0.7583 -0.4290
vn -0.1249 0.7900 0.6002
vn -0.6075 -0.4111 -0.6796
vn -0.1250 -0.4305 0.8939
vn 0.2400 -0.6889 -0.6840
vn 0.4530 -0.6324 0.6284
vn 0.1902 0.4141 -0.8901
vn 0.5592 0.4683 0.6841
vn -0.5092 0.6574 -0.5555
vn -0.2229 0.7402 0.6343
vn -0.5087 -0.5107 -0.6932
vn -0.1311 -0.4349 0.8909
vn 0.2844 -0.7365 -0.6138
vn 0.5012 -0.6998 0.5090
vn 0.1715 0.3970 -0.9017
vn 0.4545 0.5457 0.7040
vn -0.5341 0.6699 -0.5157
vn -0.2394 0.7518 0.6144
vn -0.5377 -0.2485 -0.8057
vn -0.0759 -0.5605 0.8247
vn 0.2887 -0.6076 -0.7399
vn 0.4784 -0.7706 0.4210
vn 0.1498 0.4295 -0.8906
vn 0.4373 0.4577 0.7741
vn -0.5654 0.7076 -0.4239
vn -0.2722 0.7524 0.5999
vn -0.5653 -0.5491 -0.6155
vn -0.0487 -0.4270 0.9029
vn 0.1952 -0.7104 -0.6762
vn 0.5133 -0.6608 0.5476
vn 0.1149 0.3664 -0.9233
vn 0.4968 0.6420 0.5840
vn -0.5671 0.6480 -0.5084
vn -0.1742 0.7892 0.5889
vn -0.6702 -0.4061 -0.6212
vn -0.0335 -0.4208 0.9066
vn 0.2023 -0.7107 -0.6738
vn 0.5376 -0.6610 0.5235
vn 0.0977 0.4163 -0.9040
vn 0.6300 0.4426 0.6381
vn -0.5727 0.6800 -0.4579
vn -0.1778 0.7362 0.6530
vn -0.5910 -0.4530 -0.6675
vn -0.0572 -0.4715 0.8800
vn 0.2463 -0.7237 -0.6447
vn 0.5649 -0.7400 0.3652
vn 0.0973 0.4008 -0.9110
vn 0.5303 0.5329 0.6594
vn -0.6072 0.6803 -0.4106
vn -0.1973 0.7579 0.6218
vn -0.6491 0.0162 -0.7606
vn 0.1124 -0.6503 0.7513
vn 0.2429 -0.5128 -0.8234
vn 0.4374 -0.7664 0.4703
vn 0.0226 0.5424 -0.8398
vn 0.5704 0.3108 0.7603
vn -0.5852 0.7147 -0.3831
vn -0.2456 0.6917 0.6791
vn 0.4506 0.8783 -0.1600
vn 0.6836 -0.6659 0.2986
vn -0.1504 0.9637 0.2207
vn -0.1388 -0.1426 0.9800
vn -0.2934 -0.1136 -0.9492
vn 0.0440 -0.9683 -0.2458
vn -0.5033 -0.1694 -0.8473
vn -0.2153 -0.9755 -0.0440
vn -0.6892 -0.5045 -0.5200
vn 0.0080 -0.3663 0.9305
vn 0.0894 -0.7079 -0.7007
vn 0.5746 -0.6289 0.5238
vn 0.0990 0.3054 -0.9471
vn 0.5790 0.5827 0.5703
vn -0.6135 0.7016 -0.3624
vn 0.0063 0.7497 0.6617
vn -0.6275 -0.5250 -0.5749
vn 0.0324 -0.4179 0.9079
vn 0.1679 -0.7264 -0.6664
vn 0.5758 -0.6750 0.4613
vn 0.0209 0.4054 -0.9139
vn 0.5817 0.5773 0.5730
vn -0.6033 0.6826 -0.4124
vn -0.1538 0.7686 0.6210
vn -0.7201 -0.4007 -0.5665
vn 0.0501 -0.4138 0.9090
vn 0.1571 -0.7225 -0.6733
vn 0.6079 -0.6876 0.3971
vn 0.0054 0.4032 -0.9151
vn 0.6882 0.4307 0.5839
vn -0.6319 0.6800 -0.3718
vn -0.1062 0.7243 0.6812
vn -0.6997 -0.2710 -0.6610
vn 0.0529 -0.5679 0.8214
vn 0.1871 -0.6326 -0.7515
vn 0.5822 -0.7643 0.2773
vn 0.0213 0.4447 -0.8954
vn 0.6119 0.4775 0.6305
vn -0.6666 0.6758 -0.3145
vn -0.1674 0.7440 0.6469
vn -0.7765 -0.4247 -0.4656
vn 0.1109 -0.4243 0.8987
vn 0.0981 -0.7184 -0.6887
vn 0.6072 -0.6824 0.4071
vn -0.0428 0.3436 -0.9381
vn 0.7067 0.5329 0.4655
vn -0.6749 0.6220 -0.3970
vn -0.0546 0.7732 0.6319
vn -0.6816 -0.5075 -0.5271
vn 0.1219 -0.3865 0.9142
vn 0.1139 -0.7296 -0.6743
vn 0.6333 -0.6807 0.3682
vn -0.0562 0.4035 -0.9133
vn 0.6381 0.5489 0.5400
vn -0.6453 0.6953 -0.3164
vn -0.0745 0.7510 0.6561
vn -0.7632 -0.3467 -0.5453
vn 0.1246 -0.4323 0.8931
vn 0.0845 -0.6815 -0.7270
vn 0.6625 -0.6934 0.2832
vn -0.0783 0.3933 -0.9161
vn 0.7361 0.4173 0.5330
vn -0.6956 0.6549 -0.2953
vn -0.0388 0.7021 0.7111
vn -0.8045 0.0485 -0.5920
vn 0.2393 -0.7019 0.6709
vn 0.1499 -0.5077 -0.8484
vn 0.5193 -0.8015 0.2967
vn -0.1024 0.5459 -0.8316
vn 0.7262 0.3271 0.6046
vn -0.6926 0.6300 -0.3512
vn -0.0874 0.6248 0.7759
vn 0.4283 0.8890 -0.1619
vn 0.5846 -0.7799 0.2236
vn -0.1610 0.9144 0.3714
vn -0.0874 -0.0743 0.9934
vn -0.6458 0.5674 -0.5109
vn 0.0500 -0.9737 -0.2224
vn -0.6124 -0.1139 -0.7823
vn -0.2717 -0.9566 0.1049
vn -0.7634 -0.5313 -0.3672
vn 0.1450 -0.3426 0.9282
vn -0.0116 -0.7223 -0.6915
vn 0.6789 -0.6261 0.3835
vn -0.0749 0.2768 -0.9580
vn 0.6770 0.6038 0.4208
vn -0.6867 0.6864 -0.2394
vn 0.0504 0.7797 0.6241
vn -0.8196 -0.4042 -0.4060
vn 0.1931 -0.4223 0.8857
vn 0.0265 -0.7108 -0.7029
vn 0.6501 -0.6882 0.3222
vn -0.1443 0.4038 -0.9034
vn 0.7884 0.4536 0.4155
vn -0.6735 0.6768 -0.2974
vn 0.0170 0.7281 0.6852
vn -0.7387 -0.4696 -0.4835
vn 0.2093 -0.3677 0.9061
vn 0.0337 -0.6990 -0.7143
vn 0.6914 -0.6700 0.2703
vn -0.1433 0.3736 -0.9165
vn 0.6898 0.5173 0.5066
vn -0.7075 0.6614 -0.2489
vn 0.0221 0.7167 0.6970
vn -0.8117 -0.1495 -0.5647
vn 0.2099 -0.5215 0.8270
vn -0.0306 -0.5209 -0.8530
vn 0.6794 -0.7028 0.2110
vn -0.1556 0.4136 -0.8970
vn 0.7817 0.3704 0.5017
vn -0.7621 0.5824 -0.2828
vn 0.0213 0.6460 0.7631
vn -0.8456 -0.4177 -0.3323
vn 0.2627 -0.3999 0.8781
vn -0.0541 -0.6991 -0.7129
vn 0.6687 -0.6899 0.2773
vn -0.1742 0.3326 -0.9268
vn 0.7658 0.5584 0.3190
vn -0.7191 0.6596 -0.2188
vn 0.0666 0.7896 0.6100
vn -0.8472 -0.4069 -0.3417
vn 0.2875 -0.3869 0.8761
vn -0.0573 -0.6908 -0.7208
vn 0.7108 -0.6595 0.2447
vn -0.2193 0.4066 -0.8869
vn 0.8266 0.4278 0.3657
vn -0.7117 0.6705 -0.2094
vn 0.1308 0.6746 0.7265
vn -0.8094 -0.3524 -0.4698
vn 0.2852 -0.4032 0.8695
vn -0.1104 -0.5817 -0.8058
vn 0.7470 -0.6349 0.1971
vn -0.2322 0.3560 -0.9052
vn 0.7477 0.4824 0.4563
vn -0.7821 0.5986 -0.1730
vn 0.0761 0.6870 0.7226
vn -0.8606 0.1566 -0.4846
vn 0.3216 -0.6995 0.6382
vn -0.0866 -0.2827 -0.9553
vn 0.5791 -0.7900 0.2015
vn -0.2891 0.4827 -0.8267
vn 0.8465 0.2201 0.4848
vn -0.7554 0.5096 -0.4119
vn 0.1447 0.4655 0.8732
vn 0.4227 0.8883 -0.1795
vn 0.6217 -0.7451 0.2416
vn -0.1614 0.8792 0.4483
vn -0.0711 -0.1836 0.9804
vn -0.7304 0.5780 -0.3638
vn -0.2211 -0.9589 -0.1776
vn -0.6497 -0.1040 -0.7530
vn -0.3605 -0.9314 0.0508
vn -0.8102 -0.5339 -0.2418
vn 0.2948 -0.3824 0.8757
vn -0.1094 -0.7612 -0.6392
vn 0.6927 -0.7012 0.1689
vn -0.2705 0.3520 -0.8961
vn 0.7785 0.5433 0.3143
vn -0.6914 0.7104 -0.1315
vn 0.2653 0.7053 0.6574
vn -0.8830 -0.3848 -0.2687
vn 0.3553 -0.3981 0.8457
vn -0.1443 -0.6639 -0.7338
vn 0.7126 -0.6721 0.2013
vn -0.2885 0.3868 -0.8759
vn 0.8503 0.4355 0.2957
vn -0.7351 0.6527 -0.1831
vn 0.2308 0.6583 0.7165
vn -0.8702 -0.4017 -0.2852
vn 0.3609 -0.3660 0.8578
vn -0.1436 -0.6406 -0.7543
vn 0.7822 -0.6029 0.1570
vn -0.3046 0.3752 -0.8755
vn 0.8520 0.4245 0.3064
vn -0.7877 0.6021 -0.1303
vn 0.2088 0.6296 0.7484
vn -0.8707 -0.0270 -0.4910
vn 0.3614 -0.5388 0.7610
vn -0.3589 -0.2600 -0.8965
vn 0.7294 -0.6744 0.1146
vn -0.3349 0.3826 -0.8611
vn 0.8203 0.4003 0.4086
vn -0.8421 0.5098 -0.1758
vn 0.1899 0.6048 0.7734
vn -0.8811 -0.4298 -0.1972
vn 0.4099 -0.4038 0.8179
vn -0.2648 -0.6320 -0.7284
vn 0.7216 -0.6763 0.1477
vn -0.3214 0.3715 -0.8710
vn 0.8055 0.5565 0.2036
vn -0.7292 0.6814 -0.0633
vn 0.2915 0.7146 0.6359
vn -0.8976 -0.3926 -0.2006
vn 0.4448 -0.3562 0.8218
vn -0.2310 -0.6117 -0.7566
vn 0.7961 -0.5891 0.1383
vn -0.3706 0.3881 -0.8438
vn 0.8856 0.3986 0.2385
vn -0.7849 0.6140 -0.0831
vn 0.3106 0.5815 0.7519
vn -0.9104 -0.2690 -0.3142
vn 0.4337 -0.3896 0.8125
vn -0.3376 -0.4957 -0.8002
vn 0.8145 -0.5764 0.0663
vn -0.3819 0.3523 -0.8544
vn 0.8735 0.4203 0.2459
vn -0.8542 0.5137 -0.0801
vn 0.3018 0.6000 0.7409
vn -0.8865 0.3161 -0.3380
vn 0.4158 -0.7482 0.5170
vn -0.4300 0.1275 -0.8938
vn 0.5955 -0.7971 0.1005
vn -0.5102 0.4635 -0.7245
vn 0.9161 0.1638 0.3659
vn -0.8222 0.4617 -0.3329
vn 0.4043 0.3053 0.8622
vn 0.3617 0.9319 0.0280
vn 0.5255 -0.8462 0.0886
vn 0.0531 0.8485 0.5265
vn -0.2179 -0.5301 0.8194
vn -0.5384 0.8235 -0.1787
vn -0.6070 -0.7622 -0.2250
vn -0.1151 0.8993 -0.4220
vn -0.5920 -0.7307 -0.3400
vn -0.8463 -0.5216 -0.1079
vn 0.4486 -0.4295 0.7838
vn -0.3014 -0.7090 -0.6376
vn 0.6779 -0.7351 0.0029
vn -0.3962 0.4598 -0.7947
vn 0.8873 0.3260 0.3262
vn -0.6758 0.7370 -0.0110
vn 0.7072 0.2984 0.6409
vn -0.9079 -0.4011 -0.1220
vn 0.4969 -0.3895 0.7755
vn -0.3286 -0.5664 -0.7558
vn 0.7902 -0.6072 0.0826
vn -0.4181 0.4006 -0.8153
vn 0.8832 0.4347 0.1763
vn -0.7734 0.6338 0.0110
vn 0.4024 0.5611 0.7234
vn -0.9145 -0.3668 -0.1709
vn 0.5238 -0.3241 0.7878
vn -0.3464 -0.5696 -0.7454
vn 0.8438 -0.5346 0.0478
vn -0.4534 0.3512 -0.8192
vn 0.8977 0.4033 0.1774
vn -0.8413 0.5401 -0.0230
vn 0.4020 0.5682 0.7180
vn -0.9023 0.1280 -0.4116
vn 0.4608 -0.5443 0.7010
vn -0.6604 -0.0114 -0.7508
vn 0.7736 -0.6335 -0.0160
vn -0.5044 0.3525 -0.7883
vn 0.9162 0.3281 0.2299
vn -0.9119 0.3823 -0.1493
vn 0.4691 0.4531 0.7581
vn -0.8898 -0.4555 -0.0266
vn 0.5158 -0.4423 0.7337
vn -0.4475 -0.5210 -0.7268
vn 0.7724 -0.6345 -0.0266
vn -0.4252 0.4443 -0.7886
vn 0.8680 0.4754 0.1438
vn -0.7067 0.6834 0.1830
vn 0.5652 0.5002 0.6561
vn -0.9152 -0.3976 -0.0660
vn 0.5846 -0.3392 0.7370
vn -0.3904 -0.5776 -0.7169
vn 0.8410 -0.5407 0.0174
vn -0.4952 0.3954 -0.7736
vn 0.9075 0.4054 0.1101
vn -0.8061 0.5897 0.0485
vn 0.4748 0.5468 0.6897
vn -0.9532 -0.1688 -0.2510
vn 0.5918 -0.3543 0.7241
vn -0.6365 -0.3044 -0.7087
vn 0.8729 -0.4875 -0.0195
vn -0.5485 0.3088 -0.7770
vn 0.9121 0.3892 0.1286
vn -0.9140 0.4057 0.0009
vn 0.5235 0.5029 0.6878
vn -0.8878 0.4117 -0.2057
vn 0.4358 -0.7746 0.4584
vn -0.6207 0.3783 -0.6867
vn 0.5969 -0.8020 0.0231
vn -0.6992 0.4103 -0.5854
vn 0.9778 0.0748 0.1959
vn -0.8590 0.4149 -0.3000
vn 0.6029 0.1522 0.7832
vn 0.7314 0.6733 0.1084
vn -0.4398 -0.8733 -0.2096
vn 0.8772 0.4139 0.2433
vn -0.8273 -0.2262 0.5142
vn 0.3995 0.9120 0.0928
vn -0.9544 -0.1493 0.2583
vn 0.4597 0.8868 0.0472
vn -0.8578 -0.4189 -0.2977
vn -0.9116 -0.4071 0.0579
vn 0.5279 -0.6134 0.5874
vn -0.5454 -0.5164 -0.6602
vn 0.6569 -0.7150 -0.2392
vn -0.3303 0.7364 -0.5905
vn 0.9378 -0.2132 0.2739
vn -0.5304 0.7817 0.3279
vn 0.9011 -0.3068 0.3064
vn -0.9093 -0.4138 0.0427
vn 0.5989 -0.4238 0.6796
vn -0.4738 -0.5493 -0.6884
vn 0.8011 -0.5953 -0.0624
vn -0.4948 0.4648 -0.7342
vn 0.8939 0.4474 0.0284
vn -0.7307 0.6601 0.1745
vn 0.5426 0.5487 0.6360
vn -0.9349 -0.3486 -0.0669
vn 0.6659 -0.2881 0.6882
vn -0.5667 -0.4694 -0.6771
vn 0.9026 -0.4286 -0.0392
vn -0.5909 0.3367 -0.7331
vn 0.9109 0.4103 0.0439
vn -0.8865 0.4558 0.0795
vn 0.5674 0.5063 0.6494
vn -0.9241 0.2386 -0.2985
vn 0.5473 -0.5776 0.6057
vn -0.8215 0.1617 -0.5469
vn 0.7836 -0.6147 -0.0902
vn -0.7028 0.2868 -0.6510
vn 0.9563 0.2640 0.1257
vn -0.9565 0.2704 -0.1097
vn 0.6610 0.3556 0.6608
vn -0.8479 -0.5048 0.1617
vn 0.4832 -0.5858 0.6507
vn -0.5687 -0.5304 -0.6286
vn 0.7064 -0.6777 -0.2044
vn -0.4747 0.6354 -0.6090
vn 0.9585 0.2850 0.0085
vn -0.5822 0.7710 0.2579
vn 0.7072 0.3373 0.6214
vn -0.9122 -0.4027 0.0758
vn 0.6973 -0.3429 0.6295
vn -0.5666 -0.5064 -0.6500
vn 0.8850 -0.4573 -0.0874
vn -0.6058 0.4217 -0.6746
vn 0.8992 0.4321 -0.0689
vn -0.8394 0.5222 0.1508
vn 0.5947 0.5104 0.6211
vn -0.9810 -0.1083 -0.1607
vn 0.6885 -0.3599 0.6296
vn -0.8270 -0.1754 -0.5341
vn 0.9028 -0.4153 -0.1114
vn -0.6932 0.2713 -0.6678
vn 0.9262 0.3762 0.0263
vn -0.9459 0.3087 0.0993
vn 0.6772 0.4456 0.5855
vn -0.8661 0.4952 -0.0678
vn 0.4826 -0.7952 0.3671
vn -0.7095 0.4973 -0.4992
vn 0.5756 -0.8141 -0.0765
vn -0.8162 0.4038 -0.4133
vn 0.9997 0.0137 0.0216
vn -0.8904 0.4094 -0.1987
vn 0.7554 0.0444 0.6538
vn -0.6724 0.7350 -0.0873
vn 0.7608 -0.3472 0.5482
vn -0.8424 0.1619 0.5139
vn 0.6365 -0.7709 0.0250
vn -0.4235 0.0915 -0.9013
vn 0.5549 -0.7957 0.2427
vn -0.6411 0.7241 -0.2545
vn 0.9346 -0.3475 -0.0755
vn -0.8855 -0.4242 0.1896
vn 0.2111 -0.7500 0.6268
vn -0.5515 -0.5389 -0.6367
vn 0.3700 -0.8348 -0.4077
vn -0.1121 0.9708 -0.2121
vn 0.8748 -0.4474 -0.1859
vn -0.1169 0.9906 0.0711
vn 0.5766 -0.4914 0.6527
vn -0.8854 -0.4236 0.1917
vn 0.6667 -0.4783 0.5716
vn -0.6086 -0.4984 -0.6173
vn 0.8319 -0.5292 -0.1671
vn -0.4967 0.5812 -0.6446
vn 0.8216 0.5350 -0.1970
vn -0.7322 0.6144 0.2938
vn 0.5619 0.5905 0.5793
vn -0.9348 -0.3499 0.0617
vn 0.7556 -0.2937 0.5855
vn -0.7341 -0.3955 -0.5519
vn 0.9256 -0.3459 -0.1537
vn -0.6982 0.3446 -0.6275
vn 0.9053 0.4148 -0.0912
vn -0.9002 0.3861 0.2014
vn 0.7053 0.4492 0.5484
vn -0.9324 0.3119 -0.1826
vn 0.6269 -0.5979 0.4995
vn -0.9006 0.2476 -0.3572
vn 0.7794 -0.5997 -0.1811
vn -0.8221 0.2591 -0.5069
vn 0.9697 0.2443 -0.0049
vn -0.9792 0.2024 -0.0159
vn 0.7938 0.3015 0.5283
vn -0.8693 -0.4234 0.2550
vn 0.5649 -0.6029 0.5634
vn -0.5907 -0.5671 -0.5740
vn 0.7355 -0.6057 -0.3037
vn -0.4377 0.6575 -0.6133
vn 0.9452 0.3008 -0.1272
vn -0.7790 0.5596 0.2828
vn 0.8196 0.3743 0.4337
vn -0.8744 -0.4290 0.2267
vn 0.7633 -0.3807 0.5220
vn -0.7074 -0.4450 -0.5491
vn 0.8950 -0.3908 -0.2148
vn -0.6738 0.4746 -0.5663
vn 0.8664 0.4491 -0.2184
vn -0.8397 0.4671 0.2771
vn 0.7158 0.4532 0.5312
vn -0.9951 -0.0857 -0.0498
vn 0.7615 -0.3626 0.5373
vn -0.9453 -0.0863 -0.3147
vn 0.8902 -0.3741 -0.2602
vn -0.7832 0.2726 -0.5589
vn 0.9170 0.3846 -0.1055
vn -0.9248 0.2763 0.2616
vn 0.7961 0.3961 0.4576
vn -0.8204 0.5701 0.0426
vn 0.5139 -0.8127 0.2747
vn -0.7687 0.5419 -0.3398
vn 0.5500 -0.8200 -0.1585
vn -0.9000 0.3822 -0.2094
vn 0.9867 -0.0137 -0.1620
vn -0.9261 0.3501 -0.1404
vn 0.8570 0.0180 0.5150
vn 0.6251 0.6885 -0.3676
vn -0.5296 -0.2153 -0.8205
vn 0.7998 0.5089 0.3184
vn -0.5723 -0.8159 -0.0823
vn 0.6268 0.7037 0.3346
vn -0.8739 -0.4482 -0.1880
vn 0.1904 0.9388 -0.2870
vn -0.8304 -0.2371 -0.5042
vn -0.6968 -0.6691 0.2584
vn 0.3567 -0.7694 0.5300
vn -0.6768 -0.5516 -0.4875
vn 0.8213 -0.5236 -0.2267
vn -0.4716 0.8006 -0.3697
vn 0.9763 -0.2152 0.0247
vn -0.7002 0.6955 0.1611
vn 0.8604 0.0536 0.5067
vn -0.8292 -0.4370 0.3485
vn 0.7108 -0.5208 0.4728
vn -0.7268 -0.4412 -0.5263
vn 0.8336 -0.4693 -0.2913
vn -0.5943 0.5861 -0.5508
vn 0.8330 0.4671 -0.2967
vn -0.7729 0.5085 0.3795
vn 0.7346 0.4812 0.4782
vn -0.8929 -0.3933 0.2189
vn 0.8150 -0.3143 0.4868
vn -0.8254 -0.3662 -0.4297
vn 0.9065 -0.2957 -0.3015
vn -0.7621 0.3823 -0.5226
vn 0.8662 0.4391 -0.2384
vn -0.8650 0.3528 0.3568
vn 0.7904 0.4099 0.4552
vn -0.9374 0.3424 -0.0633
vn 0.6724 -0.6076 0.4227
vn -0.9319 0.3572 -0.0637
vn 0.7160 -0.6088 -0.3416
vn -0.8999 0.2417 -0.3631
vn 0.9544 0.2585 -0.1493
vn -0.9489 0.2337 0.2122
vn 0.8931 0.2797 0.3524
vn -0.7720 -0.4908 0.4040
vn 0.6405 -0.6517 0.4062
vn -0.7145 -0.5044 -0.4848
vn 0.7834 -0.4959 -0.3746
vn -0.4820 0.6962 -0.5319
vn 0.7287 0.6374 -0.2506
vn -0.7361 0.4345 0.5190
vn 0.6709 0.6510 0.3552
vn -0.7899 -0.4779 0.3842
vn 0.7999 -0.4192 0.4294
vn -0.7999 -0.3985 -0.4487
vn 0.8563 -0.3586 -0.3718
vn -0.7182 0.5165 -0.4662
vn 0.8122 0.4556 -0.3643
vn -0.7769 0.4516 0.4388
vn 0.7974 0.3942 0.4569
vn -0.9741 -0.1625 0.1572
vn 0.8146 -0.3749 0.4425
vn -0.9687 -0.1464 -0.2006
vn 0.8636 -0.3301 -0.3811
vn -0.8371 0.2969 -0.4594
vn 0.8616 0.4344 -0.2625
vn -0.8638 0.2659 0.4280
vn 0.8271 0.4339 0.3572
vn -0.7946 0.5709 0.2066
vn 0.5286 -0.8272 0.1906
vn -0.7897 0.5949 -0.1498
vn 0.4939 -0.8321 -0.2523
vn -0.9215 0.3841 -0.0565
vn 0.9450 -0.0026 -0.3270
vn -0.9125 0.3960 0.1024
vn 0.9503 -0.0076 0.3113
vn 0.2139 0.6919 -0.6896
vn 0.0772 -0.6105 -0.7883
vn 0.6504 0.6756 0.3472
vn 0.3914 -0.8714 0.2959
vn 0.1508 0.9001 0.4088
vn -0.6065 -0.7421 -0.2852
vn -0.1708 0.8845 -0.4341
vn -0.6883 -0.7247 0.0332
vn -0.5843 -0.6506 0.4850
vn 0.5846 -0.6678 0.4607
vn -0.6763 -0.6492 -0.3481
vn 0.7288 -0.4321 -0.5312
vn -0.6269 0.6404 -0.4437
vn 0.8662 0.3808 -0.3235
vn -0.7855 0.3655 0.4995
vn 0.8518 0.4789 0.2124
vn -0.6671 -0.5612 0.4900
vn 0.7092 -0.6030 0.3653
vn -0.8009 -0.3912 -0.4533
vn 0.7762 -0.4500 -0.4416
vn -0.6612 0.6402 -0.3911
vn 0.7479 0.5150 -0.4188
vn -0.7019 0.4949 0.5123
vn 0.8069 0.4054 0.4296
vn -0.7787 -0.4773 0.4072
vn 0.8398 -0.3676 0.3995
vn -0.8652 -0.3945 -0.3095
vn 0.8244 -0.3065 -0.4759
vn -0.8058 0.4158 -0.4217
vn 0.7695 0.4984 -0.3994
vn -0.7677 0.3660 0.5261
vn 0.8301 0.4360 0.3477
vn -0.9491 0.2954 0.1095
vn 0.7097 -0.6098 0.3528
vn -0.9585 0.2839 0.0257
vn 0.6917 -0.5814 -0.4284
vn -0.9229 0.2670 -0.2775
vn 0.8847 0.3328 -0.3263
vn -0.8900 0.2316 0.3927
vn 0.9085 0.3460 0.2342
vn -0.5963 -0.5196 0.6119
vn 0.6811 -0.6708 0.2936
vn -0.8146 -0.4015 -0.4185
vn 0.7047 -0.4908 -0.5124
vn -0.6425 0.6279 -0.4392
vn 0.5555 0.6713 -0.4908
vn -0.6403 0.3892 0.6623
vn 0.7406 0.5771 0.3442
vn -0.6050 -0.5987 0.5249
vn 0.8021 -0.5034 0.3212
vn -0.8399 -0.4264 -0.3357
vn 0.7620 -0.3693 -0.5319
vn -0.7262 0.5906 -0.3520
vn 0.6655 0.5626 -0.4906
vn -0.6593 0.4660 0.5900
vn 0.8358 0.4271 0.3452
vn -0.8857 -0.2772 0.3724
vn 0.8475 -0.3973 0.3520
vn -0.9776 -0.2007 -0.0630
vn 0.7625 -0.3412 -0.5497
vn -0.8701 0.3359 -0.3608
vn 0.7302 0.5182 -0.4453
vn -0.7372 0.3080 0.6015
vn 0.8518 0.4668 0.2378
vn -0.7587 0.5306 0.3778
vn 0.5290 -0.8373 0.1378
vn -0.8433 0.5324 -0.0735
vn 0.4643 -0.8299 -0.3094
vn -0.9201 0.3890 0.0452
vn 0.8695 0.0605 -0.4902
vn -0.8743 0.3859 0.2943
vn 0.9855 0.0606 0.1583
vn 0.2043 0.7916 -0.5759
vn 0.1392 -0.5278 -0.8379
vn 0.5395 0.7963 0.2736
vn 0.3742 -0.8968 0.2360
vn -0.1851 0.8688 0.4592
vn -0.5467 -0.7770 -0.3120
vn -0.2821 0.9087 -0.3078
vn -0.4622 -0.7967 0.3894
vn -0.5492 -0.6115 0.5696
vn 0.7366 -0.6149 0.2817
vn -0.7582 -0.5657 -0.3242
vn 0.6198 -0.3995 -0.6755
vn -0.7768 0.5317 -0.3374
vn 0.7010 0.5765 -0.4198
vn -0.7070 0.1622 0.6883
vn 0.8402 0.5399 0.0514
vn -0.5085 -0.5879 0.6291
vn 0.7376 -0.6217 0.2637
vn -0.8530 -0.4083 -0.3251
vn 0.6600 -0.4627 -0.5919
vn -0.6841 0.6705 -0.2871
vn 0.5592 0.5514 -0.6191
vn -0.6106 0.5134 0.6029
vn 0.8630 0.3918 0.3189
vn -0.5646 -0.5993 0.5675
vn 0.8420 -0.4568 0.2870
vn -0.8731 -0.4443 -0.2008
vn 0.7132 -0.3275 -0.6198
vn -0.8175 0.4878 -0.3062
vn 0.5950 0.6054 -0.5287
vn -0.6376 0.3835 0.6681
vn 0.8457 0.4856 0.2213
vn -0.9179 0.1374 0.3724
vn 0.7471 -0.5993 0.2875
vn -0.9721 0.1900 0.1375
vn 0.6367 -0.5501 -0.5404
vn -0.9396 0.2895 -0.1827
vn 0.7471 0.4324 -0.5048
vn -0.7388 0.2909 0.6079
vn 0.9025 0.4109 0.1288
vn -0.3860 -0.6067 0.6949
vn 0.6920 -0.6980 0.1843
vn -0.8869 -0.3659 -0.2820
vn 0.5918 -0.5248 -0.6119
vn -0.7660 0.5925 -0.2494
vn 0.4108 0.6929 -0.5926
vn -0.5617 0.3998 0.7243
vn 0.8112 0.5319 0.2428
vn -0.4113 -0.6431 0.6459
vn 0.7994 -0.5613 0.2143
vn -0.8612 -0.4688 -0.1962
vn 0.6303 -0.3877 -0.6726
vn -0.7420 0.6203 -0.2542
vn 0.4803 0.6090 -0.6312
vn -0.5396 0.4656 0.7015
vn 0.8654 0.4641 0.1890
vn -0.6536 -0.4616 0.5997
vn 0.8391 -0.4805 0.2552
vn -0.9487 -0.3160 -0.0021
vn 0.6316 -0.3662 -0.6834
vn -0.8679 0.4251 -0.2571
vn 0.5280 0.6200 -0.5804
vn -0.5851 0.3433 0.7348
vn 0.8496 0.5117 0.1279
vn -0.7126 0.4589 0.5307
vn 0.5435 -0.8325 0.1073
vn -0.8813 0.4717 0.0288
vn 0.4441 -0.8251 -0.3493
vn -0.9034 0.4216 0.0774
vn 0.7352 0.1913 -0.6502
vn -0.7577 0.4294 0.4914
vn 0.9875 0.1577 -0.0021
vn 0.1976 0.8543 -0.4808
vn 0.1547 -0.5322 -0.8323
vn 0.5003 0.8273 0.2555
vn 0.5108 -0.7685 0.3852
vn -0.7102 0.5564 0.4313
vn -0.6318 -0.7503 -0.1947
vn -0.2094 0.9235 -0.3214
vn -0.2533 -0.7945 0.5519
vn -0.4160 -0.6295 0.6562
vn 0.7910 -0.5870 0.1727
vn -0.8665 -0.4798 -0.1379
vn 0.5214 -0.4276 -0.7384
vn -0.8421 0.4868 -0.2320
vn 0.5918 0.6072 -0.5302
vn -0.5349 0.2577 0.8047
vn 0.8602 0.5049 -0.0713
vn -0.3380 -0.6366 0.6932
vn 0.7507 -0.6468 0.1341
vn -0.8880 -0.4353 -0.1479
vn 0.5340 -0.4684 -0.7039
vn -0.7161 0.6804 -0.1554
vn 0.3635 0.6267 -0.6893
vn -0.4874 0.5125 0.7069
vn 0.8849 0.4391 0.1555
vn -0.3549 -0.6526 0.6694
vn 0.8249 -0.5346 0.1836
vn -0.8680 -0.4889 -0.0866
vn 0.5634 -0.3591 -0.7441
vn -0.8082 0.5528 -0.2029
vn 0.4004 0.6486 -0.6474
vn -0.4894 0.4047 0.7725
vn 0.8531 0.5130 0.0948
vn -0.8022 -0.0148 0.5968
vn 0.7518 -0.6255 0.2088
vn -0.9669 0.0826 0.2414
vn 0.5203 -0.5618 -0.6432
vn -0.9117 0.3892 -0.1314
vn 0.5118 0.5650 -0.6472
vn -0.5693 0.3618 0.7382
vn 0.8781 0.4776 -0.0300
vn -0.2559 -0.5882 0.7672
vn 0.7397 -0.6718 0.0388
vn -0.9103 -0.4014 -0.1014
vn 0.4639 -0.5259 -0.7129
vn -0.8018 0.5805 -0.1419
vn 0.2541 0.7118 -0.6548
vn -0.3898 0.3922 0.8332
vn 0.8059 0.5887 0.0633
vn -0.2473 -0.6792 0.6910
vn 0.7826 -0.6147 0.0984
vn -0.8728 -0.4858 -0.0472
vn 0.4770 -0.4144 -0.7751
vn -0.7517 0.6470 -0.1276
vn 0.3037 0.6594 -0.6877
vn -0.3919 0.4748 0.7880
vn 0.8696 0.4915 0.0479
vn -0.4247 -0.5423 0.7250
vn 0.8214 -0.5529 0.1398
vn -0.9043 -0.4097 0.1201
vn 0.4958 -0.4075 -0.7669
vn -0.8408 0.5166 -0.1618
vn 0.3053 0.6769 -0.6697
vn -0.4511 0.3830 0.8061
vn 0.8203 0.5687 -0.0607
vn -0.6050 0.2789 0.7458
vn 0.5588 -0.8279 0.0474
vn -0.9094 0.3821 0.1643
vn 0.4466 -0.7923 -0.4156
vn -0.8810 0.4494 0.1481
vn 0.5467 0.3298 -0.7697
vn -0.6175 0.4477 0.6468
vn 0.9590 0.2064 -0.1944
vn 0.2166 0.8261 -0.5203
vn 0.2026 -0.4147 -0.8871
vn 0.4725 0.8464 0.2457
vn 0.5711 -0.7004 0.4282
vn -0.5657 0.6085 0.5565
vn -0.6038 -0.7968 -0.0233
vn -0.4901 0.8693 0.0644
vn -0.2212 -0.7855 0.5780
vn -0.2950 -0.6181 0.7287
vn 0.8297 -0.5575 -0.0295
vn -0.8378 -0.5444 0.0418
vn 0.3516 -0.4174 -0.8379
vn -0.8559 0.5125 -0.0696
vn 0.5172 0.5749 -0.6341
vn -0.3380 0.2721 0.9009
vn 0.7968 0.5293 -0.2915
vn -0.2025 -0.6327 0.7475
vn 0.7645 -0.6446 0.0038
vn -0.8926 -0.4506 0.0144
vn 0.3777 -0.4837 -0.7895
vn -0.7412 0.6708 -0.0255
vn 0.2188 0.6190 -0.7543
vn -0.3358 0.5239 0.7828
vn 0.8935 0.4491 -0.0046
vn -0.1898 -0.6741 0.7139
vn 0.7950 -0.6040 0.0560
vn -0.8335 -0.5420 0.1071
vn 0.4285 -0.4000 -0.8102
vn -0.7870 0.6108 -0.0873
vn 0.2168 0.6955 -0.6850
vn -0.3561 0.4368 0.8261
vn 0.8024 0.5826 -0.1292
vn -0.5773 -0.1781 0.7969
vn 0.7680 -0.6385 0.0510
vn -0.9347 -0.0351 0.3537
vn 0.4438 -0.5327 -0.7206
vn -0.8673 0.4948 -0.0542
vn 0.2901 0.6244 -0.7252
vn -0.4277 0.3699 0.8248
vn 0.8491 0.4702 -0.2408
vn -0.1127 -0.6087 0.7854
vn 0.7462 -0.6567 -0.1096
vn -0.9118 -0.4041 0.0732
vn 0.3157 -0.5365 -0.7827
vn -0.8373 0.5425 0.0677
vn 0.1786 0.6847 -0.7066
vn -0.2183 0.4387 0.8717
vn 0.8214 0.5642 -0.0837
vn -0.1029 -0.6761 0.7296
vn 0.7653 -0.6427 -0.0363
vn -0.8136 -0.5537 0.1771
vn 0.3393 -0.4496 -0.8263
vn -0.7523 0.6588 -0.0074
vn 0.1443 0.6768 -0.7219
vn -0.2639 0.5004 0.8246
vn 0.7943 0.5711 -0.2072
vn -0.2486 -0.5709 0.7825
vn 0.7994 -0.6007 -0.0086
vn -0.8534 -0.4232 0.3044
vn 0.3798 -0.3923 -0.8378
vn -0.8090 0.5870 -0.0320
vn 0.1719 0.6832 -0.7097
vn -0.3245 0.3732 0.8692
vn 0.7877 0.5484 -0.2806
vn -0.3266 -0.0855 0.9413
vn 0.5732 -0.8180 -0.0491
vn -0.9028 0.2944 0.3135
vn 0.4145 -0.7607 -0.4995
vn -0.8385 0.4802 0.2576
vn 0.3375 0.4146 -0.8451
vn -0.4572 0.4829 0.7468
vn 0.9051 0.1982 -0.3762
vn 0.1831 0.7800 -0.5985
vn 0.2082 -0.4683 -0.8587
vn 0.5738 0.7513 0.3262
vn 0.6345 -0.6854 0.3572
vn -0.5748 0.3293 0.7491
vn -0.4182 -0.8911 0.1762
vn -0.5921 0.5239 0.6124
vn -0.1060 -0.8639 0.4923
vn -0.0956 -0.6705 0.7358
vn 0.7901 -0.5652 -0.2372
vn -0.8322 -0.5222 0.1862
vn 0.2055 -0.4505 -0.8688
vn -0.8383 0.5317 0.1210
vn 0.3641 0.6351 -0.6812
vn -0.0553 0.4072 0.9117
vn 0.7364 0.5606 -0.3788
vn -0.0631 -0.6395 0.7662
vn 0.7419 -0.6530 -0.1523
vn -0.8017 -0.5396 0.2571
vn 0.2482 -0.5130 -0.8217
vn -0.7372 0.6656 0.1160
vn 0.0772 0.6471 -0.7585
vn -0.1951 0.5536 0.8096
vn 0.7841 0.5606 -0.2664
vn -0.0901 -0.6484 0.7560
vn 0.7746 -0.6241 -0.1022
vn -0.7890 -0.5260 0.3176
vn 0.3011 -0.3877 -0.8712
vn -0.7689 0.6375 0.0487
vn 0.1059 0.6752 -0.7300
vn -0.2366 0.4186 0.8768
vn 0.7530 0.5542 -0.3547
vn -0.3023 -0.3338 0.8929
vn 0.7318 -0.6762 -0.0846
vn -0.8762 -0.0971 0.4720
vn 0.3518 -0.5253 -0.7748
vn -0.8181 0.5716 0.0633
vn 0.1343 0.6441 -0.7531
vn -0.2943 0.3852 0.8747
vn 0.7966 0.4196 -0.4352
vn -0.0277 -0.6171 0.7864
vn 0.7124 -0.6368 -0.2950
vn -0.7886 -0.5239 0.3220
vn 0.1676 -0.5773 -0.7991
vn -0.7816 0.5717 0.2494
vn 0.0271 0.7230 -0.6903
vn -0.0612 0.5524 0.8313
vn 0.6860 0.6548 -0.3172
vn -0.0371 -0.6313 0.7747
vn 0.7407 -0.6306 -0.2317
vn -0.7528 -0.5296 0.3909
vn 0.2144 -0.4329 -0.8755
vn -0.7385 0.6553 0.1584
vn 0.0462 0.6559 -0.7535
vn -0.1541 0.4708 0.8687
vn 0.7199 0.5450 -0.4297
vn -0.1112 -0.5662 0.8167
vn 0.7556 -0.6367 -0.1539
vn -0.7872 -0.3879 0.4793
vn 0.2571 -0.3971 -0.8811
vn -0.7762 0.6199 0.1149
vn 0.0820 0.6552 -0.7509
vn -0.2034 0.3688 0.9070
vn 0.7305 0.4833 -0.4825
vn -0.0787 -0.3056 0.9489
vn 0.5656 -0.8064 -0.1730
vn -0.8511 0.2264 0.4736
vn 0.3494 -0.7260 -0.5923
vn -0.7678 0.5488 0.3308
vn 0.1398 0.4803 -0.8659
vn -0.3153 0.5076 0.8019
vn 0.8200 0.1762 -0.5445
vn 0.1949 0.6051 -0.7719
vn 0.2074 0.2897 -0.9344
vn 0.3064 0.8747 0.3755
vn 0.6788 -0.7336 0.0326
vn -0.0164 0.9917 0.1272
vn -0.3647 -0.7485 0.5538
vn -0.2067 0.5367 0.8181
vn -0.1745 -0.7828 0.5973
vn 0.0417 -0.7042 0.7087
vn 0.5784 -0.7664 -0.2796
vn -0.6815 -0.6346 0.3646
vn 0.0131 -0.6073 -0.7944
vn -0.5935 0.6523 0.4716
vn 0.2870 0.2252 -0.9311
vn -0.0316 0.5886 0.8078
vn 0.6451 0.2409 -0.7251
vn -0.0218 -0.5921 0.8056
vn 0.6897 -0.6183 -0.3769
vn -0.7168 -0.5137 0.4715
vn 0.1259 -0.4912 -0.8619
vn -0.7032 0.6476 0.2933
vn 0.0052 0.6416 -0.7671
vn -0.0795 0.5140 0.8541
vn 0.6776 0.5343 -0.5053
vn -0.0119 -0.6116 0.7911
vn 0.7235 -0.6326 -0.2763
vn -0.7227 -0.4670 0.5096
vn 0.1790 -0.3822 -0.9066
vn -0.7378 0.6322 0.2367
vn 0.0433 0.6282 -0.7768
vn -0.1283 0.3930 0.9105
vn 0.6806 0.4838 -0.5502
vn -0.0984 -0.3959 0.9130
vn 0.6696 -0.7117 -0.2126
vn -0.7864 -0.1041 0.6089
vn 0.2372 -0.5356 -0.8104
vn -0.7609 0.6176 0.1989
vn 0.0161 0.6379 -0.7700
vn -0.1705 0.3957 0.9024
vn 0.7035 0.3612 -0.6120
vn -0.0341 -0.5656 0.8240
vn 0.5993 -0.6334 -0.4896
vn -0.6696 -0.4982 0.5509
vn 0.0403 -0.5474 -0.8359
vn -0.5857 0.7451 0.3190
vn -0.0286 0.6766 -0.7358
vn 0.0426 0.6307 0.7748
vn 0.6289 0.5452 -0.5543
vn 0.0218 -0.5891 0.8078
vn 0.6620 -0.6169 -0.4256
vn -0.6710 -0.4647 0.5778
vn 0.1008 -0.4127 -0.9053
vn -0.6848 0.6236 0.3770
vn 0.0120 0.6002 -0.7997
vn -0.0546 0.4220 0.9050
vn 0.6234 0.4654 -0.6284
vn -0.0117 -0.5262 0.8503
vn 0.6820 -0.6567 -0.3218
vn -0.6851 -0.3328 0.6480
vn 0.1304 -0.4087 -0.9033
vn -0.7201 0.6331 0.2839
vn -0.0017 0.6246 -0.7810
vn -0.0800 0.3597 0.9296
vn 0.6217 0.4238 -0.6587
vn 0.0670 -0.3726 0.9256
vn 0.5309 -0.7836 -0.3228
vn -0.7444 0.1711 0.6455
vn 0.2602 -0.6705 -0.6948
vn -0.6745 0.6071 0.4201
vn -0.0197 0.5119 -0.8588
vn -0.1856 0.5075 0.8414
vn 0.7035 0.1501 -0.6947
vn -0.2547 0.5065 0.8237
vn 0.6597 0.0657 -0.7486
vn 0.3607 -0.4050 0.8402
vn 0.6173 -0.6009 -0.5078
vn -0.8200 -0.0844 0.5660
vn 0.0513 -0.5097 -0.8588
vn -0.4975 0.7386 0.4549
vn -0.2028 0.5906 -0.7811
vn -0.0005 -0.4692 0.8831
vn 0.5116 -0.6518 -0.5599
vn -0.6239 -0.4675 0.6263
vn -0.0521 -0.6152 -0.7866
vn -0.4979 0.8551 0.1448
vn -0.0761 0.6257 -0.7763
vn 0.1834 0.7397 0.6475
vn 0.5627 0.4913 -0.6649
vn 0.0542 -0.5872 0.8076
vn 0.5680 -0.6340 -0.5248
vn -0.6106 -0.4501 0.6516
vn 0.0201 -0.4520 -0.8918
vn -0.5945 0.6420 0.4841
vn 0.0264 0.5662 -0.8238
vn 0.0390 0.4645 0.8847
vn 0.5359 0.4258 -0.7291
vn 0.0516 -0.5591 0.8275
vn 0.6263 -0.6260 -0.4646
vn -0.6066 -0.4061 0.6835
vn 0.0490 -0.3769 -0.9250
vn -0.6571 0.6246 0.4220
vn -0.0216 0.5881 -0.8085
vn -0.0031 0.3670 0.9302
vn 0.5490 0.4248 -0.7198
vn 0.0455 -0.4018 0.9146
vn 0.5859 -0.7344 -0.3427
vn -0.6606 -0.0846 0.7460
vn 0.1095 -0.5419 -0.8333
vn -0.6789 0.6291 0.3786
vn -0.0607 0.5948 -0.8016
vn -0.0514 0.3994 0.9153
vn 0.5855 0.2982 -0.7538
vn 0.1226 -0.5524 0.8245
vn 0.4710 -0.6513 -0.5950
vn -0.5271 -0.4301 0.7329
vn -0.0626 -0.4808 -0.8746
vn -0.5086 0.6808 0.5271
vn -0.0147 0.4827 -0.8757
vn 0.1409 0.5177 0.8438
vn 0.4280 0.3635 -0.8275
vn 0.0989 -0.5614 0.8216
vn 0.5292 -0.6149 -0.5847
vn -0.5340 -0.4100 0.7394
vn -0.0271 -0.3890 -0.9209
vn -0.5639 0.6407 0.5211
vn -0.0339 0.5538 -0.8319
vn 0.0888 0.4041 0.9104
vn 0.4586 0.3965 -0.7953
vn 0.0877 -0.4790 0.8734
vn 0.5659 -0.6724 -0.4772
vn -0.5555 -0.2648 0.7882
vn 0.0027 -0.4224 -0.9064
vn -0.6206 0.6261 0.4721
vn -0.0671 0.5745 -0.8157
vn 0.0462 0.3502 0.9355
vn 0.4872 0.3578 -0.7967
vn 0.1446 -0.3414 0.9287
vn 0.4643 -0.7522 -0.4676
vn -0.5793 0.1038 0.8085
vn 0.1146 -0.6055 -0.7876
vn -0.5626 0.6476 0.5140
vn -0.1465 0.5250 -0.8384
vn -0.0502 0.4806 0.8755
vn 0.5462 0.1481 -0.8245
vn -0.6160 0.7870 0.0335
vn -0.4307 -0.8689 -0.2439
vn 0.0381 0.9730 0.2274
vn 0.0928 -0.7972 -0.5965
vn 0.0540 0.1209 0.9912
vn 0.1208 -0.9712 0.2054
vn -0.0934 0.1864 0.9780
vn -0.2189 -0.9231 0.3162
vn 0.2126 -0.4450 0.8700
vn 0.3383 -0.6765 -0.6541
vn -0.4235 -0.3783 0.8231
vn -0.1504 -0.5138 -0.8446
vn -0.4050 0.8168 0.4109
vn -0.1240 0.3446 -0.9305
vn 0.2682 0.6454 0.7152
vn 0.3206 0.2806 -0.9047
vn 0.1591 -0.5266 0.8351
vn 0.4198 -0.6006 -0.6805
vn -0.4489 -0.3912 0.8034
vn -0.1095 -0.4131 -0.9041
vn -0.4723 0.6798 0.5611
vn -0.0835 0.4766 -0.8752
vn 0.1853 0.4669 0.8647
vn 0.3535 0.3260 -0.8768
vn 0.1494 -0.5262 0.8371
vn 0.4816 -0.6292 -0.6100
vn -0.4649 -0.3402 0.8174
vn -0.0815 -0.3723 -0.9245
vn -0.5259 0.6236 0.5784
vn -0.0848 0.5349 -0.8406
vn 0.1365 0.3524 0.9258
vn 0.3887 0.3573 -0.8492
vn 0.1606 -0.3793 0.9112
vn 0.4718 -0.7340 -0.4885
vn -0.4909 -0.0744 0.8680
vn -0.0295 -0.5277 -0.8489
vn -0.5493 0.6317 0.5471
vn -0.1483 0.5528 -0.8200
vn 0.0772 0.3908 0.9172
vn 0.4286 0.2573 -0.8661
vn 0.6236 -0.7378 0.2583
vn -0.6627 -0.6968 -0.2745
vn 0.5078 -0.0197 0.8612
vn -0.5826 0.7830 0.2179
vn 0.9485 -0.3147 -0.0362
vn -0.3953 0.7508 -0.5292
vn 0.9785 -0.0911 -0.1851
vn -0.6570 0.7251 -0.2063
vn 0.7059 -0.6998 -0.1096
vn -0.6855 -0.1622 -0.7097
vn 0.6990 -0.6790 0.2245
vn -0.8343 -0.0858 0.5445
vn 0.9187 -0.0167 0.3947
vn -0.6544 0.7511 0.0869
vn 0.6620 -0.7378 0.1317
vn -0.7035 -0.6968 -0.1399
vn 0.7129 -0.1464 0.6858
vn -0.5366 0.7868 0.3049
vn 0.9215 -0.3000 -0.2467
vn -0.4545 0.7688 -0.4499
vn 0.9177 -0.0254 -0.3965
vn -0.6665 0.7408 -0.0836
vn 0.6839 -0.6875 -0.2442
vn -0.8267 -0.1131 -0.5511
vn 0.7155 -0.6918 0.0973
vn -0.6952 -0.1342 0.7061
vn 0.9800 -0.0622 0.1888
vn -0.6462 0.7316 0.2174
vn 0.6750 -0.7378 -0.0000
vn -0.7173 -0.6968 -0.0000
vn 0.8472 -0.2268 0.4805
vn -0.4897 0.7830 0.3835
vn 0.8505 -0.2548 -0.4601
vn -0.5029 0.7794 -0.3737
vn 0.7994 0.0851 -0.5948
vn -0.6655 0.7453 0.0401
vn 0.6423 -0.6646 -0.3817
vn -0.9330 -0.0668 -0.3536
vn 0.7176 -0.6960 -0.0266
vn -0.5224 -0.1968 0.8297
vn 0.9959 -0.0863 -0.0267
vn -0.6188 0.7012 0.3541
vn 0.6620 -0.7378 -0.1317
vn -0.7035 -0.6968 0.1399
vn 0.9251 -0.2715 0.2654
vn -0.4400 0.7711 0.4602
vn 0.7217 -0.1658 -0.6721
vn -0.5454 0.7828 -0.2995
vn 0.6166 0.2340 -0.7517
vn -0.6522 0.7379 0.1737
vn 0.5812 -0.6243 -0.5220
vn -0.9922 -0.0331 -0.1199
vn 0.7100 -0.6862 -0.1582
vn -0.3241 -0.2727 0.9059
vn 0.9636 -0.0965 -0.2494
vn -0.5672 0.6572 0.4963
vn 0.6236 -0.7378 -0.2583
vn -0.6627 -0.6968 0.2745
vn 0.9558 -0.2905 0.0448
vn -0.3864 0.7482 0.5393
vn 0.5092 -0.0127 -0.8605
vn -0.5859 0.7782 -0.2260
vn 0.3954 0.3899 -0.8316
vn -0.6177 0.7285 0.2962
vn 0.4964 -0.5660 -0.6582
vn -0.9922 -0.0322 0.1208
vn 0.6908 -0.6583 -0.2990
vn -0.1294 -0.3426 0.9305
vn 0.8805 -0.0919 -0.4650
vn -0.4982 0.5944 0.6313
vn 0.5613 -0.7378 -0.3750
vn -0.5964 -0.6968 0.3985
vn 0.9398 -0.2877 -0.1845
vn -0.3255 0.7069 0.6280
vn 0.2167 0.1845 -0.9587
vn -0.6271 0.7631 -0.1564
vn 0.1250 0.5799 -0.8051
vn -0.5643 0.7348 0.3762
vn 0.3598 -0.4995 -0.7880
vn -0.9352 -0.0639 0.3484
vn 0.6517 -0.6178 -0.4400
vn 0.0418 -0.3870 0.9211
vn 0.7505 -0.0516 -0.6588
vn -0.3963 0.5150 0.7601
vn 0.4773 -0.7378 -0.4773
vn -0.5072 -0.6968 0.5072
vn 0.8766 -0.2590 -0.4056
vn -0.2400 0.6496 0.7214
vn -0.0902 0.3572 -0.9297
vn -0.6659 0.7410 -0.0869
vn -0.1216 0.7286 -0.6741
vn -0.5074 0.7617 0.4029
vn 0.1737 -0.4224 -0.8896
vn -0.8298 -0.1270 0.5434
vn 0.5963 -0.5745 -0.5607
vn 0.2017 -0.4272 0.8814
vn 0.5826 0.0265 -0.8123
vn -0.2489 0.4240 0.8708
vn 0.3750 -0.7378 -0.5613
vn -0.3985 -0.6968 0.5964
vn 0.7844 -0.1871 -0.5913
vn -0.1301 0.5767 0.8065
vn -0.3604 0.4884 -0.7947
vn -0.7004 0.7137 0.0074
vn 0.2583 -0.7378 -0.6236
vn -0.2745 -0.6968 0.6627
vn 0.6611 -0.0843 -0.7455
vn 0.0186 0.4925 0.8701
vn -0.5493 0.5624 -0.6180
vn -0.7215 0.6837 0.1094
vn 0.9617 -0.1290 0.2419
vn -0.5796 0.6676 -0.4673
vn 0.7024 -0.6928 0.1634
vn -0.3245 -0.2730 -0.9056
vn 0.5928 -0.6324 0.4986
vn -0.9919 -0.0216 0.1255
vn 0.6364 0.1912 0.7473
vn -0.6377 0.7489 -0.1799
vn 0.6954 0.7154 0.0680
vn -0.3327 -0.5744 -0.7480
vn 0.8086 0.0566 0.5856
vn -0.3254 -0.7755 -0.5410
vn 0.1485 0.3524 0.9240
vn -0.6163 -0.6779 -0.4006
vn -0.0728 0.9396 0.3345
vn -0.7302 -0.3650 -0.5775
vn 0.6482 0.7475 -0.1453
vn -0.2517 -0.6659 -0.7023
vn 0.8599 0.2488 0.4458
vn -0.1401 -0.9492 -0.2817
vn 0.1145 0.5645 0.8175
vn -0.5886 -0.8057 -0.0664
vn -0.1794 0.9669 0.1812
vn -0.8088 -0.3825 -0.4468
vn 0.5373 0.7049 -0.4631
vn -0.2048 -0.8081 -0.5523
vn 0.8794 0.3808 0.2856
vn 0.0480 -0.9966 -0.0669
vn 0.0986 0.6965 0.7107
vn -0.5421 -0.7840 0.3024
vn -0.3341 0.9420 -0.0314
vn -0.8438 -0.4680 -0.2626
vn 0.3226 0.5112 -0.7966
vn -0.0060 -0.9721 -0.2344
vn 0.8077 0.5896 -0.0032
vn 0.2787 -0.9302 0.2389
vn 0.0068 0.8922 0.4516
vn -0.3765 -0.6028 0.7035
vn -0.5187 0.7907 -0.3251
vn -0.7665 -0.6357 0.0914
vn 0.1964 0.3122 -0.9295
vn 0.2607 -0.9643 -0.0460
vn 0.6280 0.7172 -0.3021
vn 0.5696 -0.7005 0.4300
vn -0.2756 0.9458 0.1716
vn -0.2116 -0.3443 0.9147
vn -0.7031 0.5829 -0.4073
vn -0.5884 -0.7337 0.3398
vn 0.1500 0.2556 -0.9551
vn 0.3513 -0.9314 -0.0949
vn 0.5000 0.7261 -0.4720
vn 0.7203 -0.5651 0.4023
vn -0.4136 0.9045 0.1042
vn -0.1482 -0.2443 0.9583
vn -0.7522 0.5569 -0.3522
vn -0.4718 -0.7605 0.4461
vn 0.1443 0.2541 -0.9564
vn 0.2735 -0.9351 -0.2255
vn 0.4437 0.7808 -0.4398
vn 0.7281 -0.5919 0.3459
vn -0.3640 0.9196 0.1480
vn -0.1218 -0.2604 0.9578
vn -0.7114 0.6423 -0.2853
vn -0.4396 -0.8323 0.3378
vn -0.3609 0.8191 -0.4458
vn -0.4219 0.8123 0.4028
vn -0.3393 -0.2424 -0.9089
vn -0.4757 -0.3118 0.8225
vn 0.4841 -0.5028 -0.7161
vn 0.4760 -0.5145 0.7132
vn 0.1556 0.2923 -0.9436
vn 0.2072 0.2392 0.9486
vn 0.5613 -0.7378 0.3750
vn -0.5964 -0.6968 -0.3985
vn 0.2403 0.1389 0.9607
vn -0.6231 0.7716 0.1283
vn 0.9353 -0.3076 0.1752
vn -0.3258 0.7204 -0.6123
vn 0.5956 0.8029 0.0231
vn -0.1492 -0.5905 -0.7931
vn 0.7961 0.2280 0.5605
vn -0.0888 -0.9043 -0.4177
vn 0.0084 0.4459 0.8950
vn -0.4956 -0.8286 -0.2604
vn -0.2713 0.9234 0.2714
vn -0.7181 -0.4013 -0.5685
vn 0.5268 0.8182 -0.2303
vn -0.0679 -0.6557 -0.7520
vn 0.8103 0.3793 0.4466
vn 0.1396 -0.9700 -0.1992
vn -0.0427 0.5564 0.8298
vn -0.4622 -0.8841 0.0684
vn -0.4176 0.9017 0.1124
vn -0.7608 -0.4582 -0.4596
vn 0.3579 0.7163 -0.5990
vn 0.0357 -0.8304 -0.5560
vn 0.7964 0.5486 0.2545
vn 0.3650 -0.9300 0.0429
vn -0.0992 0.7072 0.7000
vn -0.3551 -0.8058 0.4739
vn -0.5891 0.7977 -0.1291
vn -0.7487 -0.6227 -0.2272
vn 0.1798 0.4376 -0.8810
vn 0.2854 -0.9305 -0.2296
vn 0.6477 0.7476 -0.1466
vn 0.6164 -0.7199 0.3191
vn -0.2697 0.8817 0.3871
vn -0.2035 -0.5299 0.8233
vn -0.7488 0.5693 -0.3394
vn -0.5905 -0.7750 0.2250
vn 0.1184 0.3060 -0.9446
vn 0.4192 -0.8957 -0.1484
vn 0.4719 0.7927 -0.3859
vn 0.7749 -0.5072 0.3772
vn -0.4705 0.8613 0.1920
vn -0.1108 -0.3096 0.9444
vn -0.8151 0.4715 -0.3365
vn -0.4413 -0.8196 0.3654
vn 0.1164 0.2761 -0.9540
vn 0.3747 -0.9014 -0.2170
vn 0.4113 0.7860 -0.4616
vn 0.7994 -0.5065 0.3231
vn -0.4539 0.8748 0.1694
vn -0.1067 -0.2621 0.9591
vn -0.7787 0.5560 -0.2907
vn -0.4190 -0.8210 0.3878
vn 0.1276 0.1445 -0.9812
vn 0.1761 -0.9748 -0.1373
vn 0.4128 0.8456 -0.3384
vn 0.7332 -0.6221 0.2745
vn -0.3012 0.9284 0.2178
vn -0.1049 -0.2575 0.9606
vn -0.7064 0.6758 -0.2103
vn -0.3176 -0.9204 0.2280
vn 0.1317 -0.7378 -0.6621
vn -0.1399 -0.6968 0.7035
vn 0.5119 0.0492 -0.8576
vn 0.1978 0.3928 0.8981
vn -0.6403 0.5789 -0.5048
vn -0.7161 0.6435 0.2704
vn 0.8860 -0.1113 0.4500
vn -0.5035 0.6194 -0.6023
vn 0.6761 -0.6716 0.3030
vn -0.1315 -0.3274 -0.9357
vn 0.4991 -0.5887 0.6359
vn -0.9946 -0.0277 -0.1001
vn 0.4306 0.3237 0.8425
vn -0.5986 0.7434 -0.2984
vn 0.5314 0.8348 0.1438
vn -0.0888 -0.5283 -0.8444
vn 0.7214 0.1586 0.6741
vn -0.0030 -0.8435 -0.5372
vn -0.0267 0.3101 0.9503
vn -0.4501 -0.8027 -0.3912
vn -0.3510 0.8828 0.3122
vn -0.6296 -0.3978 -0.6674
vn 0.4528 0.8901 -0.0526
vn 0.0459 -0.5468 -0.8360
vn 0.7280 0.3846 0.5675
vn 0.2276 -0.9270 -0.2982
vn -0.1508 0.4382 0.8861
vn -0.3470 -0.9340 -0.0852
vn -0.5019 0.8416 0.1995
vn -0.6506 -0.4730 -0.5942
vn 0.3200 0.8819 -0.3462
vn 0.1450 -0.6068 -0.7815
vn 0.7076 0.5348 0.4618
vn 0.4530 -0.8866 -0.0932
vn -0.2249 0.5120 0.8290
vn -0.2430 -0.9411 0.2350
vn -0.6576 0.7531 0.0187
vn -0.6464 -0.5849 -0.4900
vn 0.1435 0.6776 -0.7213
vn 0.2975 -0.7987 -0.5230
vn 0.6243 0.7557 0.1978
vn 0.6820 -0.7140 0.1588
vn -0.3142 0.6852 0.6571
vn -0.1156 -0.7754 0.6208
vn -0.8135 0.5420 -0.2109
vn -0.5417 -0.8256 -0.1579
vn 0.0586 0.4027 -0.9135
vn 0.4789 -0.8325 -0.2784
vn 0.4643 0.8422 -0.2740
vn 0.8332 -0.4592 0.3081
vn -0.5162 0.7802 0.3534
vn 0.0017 -0.4684 0.8835
vn -0.8746 0.4055 -0.2657
vn -0.3922 -0.8803 0.2670
vn 0.0742 0.3231 -0.9434
vn 0.4617 -0.8510 -0.2501
vn 0.3539 0.8499 -0.3903
vn 0.8574 -0.4094 0.3117
vn -0.5267 0.8146 0.2430
vn -0.0586 -0.3197 0.9457
vn -0.8493 0.4413 -0.2897
vn -0.3681 -0.8731 0.3198
vn 0.1059 0.2505 -0.9623
vn 0.3103 -0.8997 -0.3070
vn 0.3809 0.8367 -0.3935
vn 0.8067 -0.5233 0.2746
vn -0.4070 0.8853 0.2249
vn -0.0928 -0.2582 0.9616
vn -0.7692 0.5894 -0.2468
vn -0.4324 -0.8554 0.2851
vn -0.4128 0.7841 -0.4634
vn -0.3537 0.7551 0.5521
vn -0.6322 -0.1567 -0.7588
vn -0.2223 -0.4340 0.8731
vn 0.4388 -0.4591 -0.7724
vn 0.5590 -0.5610 0.6106
vn -0.0692 0.4487 -0.8910
vn 0.4778 0.1765 0.8606
vn 0.4773 -0.7378 0.4773
vn -0.5072 -0.6968 -0.5072
vn -0.0400 0.2838 0.9581
vn -0.6589 0.7514 0.0343
vn 0.8852 -0.2714 0.3778
vn -0.2344 0.6763 -0.6983
vn 0.3553 0.9337 0.0446
vn 0.1281 -0.4745 -0.8709
vn 0.6597 0.3539 0.6630
vn 0.3026 -0.8871 -0.3485
vn -0.2012 0.3376 0.9196
vn -0.2591 -0.9513 -0.1673
vn -0.5595 0.8017 0.2104
vn -0.5711 -0.4679 -0.6744
vn 0.2187 0.9598 -0.1759
vn 0.2420 -0.4539 -0.8576
vn 0.5993 0.5295 0.6004
vn 0.5331 -0.8275 -0.1763
vn -0.2992 0.3795 0.8755
vn -0.1287 -0.9857 0.1089
vn -0.7037 0.7040 0.0958
vn -0.5258 -0.5722 -0.6293
vn 0.0525 0.8710 -0.4884
vn 0.3294 -0.5495 -0.7678
vn 0.5207 0.7032 0.4841
vn 0.7353 -0.6764 0.0430
vn -0.3772 0.4641 0.8015
vn 0.0132 -0.9135 0.4066
vn -0.8427 0.5278 -0.1060
vn -0.4403 -0.7414 -0.5065
vn -0.0899 0.5875 -0.8042
vn 0.5108 -0.7015 -0.4969
vn 0.3935 0.9117 0.1184
vn 0.8787 -0.4180 0.2304
vn -0.5109 0.6170 0.5986
vn 0.1536 -0.6561 0.7389
vn -0.9206 0.3203 -0.2236
vn -0.3252 -0.9400 -0.1029
vn 0.0024 0.4062 -0.9138
vn 0.5301 -0.7709 -0.3530
vn 0.3144 0.9042 -0.2891
vn 0.9155 -0.3220 0.2412
vn -0.5759 0.7213 0.3847
vn 0.0734 -0.4608 0.8845
vn -0.9179 0.3370 -0.2096
vn -0.2841 -0.9294 0.2354
vn 0.0681 0.3098 -0.9484
vn 0.4143 -0.8455 -0.3368
vn 0.3176 0.8887 -0.3307
vn 0.8709 -0.4053 0.2781
vn -0.4941 0.8179 0.2948
vn -0.0502 -0.3148 0.9478
vn -0.8407 0.4730 -0.2637
vn -0.3811 -0.8966 0.2256
vn 0.0805 0.0491 -0.9955
vn 0.1975 -0.9424 -0.2700
vn 0.4144 0.8640 -0.2861
vn 0.7807 -0.5765 0.2410
vn -0.2873 0.9080 0.3048
vn -0.0771 -0.2350 0.9689
vn -0.7821 0.5778 -0.2331
vn -0.3801 -0.8979 0.2220
vn -0.0000 -0.7378 -0.6750
vn -0.0000 -0.6968 0.7173
vn 0.3450 0.2168 -0.9132
vn 0.3942 0.2687 0.8789
vn -0.6942 0.5979 -0.4008
vn -0.6869 0.6005 0.4093
vn 0.7695 -0.0542 0.6364
vn -0.3965 0.5512 -0.7342
vn 0.6342 -0.6422 0.4307
vn 0.0499 -0.3686 -0.9282
vn 0.3593 -0.5345 0.7650
vn -0.9441 -0.0537 -0.3253
vn 0.1766 0.4986 0.8487
vn -0.5511 0.7245 -0.4141
vn 0.2817 0.9555 0.0876
vn 0.1636 -0.4172 -0.8940
vn 0.5983 0.2864 0.7483
vn 0.3557 -0.8357 -0.4185
vn -0.1733 0.2553 0.9512
vn -0.2387 -0.9420 -0.2361
vn -0.5871 0.7843 0.2005
vn -0.5419 -0.4362 -0.7184
vn 0.1233 0.9869 -0.1045
vn 0.2997 -0.3738 -0.8778
vn 0.5370 0.4998 0.6796
vn 0.5919 -0.7859 -0.1789
vn -0.3213 0.2990 0.8985
vn -0.0599 -0.9952 0.0777
vn -0.7169 0.6893 0.1042
vn -0.4551 -0.5647 -0.6885
vn -0.0535 0.9443 -0.3248
vn 0.3761 -0.3692 -0.8498
vn 0.4204 0.6532 0.6297
vn 0.7656 -0.6428 -0.0259
vn -0.4017 0.3352 0.8522
vn 0.0870 -0.9492 0.3024
vn -0.8329 0.5524 -0.0335
vn -0.3583 -0.6764 -0.6436
vn -0.2312 0.7336 -0.6391
vn 0.4772 -0.5018 -0.7214
vn 0.2925 0.8240 0.4853
vn 0.8896 -0.4231 0.1719
vn -0.4640 0.4530 0.7612
vn 0.2539 -0.7822 0.5689
vn -0.9150 0.3384 -0.2194
vn -0.2669 -0.8445 -0.4643
vn -0.1454 0.5445 -0.8261
vn 0.5615 -0.6528 -0.5085
vn 0.2498 0.9647 0.0835
vn 0.9426 -0.2422 0.2299
vn -0.5574 0.5938 0.5803
vn 0.2000 -0.5990 0.7753
vn -0.9463 0.2400 -0.2167
vn -0.2211 -0.9719 -0.0803
vn 0.0060 0.3883 -0.9215
vn 0.4938 -0.7642 -0.4148
vn 0.2510 0.9368 -0.2437
vn 0.9348 -0.2941 0.1990
vn -0.5487 0.7123 0.4377
vn 0.0681 -0.4526 0.8891
vn -0.9313 0.3215 -0.1713
vn -0.2696 -0.9486 0.1657
vn 0.0733 0.2451 -0.9667
vn 0.2906 -0.8455 -0.4479
vn 0.3528 0.9071 -0.2296
vn 0.8535 -0.4521 0.2593
vn -0.4178 0.8364 0.3548
vn -0.0335 -0.3021 0.9527
vn -0.8105 0.5410 -0.2243
vn -0.4403 -0.8933 0.0902
vn -0.4958 0.7613 -0.4179
vn -0.2315 0.6442 0.7289
vn -0.8533 -0.0821 -0.5150
vn 0.0505 -0.5663 0.8227
vn 0.3986 -0.4050 -0.8229
vn 0.6135 -0.6382 0.4651
vn -0.2557 0.5543 -0.7921
vn 0.7022 0.1644 0.6928
vn 0.3750 -0.7378 0.5613
vn -0.3985 -0.6968 -0.5964
vn -0.3053 0.4130 0.8580
vn -0.6869 0.7224 -0.0798
vn 0.8031 -0.2021 0.5605
vn -0.1259 0.6143 -0.7790
vn 0.0647 0.9933 -0.0959
vn 0.3174 -0.3308 -0.8887
vn 0.5248 0.4494 0.7229
vn 0.6108 -0.7729 -0.1721
vn -0.3042 0.2417 0.9214
vn -0.0341 -0.9968 0.0720
vn -0.7154 0.6945 0.0761
vn -0.4458 -0.5495 -0.7066
vn -0.1079 0.9602 -0.2576
vn 0.4015 -0.3046 -0.8637
vn 0.3904 0.6101 0.6895
vn 0.7732 -0.6335 -0.0279
vn -0.3970 0.2957 0.8689
vn 0.1009 -0.9536 0.2837
vn -0.8023 0.5969 -0.0070
vn -0.3303 -0.6540 -0.6806
vn -0.3023 0.8199 -0.4863
vn 0.4309 -0.3553 -0.8295
vn 0.2407 0.7378 0.6307
vn 0.8781 -0.4637 0.1181
vn -0.4257 0.3754 0.8233
vn 0.2733 -0.8450 0.4597
vn -0.8762 0.4558 -0.1567
vn -0.2275 -0.7608 -0.6078
vn -0.2669 0.6619 -0.7005
vn 0.5205 -0.4996 -0.6924
vn 0.1694 0.8809 0.4420
vn 0.9293 -0.2695 0.2526
vn -0.4932 0.4864 0.7212
vn 0.2723 -0.7104 0.6490
vn -0.9248 0.2729 -0.2650
vn -0.2107 -0.8868 -0.4114
vn -0.1111 0.5052 -0.8558
vn 0.5350 -0.6570 -0.5312
vn 0.1966 0.9777 0.0734
vn 0.9561 -0.1957 0.2183
vn -0.5284 0.6210 0.5790
vn 0.1542 -0.5789 0.8007
vn -0.9512 0.2129 -0.2234
vn -0.2080 -0.9755 -0.0720
vn 0.0104 0.3527 -0.9357
vn 0.4121 -0.7662 -0.4930
vn 0.2602 0.9510 -0.1671
vn 0.9391 -0.2997 0.1681
vn -0.5679 0.6740 0.4724
vn 0.1119 -0.3999 0.9097
vn -0.9197 0.3880 -0.0610
vn -0.2627 -0.9648 0.0109
vn 0.0749 0.0751 -0.9944
vn 0.1739 -0.7789 -0.6025
vn 0.4097 0.9071 -0.0970
vn 0.8224 -0.5245 0.2203
vn -0.3598 0.8983 0.2522
vn 0.0385 -0.4003 0.9156
vn -0.7093 0.6854 -0.1646
vn -0.4591 -0.8873 -0.0441
vn -0.1317 -0.7378 -0.6621
vn 0.1399 -0.6968 0.7035
vn 0.1695 0.4113 -0.8956
vn 0.5970 0.1161 0.7938
vn -0.7015 0.6353 -0.3229
vn -0.6102 0.5293 0.5895
vn 0.6099 0.0388 0.7915
vn -0.2482 0.4593 -0.8529
vn 0.5785 -0.6024 0.5500
vn 0.2160 -0.4039 -0.8889
vn 0.1705 -0.4654 0.8685
vn -0.8391 -0.1042 -0.5340
vn -0.0754 0.6625 0.7453
vn -0.4933 0.6998 -0.5167
vn 0.0469 0.9925 -0.1133
vn 0.2991 -0.3072 -0.9034
vn 0.5176 0.3996 0.7565
vn 0.5909 -0.7669 -0.2503
vn -0.2597 0.2011 0.9445
vn -0.0133 -0.9987 -0.0490
vn -0.7244 0.6878 0.0480
vn -0.4256 -0.5581 -0.7123
vn -0.1099 0.9587 -0.2623
vn 0.3996 -0.2977 -0.8670
vn 0.4129 0.5713 0.7093
vn 0.7641 -0.6451 -0.0025
vn -0.3734 0.2855 0.8826
vn 0.0773 -0.9473 0.3109
vn -0.7709 0.6364 -0.0251
vn -0.3487 -0.6449 -0.6800
vn -0.3063 0.8695 -0.3876
vn 0.4140 -0.3286 -0.8489
vn 0.2553 0.6951 0.6720
vn 0.8516 -0.5148 0.0985
vn -0.3965 0.3713 0.8396
vn 0.2328 -0.8692 0.4363
vn -0.8179 0.5669 -0.0989
vn -0.2329 -0.7372 -0.6342
vn -0.3216 0.7537 -0.5731
vn 0.4550 -0.3930 -0.7991
vn 0.1239 0.8037 0.5821
vn 0.8992 -0.3816 0.2142
vn -0.4449 0.4645 0.7657
vn 0.2729 -0.7907 0.5479
vn -0.8705 0.4396 -0.2214
vn -0.1988 -0.8099 -0.5518
vn -0.2035 0.6316 -0.7481
vn 0.5023 -0.5427 -0.6732
vn 0.1594 0.9033 0.3984
vn 0.9297 -0.2450 0.2752
vn -0.4753 0.5367 0.6971
vn 0.1999 -0.6791 0.7063
vn -0.9180 0.2872 -0.2734
vn -0.2390 -0.8953 -0.3759
vn -0.1250 0.4143 -0.9015
vn 0.5566 -0.6468 -0.5214
vn 0.2016 0.9770 0.0701
vn 0.9540 -0.2006 0.2227
vn -0.4739 0.6379 0.6071
vn 0.0871 -0.5041 0.8593
vn -0.9317 0.2077 -0.2979
vn -0.2497 -0.9683 -0.0074
vn -0.1345 0.6254 -0.7686
vn 0.3516 -0.6156 -0.7053
vn 0.2277 0.9737 -0.0113
vn 0.9275 -0.3692 0.0592
vn -0.6920 0.6993 0.1790
vn 0.1419 -0.3946 0.9078
vn -0.2895 0.9371 0.1949
vn -0.5461 -0.8263 -0.1381
vn -0.5758 0.6900 -0.4387
vn -0.0080 0.4143 0.9101
vn -0.9623 0.0046 -0.2720
vn 0.2627 -0.6868 0.6777
vn 0.3170 -0.3189 -0.8932
vn 0.5986 -0.7033 0.3835
vn -0.3658 0.6277 -0.6872
vn 0.8470 0.0984 0.5225
vn 0.2583 -0.7378 0.6236
vn -0.2745 -0.6968 -0.6627
vn -0.5101 0.5020 0.6985
vn -0.6974 0.6826 -0.2183
vn 0.6949 -0.0939 0.7129
vn 0.0021 0.5289 -0.8487
vn -0.0834 0.9525 -0.2928
vn 0.3791 -0.3166 -0.8695
vn 0.4824 0.5075 0.7139
vn 0.7108 -0.7000 -0.0686
vn -0.3364 0.2430 0.9098
vn 0.0468 -0.9512 0.3049
vn -0.7539 0.6547 -0.0549
vn -0.4181 -0.6197 -0.6642
vn -0.2545 0.8879 -0.3831
vn 0.3960 -0.3579 -0.8457
vn 0.3052 0.6711 0.6756
vn 0.8167 -0.5672 0.1062
vn -0.3566 0.4078 0.8406
vn 0.1568 -0.8694 0.4686
vn -0.7560 0.6454 -0.1092
vn -0.2903 -0.7323 -0.6160
vn -0.3185 0.8340 -0.4505
vn 0.4256 -0.3985 -0.8125
vn 0.1536 0.7754 0.6125
vn 0.8571 -0.4834 0.1780
vn -0.4002 0.5102 0.7613
vn 0.2066 -0.8368 0.5070
vn -0.7780 0.6104 -0.1490
vn -0.2224 -0.7967 -0.5620
vn -0.2440 0.7276 -0.6411
vn 0.4490 -0.4571 -0.7677
vn 0.1264 0.8392 0.5289
vn 0.8833 -0.3956 0.2514
vn -0.4161 0.5555 0.7199
vn 0.1738 -0.7654 0.6197
vn -0.8348 0.4876 -0.2557
vn -0.2663 -0.8250 -0.4984
vn -0.1183 0.5429 -0.8315
vn 0.4552 -0.5765 -0.6786
vn 0.2082 0.9055 0.3697
vn 0.9165 -0.2963 0.2687
vn -0.4226 0.5952 0.6835
vn 0.1227 -0.6293 0.7674
vn -0.8977 0.3379 -0.2828
vn -0.3388 -0.8712 -0.3554
vn -0.3899 0.5974 -0.7008
vn 0.6574 -0.5579 -0.5066
vn 0.2583 0.9659 0.0161
vn 0.9289 -0.2152 0.3013
vn -0.5922 0.5534 0.5857
vn 0.0396 -0.3435 0.9383
vn -0.7193 0.6209 -0.3115
vn -0.3719 -0.9280 -0.0220
vn 0.2032 0.6650 -0.7186
vn 0.0007 -0.6283 -0.7780
vn 0.2679 0.9478 0.1729
vn 0.5634 -0.8062 -0.1805
vn 0.0756 0.9969 -0.0214
vn -0.1118 -0.7659 0.6331
vn -0.1466 0.9661 0.2126
vn -0.7588 -0.6376 -0.1328
vn -0.2583 -0.7378 -0.6236
vn 0.2745 -0.6968 0.6627
vn 0.0453 0.6108 -0.7905
vn 0.7595 -0.0632 0.6474
vn -0.6648 0.7084 -0.2373
vn -0.4136 0.3618 0.8355
vn 0.4071 0.1663 0.8981
vn -0.0475 0.3448 -0.9375
vn 0.5188 -0.5589 0.6469
vn 0.3653 -0.4431 -0.8187
vn -0.0728 -0.3791 0.9225
vn -0.6797 -0.1832 -0.7102
vn -0.2587 0.7625 0.5930
vn -0.4304 0.6829 -0.5903
vn -0.0316 0.9392 -0.3420
vn 0.3357 -0.2983 -0.8935
vn 0.1794 0.7106 0.6803
vn 0.6271 -0.7139 -0.3114
vn -0.2572 0.7254 0.6384
vn 0.0314 -0.9884 0.1489
vn -0.6882 0.7255 0.0102
vn -0.3846 -0.6563 -0.6492
vn -0.1720 0.8894 -0.4236
vn 0.3606 -0.4112 -0.8372
vn 0.3996 0.6287 0.6671
vn 0.7933 -0.5956 0.1262
vn -0.2744 0.4331 0.8586
vn 0.0394 -0.8505 0.5244
vn -0.6622 0.7279 -0.1777
vn -0.3950 -0.7495 -0.5312
vn -0.2409 0.8771 -0.4155
vn 0.3915 -0.4597 -0.7971
vn 0.2254 0.7719 0.5944
vn 0.8037 -0.5645 0.1881
vn -0.3091 0.5691 0.7620
vn 0.0659 -0.8486 0.5250
vn -0.6425 0.7438 -0.1840
vn -0.3117 -0.8177 -0.4839
vn -0.2204 0.8279 -0.5158
vn 0.4017 -0.4786 -0.7808
vn 0.1501 0.8332 0.5322
vn 0.8168 -0.5367 0.2118
vn -0.3127 0.6202 0.7194
vn 0.0569 -0.8366 0.5448
vn -0.6968 0.6782 -0.2334
vn -0.3242 -0.8296 -0.4546
vn -0.1550 0.6802 -0.7165
vn 0.4052 -0.5208 -0.7513
vn 0.2245 0.8454 0.4846
vn 0.8417 -0.4675 0.2700
vn -0.2909 0.6120 0.7354
vn 0.0222 -0.7276 0.6857
vn -0.7489 0.5804 -0.3198
vn -0.4107 -0.8076 -0.4233
vn -0.1259 0.4289 -0.8945
vn 0.5748 -0.5212 -0.6308
vn 0.2915 0.8937 0.3411
vn 0.8864 -0.3819 0.2617
vn -0.3423 0.6538 0.6749
vn -0.0261 -0.6116 0.7907
vn -0.7854 0.4525 -0.4223
vn -0.5445 -0.7920 -0.2760
vn 0.0205 0.9222 0.3861
vn 0.0840 -0.6997 -0.7095
vn 0.1727 0.9840 -0.0432
vn 0.8926 -0.2877 0.3471
vn -0.2841 0.9556 -0.0784
vn 0.0585 -0.4232 0.9042
vn 0.4176 0.8884 0.1905
vn -0.7078 -0.6516 -0.2727
vn -0.6158 0.6327 -0.4695
vn 0.2595 0.1281 0.9572
vn -0.9930 0.0892 -0.0778
vn 0.4443 -0.7255 0.5256
vn 0.1785 -0.2105 -0.9612
vn 0.5453 -0.7547 0.3648
vn -0.4339 0.6392 -0.6349
vn 0.9130 -0.0534 0.4045
vn 0.1317 -0.7378 0.6621
vn -0.1399 -0.6968 -0.7035
vn -0.6423 0.5542 0.5294
vn -0.6869 0.6317 -0.3595
vn 0.5580 0.0524 0.8282
vn 0.1636 0.4154 -0.8948
vn -0.0584 0.8921 -0.4480
vn 0.2767 -0.4410 -0.8538
vn 0.3399 0.7216 0.6031
vn 0.7784 -0.6205 0.0951
vn -0.1862 0.4531 0.8718
vn -0.0826 -0.8693 0.4874
vn -0.5512 0.7732 -0.3136
vn -0.6090 -0.7037 -0.3660
vn -0.1036 0.9160 -0.3876
vn 0.3076 -0.5537 -0.7738
vn 0.3263 0.8056 0.4944
vn 0.7138 -0.6573 0.2417
vn -0.2337 0.3703 0.8990
vn -0.1091 -0.8578 0.5023
vn -0.4768 0.8024 -0.3589
vn -0.4782 -0.8307 -0.2851
vn -0.1031 0.9132 -0.3941
vn 0.3071 -0.5590 -0.7702
vn 0.2298 0.8707 0.4348
vn 0.7038 -0.6612 0.2597
vn -0.2117 0.4263 0.8795
vn -0.1586 -0.8730 0.4613
vn -0.5151 0.7723 -0.3718
vn -0.4499 -0.8548 -0.2584
vn -0.0683 0.8376 -0.5420
vn 0.2892 -0.5388 -0.7913
vn 0.2763 0.8613 0.4264
vn 0.7305 -0.6256 0.2738
vn -0.1436 0.5575 0.8176
vn -0.1460 -0.8749 0.4618
vn -0.5663 0.7509 -0.3397
vn -0.3818 -0.8905 -0.2474
vn -0.0060 0.6711 -0.7414
vn 0.3310 -0.5688 -0.7530
vn 0.3671 0.8387 0.4023
vn 0.7439 -0.5877 0.3183
vn -0.1379 0.5650 0.8135
vn -0.1965 -0.7765 0.5987
vn -0.7011 0.5648 -0.4353
vn -0.4943 -0.8208 -0.2862
vn -0.1943 0.8766 -0.4402
vn 0.3665 -0.7475 -0.5541
vn 0.5491 0.7871 0.2811
vn 0.7799 -0.4725 0.4105
vn -0.0893 0.4677 0.8794
vn -0.1819 -0.6515 0.7365
vn -0.2587 0.9159 -0.3070
vn -0.5120 -0.8570 -0.0581
vn 0.8324 0.5332 -0.1508
vn -0.7361 -0.1462 -0.6609
vn 0.7168 0.6250 0.3091
vn -0.4178 -0.8828 -0.2148
vn 0.6908 0.4633 0.5551
vn -0.7375 -0.3852 0.5547
vn -0.3048 0.9519 -0.0326
vn -0.9304 -0.0543 -0.3626
vn -0.3750 -0.7378 -0.5613
vn 0.3985 -0.6968 0.5964
vn -0.0289 0.7545 -0.6557
vn 0.8318 -0.2778 0.4806
vn -0.6039 0.7896 -0.1087
vn -0.0903 0.0443 0.9949
vn 0.8160 0.4802 -0.3217
vn -0.7204 -0.5740 -0.3893
vn 0.9532 -0.0320 0.3007
vn -0.6821 -0.6847 -0.2567
vn 0.4569 0.4745 0.7524
vn -0.8118 -0.5767 -0.0914
vn 0.2550 0.9554 0.1491
vn -0.8782 -0.3727 -0.2997
vn 0.7210 0.4424 -0.5333
vn -0.7120 -0.6887 -0.1372
vn 0.9882 0.0843 0.1280
vn -0.6529 -0.7574 -0.0095
vn 0.4841 0.6833 0.5466
vn -0.7430 -0.6408 0.1931
vn 0.1588 0.9852 -0.0642
vn -0.8903 -0.4424 -0.1078
vn 0.5859 0.3551 -0.7285
vn -0.6202 -0.7756 0.1179
vn 0.9774 0.2113 -0.0080
vn -0.5401 -0.8090 0.2320
vn 0.4594 0.8246 0.3300
vn -0.6398 -0.6189 0.4556
vn 0.0121 0.9455 -0.3254
vn -0.8344 -0.5405 0.1076
vn 0.4239 0.2313 -0.8757
vn -0.3872 -0.8717 0.3005
vn 0.9081 0.3591 -0.2152
vn -0.2791 -0.8275 0.4871
vn 0.2802 0.9565 0.0809
vn -0.4488 -0.5169 0.7290
vn -0.2259 0.8281 -0.5131
vn -0.7541 -0.5672 0.3310
vn 0.3395 0.1366 -0.9307
vn -0.0999 -0.9471 0.3051
vn 0.7941 0.4678 -0.3879
vn 0.0938 -0.7752 0.6247
vn -0.0185 0.9975 -0.0678
vn -0.2882 -0.3317 0.8983
vn -0.4372 0.7200 -0.5389
vn -0.6688 -0.6012 0.4373
vn 0.2993 0.1277 -0.9456
vn 0.0632 -0.9859 0.1549
vn 0.7180 0.5660 -0.4052
vn 0.3537 -0.7031 0.6169
vn -0.1934 0.9805 -0.0342
vn -0.2253 -0.2447 0.9430
vn -0.5732 0.6715 -0.4696
vn -0.6031 -0.7049 0.3732
vn 0.1838 0.0648 -0.9808
vn 0.1197 -0.9825 0.1430
vn 0.6260 0.7424 -0.2385
vn 0.5220 -0.6751 0.5213
vn -0.2078 0.9640 0.1657
vn -0.1886 -0.2058 0.9602
vn -0.6414 0.5860 -0.4952
vn -0.4868 -0.8221 0.2955
vn -0.6508 0.6790 -0.3398
vn 0.5005 -0.1296 0.8560
vn -0.9830 0.1096 0.1474
vn 0.5488 -0.7599 0.3483
vn -0.0486 -0.0663 -0.9966
vn 0.5342 -0.7745 0.3389
vn -0.5515 0.6792 -0.4843
vn 0.9497 -0.1933 0.2466
vn 0.7376 0.5982 -0.3131
vn -0.5597 -0.7036 -0.4377
vn 0.9443 0.1287 0.3028
vn -0.5091 -0.8327 -0.2179
vn 0.3487 0.6133 0.7087
vn -0.7185 -0.6954 0.0170
vn 0.0777 0.9910 0.1094
vn -0.8812 -0.3665 -0.2987
vn 0.6242 0.5385 -0.5660
vn -0.5237 -0.8272 -0.2035
vn 0.9545 0.2653 0.1360
vn -0.3864 -0.9220 0.0235
vn 0.3747 0.7632 0.5265
vn -0.6607 -0.6682 0.3419
vn -0.0338 0.9909 -0.1306
vn -0.8832 -0.4608 -0.0871
vn 0.4381 0.4066 -0.8017
vn -0.3410 -0.9377 0.0665
vn 0.8981 0.4350 -0.0648
vn -0.1781 -0.9336 0.3111
vn 0.2721 0.9219 0.2758
vn -0.4870 -0.5746 0.6577
vn -0.2348 0.8852 -0.4015
vn -0.8025 -0.5742 0.1622
vn 0.2977 0.2481 -0.9219
vn -0.0299 -0.9815 0.1893
vn 0.7661 0.5543 -0.3253
vn 0.1828 -0.8340 0.5206
vn -0.0121 0.9993 0.0365
vn -0.2992 -0.3672 0.8807
vn -0.4737 0.7258 -0.4989
vn -0.6859 -0.6151 0.3889
vn 0.2402 0.1881 -0.9523
vn 0.1717 -0.9794 0.1061
vn 0.6527 0.6121 -0.4465
vn 0.4621 -0.7091 0.5325
vn -0.2403 0.9705 -0.0177
vn -0.2082 -0.2506 0.9454
vn -0.6042 0.6562 -0.4520
vn -0.5720 -0.6818 0.4560
vn 0.1965 0.1857 -0.9628
vn 0.2053 -0.9685 -0.1406
vn 0.5786 0.7204 -0.3825
vn 0.5990 -0.6549 0.4608
vn -0.2756 0.9577 0.0834
vn -0.1617 -0.2537 0.9537
vn -0.6651 0.6475 -0.3721
vn -0.5374 -0.7890 0.2979
vn -0.4773 -0.7378 -0.4773
vn 0.5072 -0.6968 0.5072
vn -0.1327 0.8060 -0.5768
vn 0.8301 -0.4472 0.3333
vn -0.5624 0.8267 -0.0152
vn 0.2297 -0.2520 0.9401
vn -0.0419 0.4133 0.9096
vn 0.4392 0.1424 -0.8870
vn 0.4194 -0.4599 0.7827
vn 0.5703 -0.5368 -0.6218
vn -0.6121 -0.1864 0.7685
vn -0.2136 -0.3864 -0.8973
vn -0.4374 0.7806 0.4465
vn -0.3097 0.6557 -0.6886
vn -0.6680 0.7122 -0.2157
vn 0.6453 -0.2588 0.7187
vn -0.9305 0.1418 0.3378
vn 0.6127 -0.7680 0.1863
vn -0.2481 0.0542 -0.9672
vn 0.5299 -0.7949 0.2956
vn -0.6003 0.7010 -0.3849
vn 0.9592 -0.2701 0.0840
vn -0.1317 -0.7378 0.6620
vn 0.1399 -0.6968 -0.7035
vn -0.7298 0.6279 0.2705
vn -0.5862 0.5265 -0.6158
vn 0.1953 0.3749 0.9063
vn 0.5565 0.1280 -0.8210
vn -0.5613 -0.7378 -0.3750
vn 0.5964 -0.6968 0.3985
vn -0.1691 0.8535 -0.4929
vn 0.8052 -0.5663 0.1757
vn -0.4998 0.8611 0.0938
vn 0.4497 -0.4933 0.7446
vn -0.2583 -0.7378 0.6236
vn 0.2745 -0.6968 -0.6627
vn -0.7046 0.6872 0.1769
vn -0.4319 0.4225 -0.7968
vn 0.0364 0.5465 0.8366
vn 0.7165 -0.0558 -0.6953
vn -0.4037 0.5821 0.7058
vn 0.8158 -0.0078 -0.5782
vn 0.2799 -0.3433 0.8966
vn 0.6178 -0.6674 -0.4159
vn -0.9450 0.0117 0.3269
vn 0.2550 -0.6340 -0.7300
vn -0.5627 0.6847 0.4631
vn -0.0318 0.4615 -0.8866
vn -0.3750 -0.7378 0.5613
vn 0.3985 -0.6968 -0.5964
vn -0.6493 0.7588 0.0511
vn -0.1634 0.2117 -0.9636
vn -0.0559 0.6944 0.7174
vn 0.8073 -0.2538 -0.5328
vn -0.4901 0.6491 0.5817
vn 0.9148 -0.0835 -0.3952
vn 0.1587 -0.2695 0.9498
vn 0.5896 -0.7286 -0.3487
vn -0.9947 0.0728 0.0731
vn 0.4161 -0.7226 -0.5520
vn -0.6199 0.6736 0.4024
vn 0.2035 0.2593 -0.9441
vn -0.4773 -0.7378 0.4773
vn 0.5072 -0.6968 -0.5072
vn -0.5679 0.8222 -0.0391
vn 0.1487 -0.0860 -0.9851
vn -0.1266 0.7958 0.5921
vn 0.8474 -0.4137 -0.3329
vn -0.5621 0.6833 0.4660
vn 0.9638 -0.1602 -0.2131
vn -0.0082 -0.1709 0.9853
vn 0.5521 -0.7812 -0.2913
vn -0.9812 0.1138 -0.1561
vn 0.5232 -0.7728 -0.3591
vn -0.6572 0.6706 0.3441
vn 0.4529 0.0146 -0.8914
vn -0.5613 -0.7378 0.3750
vn 0.5964 -0.6968 -0.3985
vn -0.4841 0.8658 -0.1265
vn 0.4233 -0.4238 -0.8007
vn -0.1658 0.8558 0.4899
vn 0.8111 -0.5607 -0.1667
vn -0.5823 0.7296 0.3585
vn 0.9625 -0.2649 -0.0578
vn -0.2160 -0.0302 0.9759
vn 0.5272 -0.8042 -0.2745
vn -0.9240 0.1308 -0.3594
vn 0.5634 -0.8032 -0.1935
vn -0.6694 0.7098 0.2194
vn 0.6373 -0.1984 -0.7447
vn -0.6236 -0.7378 0.2583
vn 0.6627 -0.6968 -0.2745
vn -0.4113 0.8899 -0.1972
vn 0.5538 -0.6102 -0.5665
vn -0.1915 0.8872 0.4199
vn 0.7593 -0.6504 -0.0221
vn -0.5964 0.7613 0.2545
vn 0.9342 -0.3426 0.0995
vn -0.4024 0.0757 0.9123
vn 0.5332 -0.8087 -0.2482
vn -0.8339 0.1283 -0.5367
vn 0.5753 -0.8157 -0.0609
vn -0.6629 0.7404 0.1109
vn 0.7448 -0.3165 -0.5875
vn -0.6620 -0.7378 0.1317
vn 0.7035 -0.6968 -0.1399
vn -0.3573 0.8982 -0.2561
vn 0.6208 -0.6889 -0.3741
vn -0.2358 0.8979 0.3718
vn 0.7171 -0.6884 0.1089
vn -0.6619 0.7390 0.1255
vn 0.8989 -0.3398 0.2767
vn -0.5698 0.1373 0.8102
vn 0.5656 -0.8026 -0.1897
vn -0.7186 0.1187 -0.6852
vn 0.6044 -0.7918 0.0884
vn -0.6799 0.7325 0.0344
vn 0.8260 -0.3654 -0.4292
vn -0.6750 -0.7378 -0.0000
vn 0.7173 -0.6968 -0.0000
vn -0.3208 0.8928 -0.3162
vn 0.6673 -0.7173 -0.2005
vn -0.3099 0.8936 0.3248
vn 0.6757 -0.7047 0.2164
vn -0.6907 0.7231 -0.0061
vn 0.8381 -0.3565 0.4129
vn -0.7211 0.1608 0.6739
vn 0.6140 -0.7822 -0.1058
vn -0.5808 0.1073 -0.8069
vn 0.5891 -0.7848 0.1926
vn -0.6881 0.7198 -0.0921
vn 0.8911 -0.3797 -0.2488
vn -0.6620 -0.7378 -0.1317
vn 0.7035 -0.6968 0.1399
vn -0.2790 0.8834 -0.3765
vn 0.7103 -0.7008 -0.0652
vn -0.3810 0.8857 0.2653
vn 0.6399 -0.6776 0.3624
vn -0.6236 -0.7378 -0.2583
vn 0.6627 -0.6968 0.2745
vn -0.2265 0.8713 -0.4355
vn 0.7616 -0.6461 0.0502
vn -0.4452 0.8755 0.1880
vn 0.5747 -0.6061 0.5499
vn 0.1867 0.2968 0.9365
vn 0.1895 0.2356 -0.9532
vn 0.4670 -0.5093 0.7229
vn 0.4836 -0.4842 -0.7292
vn -0.3484 -0.2849 0.8930
vn -0.4697 -0.2784 -0.8378
vn -0.3744 0.8021 0.4652
vn -0.3775 0.6847 -0.6234
vn -0.0000 -0.7378 0.6750
vn -0.0000 -0.6968 -0.7173
vn -0.7115 0.5889 0.3833
vn -0.6544 0.5811 -0.4838
vn 0.3860 0.2107 0.8981
vn 0.3588 0.2828 -0.8895
vn -0.0218 0.9731 -0.2294
vn 0.2138 -0.8195 -0.5318
vn 0.5123 0.6896 0.5119
vn 0.5588 -0.8075 0.1892
vn -0.2796 0.5511 0.7862
vn -0.0772 -0.8698 0.4873
vn -0.4770 0.8787 -0.0207
vn -0.5008 -0.7743 -0.3869
vn -0.2208 0.8839 0.4123
vn 0.1172 -0.7696 -0.6277
vn -0.1848 0.8033 0.5662
vn 0.1555 -0.9462 -0.2836
vn -0.0797 0.9625 0.2593
vn 0.3703 0.0490 -0.9276
vn -0.9374 0.1876 -0.2933
vn 0.8984 -0.3300 0.2899
vn 0.0438 0.9954 -0.0856
vn -0.3505 -0.9274 -0.1305
vn 0.1581 0.9800 0.1212
vn 0.2232 -0.9349 0.2759
vn 0.5141 -0.1914 -0.8361
vn -0.3475 0.4391 0.8285
vn -0.2169 -0.9312 -0.2930
vn 0.1573 0.9066 0.3915
vn 0.1364 -0.5261 -0.8394
vn 0.0157 0.8810 0.4728
vn 0.5773 -0.7351 0.3553
vn -0.4435 0.8518 -0.2787
vn 0.0098 -0.9786 0.2054
vn 0.0389 0.9826 -0.1816
vn 0.9291 -0.3391 0.1474
vn -0.8216 0.5306 -0.2086
vn 0.9159 0.3992 -0.0420
vn -0.6423 -0.3210 -0.6960
vn 0.8599 -0.1445 0.4895
vn -0.4805 -0.7769 -0.4068
vn 0.4012 0.1297 0.9068
vn -0.9100 -0.4048 -0.0900
vn 0.3188 0.8830 0.3446
vn -0.8389 -0.2178 -0.4988
vn 0.8793 0.3529 -0.3198
vn -0.8031 -0.3977 -0.4437
vn 0.9493 -0.0736 0.3055
vn -0.7049 -0.6590 -0.2625
vn 0.5689 0.3028 0.7646
vn -0.9123 -0.4032 -0.0715
vn 0.4037 0.8967 0.1816
vn -0.9079 -0.2876 -0.3049
vn 0.8215 0.5582 0.1166
vn -0.4741 -0.4190 -0.7744
vn 0.7899 -0.1509 0.5944
vn -0.2654 -0.8065 -0.5283
vn 0.2548 0.1543 0.9546
vn -0.8094 -0.5255 -0.2621
vn 0.0956 0.8967 0.4322
vn -0.7283 -0.2877 -0.6220
vn 0.8277 0.5537 -0.0917
vn -0.5822 -0.5262 -0.6198
vn 0.8807 -0.0462 0.4715
vn -0.5533 -0.7086 -0.4378
vn 0.3387 0.3457 0.8751
vn -0.7759 -0.5552 -0.2997
vn 0.1869 0.9397 0.2864
vn -0.8119 -0.3436 -0.4720
vn 0.6777 0.7000 0.2253
vn -0.2825 -0.4566 -0.8437
vn 0.7253 -0.0970 0.6815
vn -0.0155 -0.8248 -0.5652
vn 0.1156 0.1528 0.9815
vn -0.6679 -0.6555 -0.3526
vn -0.1601 0.8863 0.4345
vn -0.6348 -0.3184 -0.7040
vn 0.5010 0.8305 0.2436
vn -0.0762 -0.4359 -0.8967
vn 0.6672 -0.0374 0.7440
vn 0.2504 -0.8091 -0.5317
vn -0.0119 0.1255 0.9920
vn -0.4937 -0.7893 -0.3650
vn -0.4089 0.8340 0.3705
vn -0.5530 -0.3456 -0.7581
vn 0.2635 0.9539 0.1437
vn 0.1234 -0.3759 -0.9184
vn 0.6202 0.0507 0.7828
vn 0.4731 -0.7547 -0.4545
vn -0.1139 0.0760 0.9906
vn -0.2821 -0.9235 -0.2601
vn -0.5808 0.7711 0.2611
vn -0.5238 -0.3961 -0.7542
vn 0.0177 0.9998 0.0008
vn 0.2596 -0.3009 -0.9176
vn 0.6055 0.2432 0.7578
vn 0.5720 -0.7120 -0.4072
vn -0.1765 0.3467 0.9212
vn 0.0444 -0.9449 -0.3243
vn -0.4823 0.8039 0.3481
vn -0.3161 -0.5934 -0.7403
vn 0.3379 -0.3175 0.8860
vn 0.1579 -0.6705 -0.7249
vn -0.2504 -0.2208 0.9426
vn -0.2677 -0.5345 -0.8017
vn -0.2362 0.8062 0.5425
vn -0.3312 0.3287 -0.8845
vn 0.3163 0.6358 0.7041
vn 0.2143 0.1975 -0.9566
vt 0.326478 0.000000
vt 0.293527 0.000000
vt 0.289587 0.000000
vt 0.319774 0.000000
vt 0.968750 0.090909
vt 0.953125 0.000000
vt 0.968750 0.000000
vt 0.984375 0.000000
vt 0.335786 0.000000
vt 0.301994 0.000000
vt 0.268025 0.000000
vt 0.311435 0.000000
vt 0.937500 0.090909
vt 0.921875 0.000000
vt 0.937500 0.000000
vt 0.379246 0.000000
vt 0.349590 0.000000
vt 0.369395 0.000000
vt 0.906250 0.090909
vt 0.890625 0.000000
vt 0.906250 0.000000
vt 0.412159 0.000000
vt 0.384502 0.000000
vt 0.408822 0.000000
vt 0.875000 0.090909
vt 0.859375 0.000000
vt 0.875000 0.000000
vt 0.440048 0.000000
vt 0.413640 0.000000
vt 0.439501 0.000000
vt 0.843750 0.090909
vt 0.828125 0.000000
vt 0.843750 0.000000
vt 0.466095 0.000000
vt 0.440155 0.000000
vt 0.466202 0.000000
vt 0.812500 0.090909
vt 0.796875 0.000000
vt 0.812500 0.000000
vt 0.493646 0.000000
vt 0.466325 0.000000
vt 0.492543 0.000000
vt 0.781250 0.090909
vt 0.765625 0.000000
vt 0.781250 0.000000
vt 0.531250 0.000000
vt 0.495908 0.000000
vt 0.524219 0.000000
vt 0.750000 0.090909
vt 0.734375 0.000000
vt 0.750000 0.000000
vt 0.718750 0.090909
vt 0.703125 0.000000
vt 0.718750 0.000000
vt 0.687500 0.090909
vt 0.671875 0.000000
vt 0.687500 0.000000
vt 0.656250 0.090909
vt 0.640625 0.000000
vt 0.656250 0.000000
vt 0.625000 0.090909
vt 0.609375 0.000000
vt 0.625000 0.000000
vt 0.593750 0.090909
vt 0.578125 0.000000
vt 0.593750 0.000000
vt 0.562500 0.090909
vt 0.546875 0.000000
vt 0.562500 0.000000
vt 0.531250 0.090909
vt 0.515625 0.000000
vt 0.500000 0.090909
vt 0.484375 0.000000
vt 0.500000 0.000000
vt 0.468750 0.090909
vt 0.453125 0.000000
vt 0.468750 0.000000
vt 0.437500 0.000000
vt 0.438681 0.000000
vt 0.467569 0.000000
vt 0.437500 0.090909
vt 0.421875 0.000000
vt 0.406250 0.000000
vt 0.410342 0.000000
vt 0.439424 0.000000
vt 0.406250 0.090909
vt 0.390625 0.000000
vt 0.375000 0.000000
vt 0.382031 0.000000
vt 0.412604 0.000000
vt 0.375000 0.090909
vt 0.359375 0.000000
vt 0.343750 0.000000
vt 0.353441 0.000000
vt 0.385517 0.000000
vt 0.343750 0.090909
vt 0.328125 0.000000
vt 0.312500 0.000000
vt 0.324219 0.000000
vt 0.357272 0.000000
vt 0.312500 0.090909
vt 0.296875 0.000000
vt 0.281250 0.000000
vt 0.281250 0.090909
vt 0.265625 0.000000
vt 0.250000 0.000000
vt 0.258267 0.000000
vt 0.250000 0.090909
vt 0.234375 0.000000
vt 0.218750 0.000000
vt 0.187500 0.000000
vt 0.232286 0.000000
vt 0.218750 0.090909
vt 0.203125 0.000000
vt 0.187500 0.090909
vt 0.171875 0.000000
vt 0.466826 0.000000
vt 0.156250 0.090909
vt 0.140625 0.000000
vt 0.156250 0.000000
vt 0.439925 0.000000
vt 0.125000 0.090909
vt 0.109375 0.000000
vt 0.125000 0.000000
vt 0.413707 0.000000
vt 0.093750 0.090909
vt 0.078125 0.000000
vt 0.093750 0.000000
vt 0.386377 0.000000
vt 0.062500 0.090909
vt 0.046875 0.000000
vt 0.062500 0.000000
vt 0.356179 0.000000
vt 0.031250 0.090909
vt 0.015625 0.000000
vt 0.031250 0.000000
vt 0.000000 0.000000
vt 0.222098 0.000000
vt 0.031250 0.272727
vt 0.015625 0.363636
vt 0.000000 0.272727
vt 0.015625 0.181818
vt 1.000000 0.272727
vt 0.984375 0.181818
vt 0.000000 0.090909
vt 0.031250 0.454545
vt 0.015625 0.545455
vt 0.000000 0.454545
vt 1.000000 0.454545
vt 0.984375 0.363636
vt 0.031250 0.636364
vt 0.015625 0.727273
vt 0.000000 0.636364
vt 1.000000 0.636364
vt 0.984375 0.545455
vt 1.000000 0.818182
vt 0.984375 0.727273
vt 0.046875 0.181818
vt 0.046875 0.363636
vt 0.046875 0.545455
vt 0.046875 0.727273
vt 0.031250 0.818182
vt 0.199219 0.000000
vt 0.062500 0.272727
vt 0.062500 0.454545
vt 0.062500 0.636364
vt 1.000000 0.090909
vt 0.078125 0.181818
vt 0.078125 0.363636
vt 0.078125 0.545455
vt 0.078125 0.727273
vt 0.062500 0.818182
vt 0.198378 0.000000
vt 0.093750 0.272727
vt 0.093750 0.454545
vt 0.093750 0.636364
vt 0.109375 0.181818
vt 0.109375 0.363636
vt 0.109375 0.545455
vt 0.109375 0.727273
vt 0.093750 0.818182
vt 0.207031 0.000000
vt 0.125000 0.272727
vt 0.125000 0.454545
vt 0.125000 0.636364
vt 0.140625 0.181818
vt 0.140625 0.363636
vt 0.140625 0.545455
vt 0.140625 0.727273
vt 0.125000 0.818182
vt 0.219866 0.000000
vt 0.156250 0.272727
vt 0.156250 0.454545
vt 0.156250 0.636364
vt 0.171875 0.181818
vt 0.171875 0.363636
vt 0.171875 0.545455
vt 0.171875 0.727273
vt 0.156250 0.818182
vt 0.187500 0.272727
vt 0.187500 0.454545
vt 0.187500 0.636364
vt 0.203125 0.181818
vt 0.203125 0.363636
vt 0.203125 0.545455
vt 0.203125 0.727273
vt 0.187500 0.818182
vt 0.218750 0.818182
vt 0.203125 1.000000
vt 0.218750 0.272727
vt 0.218750 0.454545
vt 0.218750 0.636364
vt 0.234375 0.181818
vt 0.234375 0.363636
vt 0.234375 0.545455
vt 0.234375 0.727273
vt 0.250000 0.272727
vt 0.250000 0.454545
vt 0.250000 0.636364
vt 0.265625 0.181818
vt 0.265625 0.363636
vt 0.265625 0.545455
vt 0.265625 0.727273
vt 0.250000 0.818182
vt 0.281250 0.272727
vt 0.281250 0.454545
vt 0.281250 0.636364
vt 0.296875 0.181818
vt 0.296875 0.363636
vt 0.296875 0.545455
vt 0.296875 0.727273
vt 0.281250 0.818182
vt 0.312500 0.272727
vt 0.312500 0.454545
vt 0.312500 0.636364
vt 0.328125 0.181818
vt 0.328125 0.363636
vt 0.328125 0.545455
vt 0.328125 0.727273
vt 0.312500 0.818182
vt 0.343750 0.272727
vt 0.343750 0.454545
vt 0.343750 0.636364
vt 0.359375 0.181818
vt 0.359375 0.363636
vt 0.359375 0.545455
vt 0.359375 0.727273
vt 0.343750 0.818182
vt 0.375000 0.272727
vt 0.375000 0.454545
vt 0.375000 0.636364
vt 0.390625 0.181818
vt 0.390625 0.363636
vt 0.390625 0.545455
vt 0.390625 0.727273
vt 0.375000 0.818182
vt 0.406250 0.272727
vt 0.406250 0.454545
vt 0.406250 0.636364
vt 0.421875 0.181818
vt 0.421875 0.363636
vt 0.421875 0.545455
vt 0.421875 0.727273
vt 0.406250 0.818182
vt 0.437500 0.272727
vt 0.437500 0.454545
vt 0.437500 0.636364
vt 0.453125 0.181818
vt 0.453125 0.363636
vt 0.453125 0.545455
vt 0.453125 0.727273
vt 0.437500 0.818182
vt 0.468750 0.818182
vt 0.453125 1.000000
vt 0.468750 0.272727
vt 0.468750 0.454545
vt 0.468750 0.636364
vt 0.484375 0.181818
vt 0.484375 0.363636
vt 0.484375 0.545455
vt 0.484375 0.727273
vt 0.500000 0.272727
vt 0.500000 0.454545
vt 0.500000 0.636364
vt 0.515625 0.181818
vt 0.515625 0.363636
vt 0.515625 0.545455
vt 0.515625 0.727273
vt 0.500000 0.818182
vt 0.531250 0.272727
vt 0.531250 0.454545
vt 0.531250 0.636364
vt 0.546875 0.181818
vt 0.546875 0.363636
vt 0.546875 0.545455
vt 0.546875 0.727273
vt 0.531250 0.818182
vt 0.562500 0.272727
vt 0.562500 0.454545
vt 0.562500 0.636364
vt 0.578125 0.181818
vt 0.578125 0.363636
vt 0.578125 0.545455
vt 0.578125 0.727273
vt 0.562500 0.818182
vt 0.552809 0.000000
vt 0.593750 0.272727
vt 0.593750 0.454545
vt 0.593750 0.636364
vt 0.609375 0.181818
vt 0.609375 0.363636
vt 0.609375 0.545455
vt 0.609375 0.727273
vt 0.593750 0.818182
vt 0.582031 0.000000
vt 0.625000 0.272727
vt 0.625000 0.454545
vt 0.625000 0.636364
vt 0.640625 0.181818
vt 0.640625 0.363636
vt 0.640625 0.545455
vt 0.640625 0.727273
vt 0.625000 0.818182
vt 0.612723 0.000000
vt 0.656250 0.272727
vt 0.656250 0.454545
vt 0.656250 0.636364
vt 0.671875 0.181818
vt 0.671875 0.363636
vt 0.671875 0.545455
vt 0.671875 0.727273
vt 0.656250 0.818182
vt 0.688681 0.000000
vt 0.687500 0.272727
vt 0.687500 0.454545
vt 0.687500 0.636364
vt 0.703125 0.181818
vt 0.703125 0.363636
vt 0.703125 0.545455
vt 0.703125 0.727273
vt 0.687500 0.818182
vt 0.718750 0.818182
vt 0.703125 1.000000
vt 0.718750 0.272727
vt 0.718750 0.454545
vt 0.718750 0.636364
vt 0.734375 0.181818
vt 0.734375 0.363636
vt 0.734375 0.545455
vt 0.734375 0.727273
vt 0.717569 0.000000
vt 0.750000 0.272727
vt 0.750000 0.454545
vt 0.750000 0.636364
vt 0.765625 0.181818
vt 0.765625 0.363636
vt 0.765625 0.545455
vt 0.765625 0.727273
vt 0.750000 0.818182
vt 0.745908 0.000000
vt 0.781250 0.272727
vt 0.781250 0.454545
vt 0.781250 0.636364
vt 0.796875 0.181818
vt 0.796875 0.363636
vt 0.796875 0.545455
vt 0.796875 0.727273
vt 0.781250 0.818182
vt 0.774219 0.000000
vt 0.812500 0.272727
vt 0.812500 0.454545
vt 0.812500 0.636364
vt 0.828125 0.181818
vt 0.828125 0.363636
vt 0.828125 0.545455
vt 0.828125 0.727273
vt 0.812500 0.818182
vt 0.802809 0.000000
vt 0.843750 0.272727
vt 0.843750 0.454545
vt 0.843750 0.636364
vt 0.859375 0.181818
vt 0.859375 0.363636
vt 0.859375 0.545455
vt 0.859375 0.727273
vt 0.843750 0.818182
vt 0.832031 0.000000
vt 0.875000 0.272727
vt 0.875000 0.454545
vt 0.875000 0.636364
vt 0.890625 0.181818
vt 0.890625 0.363636
vt 0.890625 0.545455
vt 0.890625 0.727273
vt 0.875000 0.818182
vt 0.862723 0.000000
vt 0.906250 0.272727
vt 0.906250 0.454545
vt 0.906250 0.636364
vt 0.921875 0.181818
vt 0.921875 0.363636
vt 0.921875 0.545455
vt 0.921875 0.727273
vt 0.906250 0.818182
vt 0.897983 0.000000
vt 0.937500 0.272727
vt 0.937500 0.454545
vt 0.937500 0.636364
vt 0.953125 0.181818
vt 0.953125 0.363636
vt 0.953125 0.545455
vt 0.953125 0.727273
vt 0.937500 0.818182
vt 0.968750 0.818182
vt 0.953125 1.000000
vt 0.968750 0.272727
vt 0.968750 0.454545
vt 0.968750 0.636364
vt 0.923964 0.000000
vt 1.000000 0.000000
vt 0.171875 1.000000
vt 0.234375 1.000000
vt 0.265625 1.000000
vt 0.296875 1.000000
vt 0.328125 1.000000
vt 0.359375 1.000000
vt 0.390625 1.000000
vt 0.421875 1.000000
vt 0.270132 0.000000
vt 0.352829 0.000000
vt 0.402915 0.000000
vt 0.438361 0.000000
vt 0.466749 0.000000
vt 0.492610 0.000000
vt 0.520733 0.000000
vt 0.484375 1.000000
vt 0.140625 1.000000
vt 0.325698 0.000000
vt 0.393251 0.000000
vt 0.436393 0.000000
vt 0.467889 0.000000
vt 0.494091 0.000000
vt 0.519873 0.000000
vt 0.280349 0.000000
vt 0.377745 0.000000
vt 0.433213 0.000000
vt 0.469857 0.000000
vt 0.497428 0.000000
vt 0.521748 0.000000
vt 0.548978 0.000000
vt 0.515625 1.000000
vt 0.109375 1.000000
vt 0.352391 0.000000
vt 0.428159 0.000000
vt 0.473037 0.000000
vt 0.503335 0.000000
vt 0.527004 0.000000
vt 0.550071 0.000000
vt 0.308405 0.000000
vt 0.419979 0.000000
vt 0.478091 0.000000
vt 0.512999 0.000000
vt 0.536855 0.000000
vt 0.556660 0.000000
vt 0.579772 0.000000
vt 0.546875 1.000000
vt 0.078125 1.000000
vt 0.405981 0.000000
vt 0.486271 0.000000
vt 0.528505 0.000000
vt 0.553421 0.000000
vt 0.570464 0.000000
vt 0.586476 0.000000
vt 0.379139 0.000000
vt 0.500269 0.000000
vt 0.553859 0.000000
vt 0.580552 0.000000
vt 0.594815 0.000000
vt 0.604256 0.000000
vt 0.616663 0.000000
vt 0.578125 1.000000
vt 0.046875 1.000000
vt 0.888468 0.000000
vt 0.866663 0.000000
vt 0.836476 0.000000
vt 0.829772 0.000000
vt 0.800071 0.000000
vt 0.798978 0.000000
vt 0.769873 0.000000
vt 0.770733 0.000000
vt 0.742543 0.000000
vt 0.743646 0.000000
vt 0.716325 0.000000
vt 0.716826 0.000000
vt 0.689424 0.000000
vt 0.609375 1.000000
vt 0.015625 1.000000
vt 0.267782 0.000000
vt 0.640625 1.000000
vt 0.984375 1.000000
vt 0.671875 1.000000
vt 0.921875 1.000000
vt 0.890625 1.000000
vt 0.859375 1.000000
vt 0.828125 1.000000
vt 0.796875 1.000000
vt 0.765625 1.000000
vt 0.734375 1.000000
vt 0.000000 0.818182
s 0
f 993/1/1 994/2/1 813/2/1 829/1/1
f 994/2/2 993/1/2 830/1/2 814/2/2
f 994/2/3 995/3/3 799/3/3 813/2/3
f 995/3/4 994/2/4 814/2/4 800/3/4
f 995/3/5 996/4/5 815/4/5 799/3/5
f 996/4/6 995/3/6 800/3/6 816/4/6
f 996/4/7 993/1/7 829/1/7 815/4/7
f 993/1/8 996/4/8 816/4/8 830/1/8
f 997/5/9 998/6/9 167/6/9 157/5/9
f 998/6/10 997/5/10 158/5/10 168/6/10
f 998/6/11 999/7/11 5/7/11 167/6/11
f 999/7/12 998/6/12 168/6/12 6/7/12
f 999/7/13 1000/8/13 147/8/13 5/7/13
f 1000/8/14 999/7/14 6/7/14 148/8/14
f 1000/8/15 997/5/15 157/5/15 147/8/15
f 997/5/16 1000/8/16 148/8/16 158/5/16
f 1001/9/17 1002/10/17 801/10/17 817/9/17
f 1002/10/18 1001/9/18 818/9/18 802/10/18
f 1002/10/19 1003/11/19 787/11/19 801/10/19
f 1003/11/20 1002/10/20 802/10/20 788/11/20
f 1003/11/21 1004/12/21 803/12/21 787/11/21
f 1004/12/22 1003/11/22 788/11/22 804/12/22
f 1004/12/23 1001/9/23 817/9/23 803/12/23
f 1001/9/24 1004/12/24 804/12/24 818/9/24
f 1005/13/25 1006/14/25 187/14/25 177/13/25
f 1006/14/26 1005/13/26 178/13/26 188/14/26
f 1006/14/27 1007/15/27 9/15/27 187/14/27
f 1007/15/28 1006/14/28 188/14/28 10/15/28
f 1007/15/29 1008/6/29 167/6/29 9/15/29
f 1008/6/30 1007/15/30 10/15/30 168/6/30
f 1008/6/31 1005/13/31 177/13/31 167/6/31
f 1005/13/32 1008/6/32 168/6/32 178/13/32
f 1009/16/33 1010/17/33 831/17/33 847/16/33
f 1010/17/34 1009/16/34 848/16/34 832/17/34
f 1010/17/35 1011/9/35 817/9/35 831/17/35
f 1011/9/36 1010/17/36 832/17/36 818/9/36
f 1011/9/37 1012/18/37 833/18/37 817/9/37
f 1012/18/38 1011/9/38 818/9/38 834/18/38
f 1012/18/39 1009/16/39 847/16/39 833/18/39
f 1009/16/40 1012/18/40 834/18/40 848/16/40
f 1013/19/41 1014/20/41 207/20/41 197/19/41
f 1014/20/42 1013/19/42 198/19/42 208/20/42
f 1014/20/43 1015/21/43 13/21/43 207/20/43
f 1015/21/44 1014/20/44 208/20/44 14/21/44
f 1015/21/45 1016/14/45 187/14/45 13/21/45
f 1016/14/46 1015/21/46 14/21/46 188/14/46
f 1016/14/47 1013/19/47 197/19/47 187/14/47
f 1013/19/48 1016/14/48 188/14/48 198/19/48
f 1017/22/49 1018/23/49 861/23/49 877/22/49
f 1018/23/50 1017/22/50 878/22/50 862/23/50
f 1018/23/51 1019/16/51 847/16/51 861/23/51
f 1019/16/52 1018/23/52 862/23/52 848/16/52
f 1019/16/53 1020/24/53 863/24/53 847/16/53
f 1020/24/54 1019/16/54 848/16/54 864/24/54
f 1020/24/55 1017/22/55 877/22/55 863/24/55
f 1017/22/56 1020/24/56 864/24/56 878/22/56
f 1021/25/57 1022/26/57 227/26/57 217/25/57
f 1022/26/58 1021/25/58 218/25/58 228/26/58
f 1022/26/59 1023/27/59 17/27/59 227/26/59
f 1023/27/60 1022/26/60 228/26/60 18/27/60
f 1023/27/61 1024/20/61 207/20/61 17/27/61
f 1024/20/62 1023/27/62 18/27/62 208/20/62
f 1024/20/63 1021/25/63 217/25/63 207/20/63
f 1021/25/64 1024/20/64 208/20/64 218/25/64
f 1025/28/65 1026/29/65 891/29/65 907/28/65
f 1026/29/66 1025/28/66 908/28/66 892/29/66
f 1026/29/67 1027/22/67 877/22/67 891/29/67
f 1027/22/68 1026/29/68 892/29/68 878/22/68
f 1027/22/69 1028/30/69 893/30/69 877/22/69
f 1028/30/70 1027/22/70 878/22/70 894/30/70
f 1028/30/71 1025/28/71 907/28/71 893/30/71
f 1025/28/72 1028/30/72 894/30/72 908/28/72
f 1029/31/73 1030/32/73 247/32/73 237/31/73
f 1030/32/74 1029/31/74 238/31/74 248/32/74
f 1030/32/75 1031/33/75 21/33/75 247/32/75
f 1031/33/76 1030/32/76 248/32/76 22/33/76
f 1031/33/77 1032/26/77 227/26/77 21/33/77
f 1032/26/78 1031/33/78 22/33/78 228/26/78
f 1032/26/79 1029/31/79 237/31/79 227/26/79
f 1029/31/80 1032/26/80 228/26/80 238/31/80
f 1033/34/81 1034/35/81 921/35/81 937/34/81
f 1034/35/82 1033/34/82 938/34/82 922/35/82
f 1034/35/83 1035/28/83 907/28/83 921/35/83
f 1035/28/84 1034/35/84 922/35/84 908/28/84
f 1035/28/85 1036/36/85 923/36/85 907/28/85
f 1036/36/86 1035/28/86 908/28/86 924/36/86
f 1036/36/87 1033/34/87 937/34/87 923/36/87
f 1033/34/88 1036/36/88 924/36/88 938/34/88
f 1037/37/89 1038/38/89 267/38/89 257/37/89
f 1038/38/90 1037/37/90 258/37/90 268/38/90
f 1038/38/91 1039/39/91 25/39/91 267/38/91
f 1039/39/92 1038/38/92 268/38/92 26/39/92
f 1039/39/93 1040/32/93 247/32/93 25/39/93
f 1040/32/94 1039/39/94 26/39/94 248/32/94
f 1040/32/95 1037/37/95 257/37/95 247/32/95
f 1037/37/96 1040/32/96 248/32/96 258/37/96
f 1041/40/97 1042/41/97 951/41/97 967/40/97
f 1042/41/98 1041/40/98 968/40/98 952/41/98
f 1042/41/99 1043/34/99 937/34/99 951/41/99
f 1043/34/100 1042/41/100 952/41/100 938/34/100
f 1043/34/101 1044/42/101 953/42/101 937/34/101
f 1044/42/102 1043/34/102 938/34/102 954/42/102
f 1044/42/103 1041/40/103 967/40/103 953/42/103
f 1041/40/104 1044/42/104 954/42/104 968/40/104
f 1045/43/105 1046/44/105 287/44/105 277/43/105
f 1046/44/106 1045/43/106 278/43/106 288/44/106
f 1046/44/107 1047/45/107 29/45/107 287/44/107
f 1047/45/108 1046/44/108 288/44/108 30/45/108
f 1047/45/109 1048/38/109 267/38/109 29/45/109
f 1048/38/110 1047/45/110 30/45/110 268/38/110
f 1048/38/111 1045/43/111 277/43/111 267/38/111
f 1045/43/112 1048/38/112 268/38/112 278/43/112
f 1049/46/113 1050/47/113 981/47/113 61/46/113
f 1050/47/114 1049/46/114 62/46/114 982/47/114
f 1050/47/115 1051/40/115 967/40/115 981/47/115
f 1051/40/116 1050/47/116 982/47/116 968/40/116
f 1051/40/117 1052/48/117 983/48/117 967/40/117
f 1052/48/118 1051/40/118 968/40/118 984/48/118
f 1052/48/119 1049/46/119 61/46/119 983/48/119
f 1049/46/120 1052/48/120 984/48/120 62/46/120
f 1053/49/121 1054/50/121 307/50/121 297/49/121
f 1054/50/122 1053/49/122 298/49/122 308/50/122
f 1054/50/123 1055/51/123 33/51/123 307/50/123
f 1055/51/124 1054/50/124 308/50/124 34/51/124
f 1055/51/125 1056/44/125 287/44/125 33/51/125
f 1056/44/126 1055/51/126 34/51/126 288/44/126
f 1056/44/127 1053/49/127 297/49/127 287/44/127
f 1053/49/128 1056/44/128 288/44/128 298/49/128
f 1057/52/129 1058/53/129 327/53/129 317/52/129
f 1058/53/130 1057/52/130 318/52/130 328/53/130
f 1058/53/131 1059/54/131 37/54/131 327/53/131
f 1059/54/132 1058/53/132 328/53/132 38/54/132
f 1059/54/133 1060/50/133 307/50/133 37/54/133
f 1060/50/134 1059/54/134 38/54/134 308/50/134
f 1060/50/135 1057/52/135 317/52/135 307/50/135
f 1057/52/136 1060/50/136 308/50/136 318/52/136
f 1061/55/137 1062/56/137 347/56/137 337/55/137
f 1062/56/138 1061/55/138 338/55/138 348/56/138
f 1062/56/139 1063/57/139 41/57/139 347/56/139
f 1063/57/140 1062/56/140 348/56/140 42/57/140
f 1063/57/141 1064/53/141 327/53/141 41/57/141
f 1064/53/142 1063/57/142 42/57/142 328/53/142
f 1064/53/143 1061/55/143 337/55/143 327/53/143
f 1061/55/144 1064/53/144 328/53/144 338/55/144
f 1065/58/145 1066/59/145 367/59/145 357/58/145
f 1066/59/146 1065/58/146 358/58/146 368/59/146
f 1066/59/147 1067/60/147 45/60/147 367/59/147
f 1067/60/148 1066/59/148 368/59/148 46/60/148
f 1067/60/149 1068/56/149 347/56/149 45/60/149
f 1068/56/150 1067/60/150 46/60/150 348/56/150
f 1068/56/151 1065/58/151 357/58/151 347/56/151
f 1065/58/152 1068/56/152 348/56/152 358/58/152
f 1069/61/153 1070/62/153 387/62/153 377/61/153
f 1070/62/154 1069/61/154 378/61/154 388/62/154
f 1070/62/155 1071/63/155 49/63/155 387/62/155
f 1071/63/156 1070/62/156 388/62/156 50/63/156
f 1071/63/157 1072/59/157 367/59/157 49/63/157
f 1072/59/158 1071/63/158 50/63/158 368/59/158
f 1072/59/159 1069/61/159 377/61/159 367/59/159
f 1069/61/160 1072/59/160 368/59/160 378/61/160
f 1073/64/161 1074/65/161 407/65/161 397/64/161
f 1074/65/162 1073/64/162 398/64/162 408/65/162
f 1074/65/163 1075/66/163 53/66/163 407/65/163
f 1075/66/164 1074/65/164 408/65/164 54/66/164
f 1075/66/165 1076/62/165 387/62/165 53/66/165
f 1076/62/166 1075/66/166 54/66/166 388/62/166
f 1076/62/167 1073/64/167 397/64/167 387/62/167
f 1073/64/168 1076/62/168 388/62/168 398/64/168
f 1077/67/169 1078/68/169 427/68/169 417/67/169
f 1078/68/170 1077/67/170 418/67/170 428/68/170
f 1078/68/171 1079/69/171 57/69/171 427/68/171
f 1079/69/172 1078/68/172 428/68/172 58/69/172
f 1079/69/173 1080/65/173 407/65/173 57/69/173
f 1080/65/174 1079/69/174 58/69/174 408/65/174
f 1080/65/175 1077/67/175 417/67/175 407/65/175
f 1077/67/176 1080/65/176 408/65/176 418/67/176
f 1081/70/177 1082/71/177 447/71/177 437/70/177
f 1082/71/178 1081/70/178 438/70/178 448/71/178
f 1082/71/179 1083/46/179 61/46/179 447/71/179
f 1083/46/180 1082/71/180 448/71/180 62/46/180
f 1083/46/181 1084/68/181 427/68/181 61/46/181
f 1084/68/182 1083/46/182 62/46/182 428/68/182
f 1084/68/183 1081/70/183 437/70/183 427/68/183
f 1081/70/184 1084/68/184 428/68/184 438/70/184
f 1085/72/185 1086/73/185 467/73/185 457/72/185
f 1086/73/186 1085/72/186 458/72/186 468/73/186
f 1086/73/187 1087/74/187 65/74/187 467/73/187
f 1087/74/188 1086/73/188 468/73/188 66/74/188
f 1087/74/189 1088/71/189 447/71/189 65/74/189
f 1088/71/190 1087/74/190 66/74/190 448/71/190
f 1088/71/191 1085/72/191 457/72/191 447/71/191
f 1085/72/192 1088/71/192 448/71/192 458/72/192
f 1089/75/193 1090/76/193 487/76/193 477/75/193
f 1090/76/194 1089/75/194 478/75/194 488/76/194
f 1090/76/195 1091/77/195 69/77/195 487/76/195
f 1091/77/196 1090/76/196 488/76/196 70/77/196
f 1091/77/197 1092/73/197 467/73/197 69/77/197
f 1092/73/198 1091/77/198 70/77/198 468/73/198
f 1092/73/199 1089/75/199 477/75/199 467/73/199
f 1089/75/200 1092/73/200 468/73/200 478/75/200
f 1093/77/201 1094/78/201 73/78/201 69/77/201
f 1094/78/202 1093/77/202 70/77/202 74/78/202
f 1094/78/203 1095/79/203 963/79/203 73/78/203
f 1095/79/204 1094/78/204 74/78/204 964/79/204
f 1095/79/205 1096/80/205 979/80/205 963/79/205
f 1096/80/206 1095/79/206 964/79/206 980/80/206
f 1096/80/207 1093/77/207 69/77/207 979/80/207
f 1093/77/208 1096/80/208 980/80/208 70/77/208
f 1097/81/209 1098/82/209 507/82/209 497/81/209
f 1098/82/210 1097/81/210 498/81/210 508/82/210
f 1098/82/211 1099/78/211 73/78/211 507/82/211
f 1099/78/212 1098/82/212 508/82/212 74/78/212
f 1099/78/213 1100/76/213 487/76/213 73/78/213
f 1100/76/214 1099/78/214 74/78/214 488/76/214
f 1100/76/215 1097/81/215 497/81/215 487/76/215
f 1097/81/216 1100/76/216 488/76/216 498/81/216
f 1101/79/217 1102/83/217 77/83/217 963/79/217
f 1102/83/218 1101/79/218 964/79/218 78/83/218
f 1102/83/219 1103/84/219 933/84/219 77/83/219
f 1103/84/220 1102/83/220 78/83/220 934/84/220
f 1103/84/221 1104/85/221 949/85/221 933/84/221
f 1104/85/222 1103/84/222 934/84/222 950/85/222
f 1104/85/223 1101/79/223 963/79/223 949/85/223
f 1101/79/224 1104/85/224 950/85/224 964/79/224
f 1105/86/225 1106/87/225 527/87/225 517/86/225
f 1106/87/226 1105/86/226 518/86/226 528/87/226
f 1106/87/227 1107/83/227 77/83/227 527/87/227
f 1107/83/228 1106/87/228 528/87/228 78/83/228
f 1107/83/229 1108/82/229 507/82/229 77/83/229
f 1108/82/230 1107/83/230 78/83/230 508/82/230
f 1108/82/231 1105/86/231 517/86/231 507/82/231
f 1105/86/232 1108/82/232 508/82/232 518/86/232
f 1109/84/233 1110/88/233 81/88/233 933/84/233
f 1110/88/234 1109/84/234 934/84/234 82/88/234
f 1110/88/235 1111/89/235 903/89/235 81/88/235
f 1111/89/236 1110/88/236 82/88/236 904/89/236
f 1111/89/237 1112/90/237 919/90/237 903/89/237
f 1112/90/238 1111/89/238 904/89/238 920/90/238
f 1112/90/239 1109/84/239 933/84/239 919/90/239
f 1109/84/240 1112/90/240 920/90/240 934/84/240
f 1113/91/241 1114/92/241 547/92/241 537/91/241
f 1114/92/242 1113/91/242 538/91/242 548/92/242
f 1114/92/243 1115/88/243 81/88/243 547/92/243
f 1115/88/244 1114/92/244 548/92/244 82/88/244
f 1115/88/245 1116/87/245 527/87/245 81/88/245
f 1116/87/246 1115/88/246 82/88/246 528/87/246
f 1116/87/247 1113/91/247 537/91/247 527/87/247
f 1113/91/248 1116/87/248 528/87/248 538/91/248
f 1117/89/249 1118/93/249 85/93/249 903/89/249
f 1118/93/250 1117/89/250 904/89/250 86/93/250
f 1118/93/251 1119/94/251 873/94/251 85/93/251
f 1119/94/252 1118/93/252 86/93/252 874/94/252
f 1119/94/253 1120/95/253 889/95/253 873/94/253
f 1120/95/254 1119/94/254 874/94/254 890/95/254
f 1120/95/255 1117/89/255 903/89/255 889/95/255
f 1117/89/256 1120/95/256 890/95/256 904/89/256
f 1121/96/257 1122/97/257 567/97/257 557/96/257
f 1122/97/258 1121/96/258 558/96/258 568/97/258
f 1122/97/259 1123/93/259 85/93/259 567/97/259
f 1123/93/260 1122/97/260 568/97/260 86/93/260
f 1123/93/261 1124/92/261 547/92/261 85/93/261
f 1124/92/262 1123/93/262 86/93/262 548/92/262
f 1124/92/263 1121/96/263 557/96/263 547/92/263
f 1121/96/264 1124/92/264 548/92/264 558/96/264
f 1125/94/265 1126/98/265 89/98/265 873/94/265
f 1126/98/266 1125/94/266 874/94/266 90/98/266
f 1126/98/267 1127/99/267 843/99/267 89/98/267
f 1127/99/268 1126/98/268 90/98/268 844/99/268
f 1127/99/269 1128/100/269 859/100/269 843/99/269
f 1128/100/270 1127/99/270 844/99/270 860/100/270
f 1128/100/271 1125/94/271 873/94/271 859/100/271
f 1125/94/272 1128/100/272 860/100/272 874/94/272
f 1129/101/273 1130/102/273 587/102/273 577/101/273
f 1130/102/274 1129/101/274 578/101/274 588/102/274
f 1130/102/275 1131/98/275 89/98/275 587/102/275
f 1131/98/276 1130/102/276 588/102/276 90/98/276
f 1131/98/277 1132/97/277 567/97/277 89/98/277
f 1132/97/278 1131/98/278 90/98/278 568/97/278
f 1132/97/279 1129/101/279 577/101/279 567/97/279
f 1129/101/280 1132/97/280 568/97/280 578/101/280
f 1133/99/281 1134/103/281 93/103/281 843/99/281
f 1134/103/282 1133/99/282 844/99/282 94/103/282
f 1134/103/283 1135/2/283 813/2/283 93/103/283
f 1135/2/284 1134/103/284 94/103/284 814/2/284
f 1135/2/285 1136/1/285 829/1/285 813/2/285
f 1136/1/286 1135/2/286 814/2/286 830/1/286
f 1136/1/287 1133/99/287 843/99/287 829/1/287
f 1133/99/288 1136/1/288 830/1/288 844/99/288
f 1137/104/289 1138/105/289 607/105/289 597/104/289
f 1138/105/290 1137/104/290 598/104/290 608/105/290
f 1138/105/291 1139/103/291 93/103/291 607/105/291
f 1139/103/292 1138/105/292 608/105/292 94/103/292
f 1139/103/293 1140/102/293 587/102/293 93/103/293
f 1140/102/294 1139/103/294 94/103/294 588/102/294
f 1140/102/295 1137/104/295 597/104/295 587/102/295
f 1137/104/296 1140/102/296 588/102/296 598/104/296
f 1141/2/297 1142/106/297 97/106/297 813/2/297
f 1142/106/298 1141/2/298 814/2/298 98/106/298
f 1142/106/299 1143/107/299 783/107/299 97/106/299
f 1143/107/300 1142/106/300 98/106/300 784/107/300
f 1143/107/301 1144/3/301 799/3/301 783/107/301
f 1144/3/302 1143/107/302 784/107/302 800/3/302
f 1144/3/303 1141/2/303 813/2/303 799/3/303
f 1141/2/304 1144/3/304 800/3/304 814/2/304
f 1145/108/305 1146/109/305 627/109/305 617/108/305
f 1146/109/306 1145/108/306 618/108/306 628/109/306
f 1146/109/307 1147/106/307 97/106/307 627/109/307
f 1147/106/308 1146/109/308 628/109/308 98/106/308
f 1147/106/309 1148/105/309 607/105/309 97/106/309
f 1148/105/310 1147/106/310 98/106/310 608/105/310
f 1148/105/311 1145/108/311 617/108/311 607/105/311
f 1145/108/312 1148/105/312 608/105/312 618/108/312
f 1149/107/313 1150/110/313 101/110/313 783/107/313
f 1150/110/314 1149/107/314 784/107/314 102/110/314
f 1150/110/315 1151/111/315 105/111/315 101/110/315
f 1151/111/316 1150/110/316 102/110/316 106/111/316
f 1151/111/317 1152/112/317 769/112/317 105/111/317
f 1152/112/318 1151/111/318 106/111/318 770/112/318
f 1152/112/319 1149/107/319 783/107/319 769/112/319
f 1149/107/320 1152/112/320 770/112/320 784/107/320
f 1153/113/321 1154/114/321 647/114/321 637/113/321
f 1154/114/322 1153/113/322 638/113/322 648/114/322
f 1154/114/323 1155/110/323 101/110/323 647/114/323
f 1155/110/324 1154/114/324 648/114/324 102/110/324
f 1155/110/325 1156/109/325 627/109/325 101/110/325
f 1156/109/326 1155/110/326 102/110/326 628/109/326
f 1156/109/327 1153/113/327 637/113/327 627/109/327
f 1153/113/328 1156/109/328 628/109/328 638/113/328
f 1157/115/329 1158/116/329 667/116/329 657/115/329
f 1158/116/330 1157/115/330 658/115/330 668/116/330
f 1158/116/331 1159/111/331 105/111/331 667/116/331
f 1159/111/332 1158/116/332 668/116/332 106/111/332
f 1159/111/333 1160/114/333 647/114/333 105/111/333
f 1160/114/334 1159/111/334 106/111/334 648/114/334
f 1160/114/335 1157/115/335 657/115/335 647/114/335
f 1157/115/336 1160/114/336 648/114/336 658/115/336
f 1161/80/337 1162/79/337 963/79/337 979/80/337
f 1162/79/338 1161/80/338 980/80/338 964/79/338
f 1162/79/339 1163/85/339 949/85/339 963/79/339
f 1163/85/340 1162/79/340 964/79/340 950/85/340
f 1163/85/341 1164/117/341 965/117/341 949/85/341
f 1164/117/342 1163/85/342 950/85/342 966/117/342
f 1164/117/343 1161/80/343 979/80/343 965/117/343
f 1161/80/344 1164/117/344 966/117/344 980/80/344
f 1165/118/345 1166/119/345 687/119/345 677/118/345
f 1166/119/346 1165/118/346 678/118/346 688/119/346
f 1166/119/347 1167/120/347 109/120/347 687/119/347
f 1167/120/348 1166/119/348 688/119/348 110/120/348
f 1167/120/349 1168/116/349 667/116/349 109/120/349
f 1168/116/350 1167/120/350 110/120/350 668/116/350
f 1168/116/351 1165/118/351 677/118/351 667/116/351
f 1165/118/352 1168/116/352 668/116/352 678/118/352
f 1169/85/353 1170/84/353 933/84/353 949/85/353
f 1170/84/354 1169/85/354 950/85/354 934/84/354
f 1170/84/355 1171/90/355 919/90/355 933/84/355
f 1171/90/356 1170/84/356 934/84/356 920/90/356
f 1171/90/357 1172/121/357 935/121/357 919/90/357
f 1172/121/358 1171/90/358 920/90/358 936/121/358
f 1172/121/359 1169/85/359 949/85/359 935/121/359
f 1169/85/360 1172/121/360 936/121/360 950/85/360
f 1173/122/361 1174/123/361 707/123/361 697/122/361
f 1174/123/362 1173/122/362 698/122/362 708/123/362
f 1174/123/363 1175/124/363 113/124/363 707/123/363
f 1175/124/364 1174/123/364 708/123/364 114/124/364
f 1175/124/365 1176/119/365 687/119/365 113/124/365
f 1176/119/366 1175/124/366 114/124/366 688/119/366
f 1176/119/367 1173/122/367 697/122/367 687/119/367
f 1173/122/368 1176/119/368 688/119/368 698/122/368
f 1177/90/369 1178/89/369 903/89/369 919/90/369
f 1178/89/370 1177/90/370 920/90/370 904/89/370
f 1178/89/371 1179/95/371 889/95/371 903/89/371
f 1179/95/372 1178/89/372 904/89/372 890/95/372
f 1179/95/373 1180/125/373 905/125/373 889/95/373
f 1180/125/374 1179/95/374 890/95/374 906/125/374
f 1180/125/375 1177/90/375 919/90/375 905/125/375
f 1177/90/376 1180/125/376 906/125/376 920/90/376
f 1181/126/377 1182/127/377 727/127/377 717/126/377
f 1182/127/378 1181/126/378 718/126/378 728/127/378
f 1182/127/379 1183/128/379 117/128/379 727/127/379
f 1183/128/380 1182/127/380 728/127/380 118/128/380
f 1183/128/381 1184/123/381 707/123/381 117/128/381
f 1184/123/382 1183/128/382 118/128/382 708/123/382
f 1184/123/383 1181/126/383 717/126/383 707/123/383
f 1181/126/384 1184/123/384 708/123/384 718/126/384
f 1185/95/385 1186/94/385 873/94/385 889/95/385
f 1186/94/386 1185/95/386 890/95/386 874/94/386
f 1186/94/387 1187/100/387 859/100/387 873/94/387
f 1187/100/388 1186/94/388 874/94/388 860/100/388
f 1187/100/389 1188/129/389 875/129/389 859/100/389
f 1188/129/390 1187/100/390 860/100/390 876/129/390
f 1188/129/391 1185/95/391 889/95/391 875/129/391
f 1185/95/392 1188/129/392 876/129/392 890/95/392
f 1189/130/393 1190/131/393 747/131/393 737/130/393
f 1190/131/394 1189/130/394 738/130/394 748/131/394
f 1190/131/395 1191/132/395 121/132/395 747/131/395
f 1191/132/396 1190/131/396 748/131/396 122/132/396
f 1191/132/397 1192/127/397 727/127/397 121/132/397
f 1192/127/398 1191/132/398 122/132/398 728/127/398
f 1192/127/399 1189/130/399 737/130/399 727/127/399
f 1189/130/400 1192/127/400 728/127/400 738/130/400
f 1193/100/401 1194/99/401 843/99/401 859/100/401
f 1194/99/402 1193/100/402 860/100/402 844/99/402
f 1194/99/403 1195/1/403 829/1/403 843/99/403
f 1195/1/404 1194/99/404 844/99/404 830/1/404
f 1195/1/405 1196/133/405 845/133/405 829/1/405
f 1196/133/406 1195/1/406 830/1/406 846/133/406
f 1196/133/407 1193/100/407 859/100/407 845/133/407
f 1193/100/408 1196/133/408 846/133/408 860/100/408
f 1197/134/409 1198/135/409 767/135/409 757/134/409
f 1198/135/410 1197/134/410 758/134/410 768/135/410
f 1198/135/411 1199/136/411 125/136/411 767/135/411
f 1199/136/412 1198/135/412 768/135/412 126/136/412
f 1199/136/413 1200/131/413 747/131/413 125/136/413
f 1200/131/414 1199/136/414 126/136/414 748/131/414
f 1200/131/415 1197/134/415 757/134/415 747/131/415
f 1197/134/416 1200/131/416 748/131/416 758/134/416
f 1201/137/417 1202/138/417 779/138/417 1/137/417
f 1202/138/418 1201/137/418 2/137/418 780/138/418
f 1202/138/419 1203/136/419 125/136/419 779/138/419
f 1203/136/420 1202/138/420 780/138/420 126/136/420
f 1203/136/421 1204/135/421 767/135/421 125/136/421
f 1204/135/422 1203/136/422 126/136/422 768/135/422
f 1204/135/423 1201/137/423 1/137/423 767/135/423
f 1201/137/424 1204/135/424 768/135/424 2/137/424
f 1205/139/425 1206/140/425 763/140/425 755/139/425
f 1206/140/426 1205/139/426 756/139/426 764/140/426
f 1206/140/427 1207/141/427 131/141/427 763/140/427
f 1207/141/428 1206/140/428 764/140/428 132/141/428
f 1207/141/429 1208/142/429 765/142/429 131/141/429
f 1208/142/430 1207/141/430 132/141/430 766/142/430
f 1208/142/431 1205/139/431 755/139/431 765/142/431
f 1205/139/432 1208/142/432 766/142/432 756/139/432
f 1209/143/433 1210/144/433 145/144/433 131/143/433
f 1210/144/434 1209/143/434 132/143/434 146/144/434
f 1210/144/435 1211/145/435 129/145/435 145/144/435
f 1211/145/436 1210/144/436 146/144/436 130/145/436
f 1211/145/437 1212/142/437 765/142/437 129/145/437
f 1212/142/438 1211/145/438 130/145/438 766/142/438
f 1212/142/439 1209/143/439 131/143/439 765/142/439
f 1209/143/440 1212/142/440 766/142/440 132/143/440
f 1213/146/441 1214/147/441 761/147/441 753/146/441
f 1214/147/442 1213/146/442 754/146/442 762/147/442
f 1214/147/443 1215/148/443 133/148/443 761/147/443
f 1215/148/444 1214/147/444 762/147/444 134/148/444
f 1215/148/445 1216/140/445 763/140/445 133/148/445
f 1216/140/446 1215/148/446 134/148/446 764/140/446
f 1216/140/447 1213/146/447 753/146/447 763/140/447
f 1213/146/448 1216/140/448 764/140/448 754/146/448
f 1217/149/449 1218/150/449 143/150/449 133/149/449
f 1218/150/450 1217/149/450 134/149/450 144/150/450
f 1218/150/451 1219/141/451 131/141/451 143/150/451
f 1219/141/452 1218/150/452 144/150/452 132/141/452
f 1219/141/453 1220/140/453 763/140/453 131/141/453
f 1220/140/454 1219/141/454 132/141/454 764/140/454
f 1220/140/455 1217/149/455 133/149/455 763/140/455
f 1217/149/456 1220/140/456 764/140/456 134/149/456
f 1221/151/457 1222/152/457 759/152/457 751/151/457
f 1222/152/458 1221/151/458 752/151/458 760/152/458
f 1222/152/459 1223/153/459 135/153/459 759/152/459
f 1223/153/460 1222/152/460 760/152/460 136/153/460
f 1223/153/461 1224/147/461 761/147/461 135/153/461
f 1224/147/462 1223/153/462 136/153/462 762/147/462
f 1224/147/463 1221/151/463 751/151/463 761/147/463
f 1221/151/464 1224/147/464 762/147/464 752/151/464
f 1225/154/465 1226/155/465 141/155/465 135/154/465
f 1226/155/466 1225/154/466 136/154/466 142/155/466
f 1226/155/467 1227/148/467 133/148/467 141/155/467
f 1227/148/468 1226/155/468 142/155/468 134/148/468
f 1227/148/469 1228/147/469 761/147/469 133/148/469
f 1228/147/470 1227/148/470 134/148/470 762/147/470
f 1228/147/471 1225/154/471 135/154/471 761/147/471
f 1225/154/472 1228/147/472 762/147/472 136/154/472
f 1229/156/473 1230/157/473 139/157/473 137/156/473
f 1230/157/474 1229/156/474 138/156/474 140/157/474
f 1230/157/475 1231/153/475 135/153/475 139/157/475
f 1231/153/476 1230/157/476 140/157/476 136/153/476
f 1231/153/477 1232/152/477 759/152/477 135/153/477
f 1232/152/478 1231/153/478 136/153/478 760/152/478
f 1232/152/479 1229/156/479 137/156/479 759/152/479
f 1229/156/480 1232/152/480 760/152/480 138/156/480
f 1233/158/481 1234/139/481 755/139/481 745/158/481
f 1234/139/482 1233/158/482 746/158/482 756/139/482
f 1234/139/483 1235/142/483 765/142/483 755/139/483
f 1235/142/484 1234/139/484 756/139/484 766/142/484
f 1235/142/485 1236/134/485 757/134/485 765/142/485
f 1236/134/486 1235/142/486 766/142/486 758/134/486
f 1236/134/487 1233/158/487 745/158/487 757/134/487
f 1233/158/488 1236/134/488 758/134/488 746/158/488
f 1237/159/489 1238/146/489 753/146/489 743/159/489
f 1238/146/490 1237/159/490 744/159/490 754/146/490
f 1238/146/491 1239/140/491 763/140/491 753/146/491
f 1239/140/492 1238/146/492 754/146/492 764/140/492
f 1239/140/493 1240/139/493 755/139/493 763/140/493
f 1240/139/494 1239/140/494 764/140/494 756/139/494
f 1240/139/495 1237/159/495 743/159/495 755/139/495
f 1237/159/496 1240/139/496 756/139/496 744/159/496
f 1241/160/497 1242/151/497 751/151/497 741/160/497
f 1242/151/498 1241/160/498 742/160/498 752/151/498
f 1242/151/499 1243/147/499 761/147/499 751/151/499
f 1243/147/500 1242/151/500 752/151/500 762/147/500
f 1243/147/501 1244/146/501 753/146/501 761/147/501
f 1244/146/502 1243/147/502 762/147/502 754/146/502
f 1244/146/503 1241/160/503 741/160/503 753/146/503
f 1241/160/504 1244/146/504 754/146/504 742/160/504
f 1245/161/505 1246/162/505 749/162/505 739/161/505
f 1246/162/506 1245/161/506 740/161/506 750/162/506
f 1246/162/507 1247/152/507 759/152/507 749/162/507
f 1247/152/508 1246/162/508 750/162/508 760/152/508
f 1247/152/509 1248/151/509 751/151/509 759/152/509
f 1248/151/510 1247/152/510 760/152/510 752/151/510
f 1248/151/511 1245/161/511 739/161/511 751/151/511
f 1245/161/512 1248/151/512 752/151/512 740/161/512
f 1249/136/513 1250/163/513 777/163/513 125/136/513
f 1250/163/514 1249/136/514 126/136/514 778/163/514
f 1250/163/515 1251/132/515 121/132/515 777/163/515
f 1251/132/516 1250/163/516 778/163/516 122/132/516
f 1251/132/517 1252/131/517 747/131/517 121/132/517
f 1252/131/518 1251/132/518 122/132/518 748/131/518
f 1252/131/519 1249/136/519 125/136/519 747/131/519
f 1249/136/520 1252/131/520 748/131/520 126/136/520
f 1253/130/521 1254/158/521 745/158/521 737/130/521
f 1254/158/522 1253/130/522 738/130/522 746/158/522
f 1254/158/523 1255/134/523 757/134/523 745/158/523
f 1255/134/524 1254/158/524 746/158/524 758/134/524
f 1255/134/525 1256/131/525 747/131/525 757/134/525
f 1256/131/526 1255/134/526 758/134/526 748/131/526
f 1256/131/527 1253/130/527 737/130/527 747/131/527
f 1253/130/528 1256/131/528 748/131/528 738/130/528
f 1257/164/529 1258/159/529 743/159/529 735/164/529
f 1258/159/530 1257/164/530 736/164/530 744/159/530
f 1258/159/531 1259/139/531 755/139/531 743/159/531
f 1259/139/532 1258/159/532 744/159/532 756/139/532
f 1259/139/533 1260/158/533 745/158/533 755/139/533
f 1260/158/534 1259/139/534 756/139/534 746/158/534
f 1260/158/535 1257/164/535 735/164/535 745/158/535
f 1257/164/536 1260/158/536 746/158/536 736/164/536
f 1261/165/537 1262/160/537 741/160/537 733/165/537
f 1262/160/538 1261/165/538 734/165/538 742/160/538
f 1262/160/539 1263/146/539 753/146/539 741/160/539
f 1263/146/540 1262/160/540 742/160/540 754/146/540
f 1263/146/541 1264/159/541 743/159/541 753/146/541
f 1264/159/542 1263/146/542 754/146/542 744/159/542
f 1264/159/543 1261/165/543 733/165/543 743/159/543
f 1261/165/544 1264/159/544 744/159/544 734/165/544
f 1265/166/545 1266/161/545 739/161/545 731/166/545
f 1266/161/546 1265/166/546 732/166/546 740/161/546
f 1266/161/547 1267/151/547 751/151/547 739/161/547
f 1267/151/548 1266/161/548 740/161/548 752/151/548
f 1267/151/549 1268/160/549 741/160/549 751/151/549
f 1268/160/550 1267/151/550 752/151/550 742/160/550
f 1268/160/551 1265/166/551 731/166/551 741/160/551
f 1265/166/552 1268/160/552 742/160/552 732/166/552
f 1269/167/553 1270/8/553 147/8/553 129/167/553
f 1270/8/554 1269/167/554 130/167/554 148/8/554
f 1270/8/555 1271/137/555 1/137/555 147/8/555
f 1271/137/556 1270/8/556 148/8/556 2/137/556
f 1271/137/557 1272/135/557 767/135/557 1/137/557
f 1272/135/558 1271/137/558 2/137/558 768/135/558
f 1272/135/559 1269/167/559 129/167/559 767/135/559
f 1269/167/560 1272/135/560 768/135/560 130/167/560
f 1273/168/561 1274/164/561 735/164/561 725/168/561
f 1274/164/562 1273/168/562 726/168/562 736/164/562
f 1274/164/563 1275/158/563 745/158/563 735/164/563
f 1275/158/564 1274/164/564 736/164/564 746/158/564
f 1275/158/565 1276/130/565 737/130/565 745/158/565
f 1276/130/566 1275/158/566 746/158/566 738/130/566
f 1276/130/567 1273/168/567 725/168/567 737/130/567
f 1273/168/568 1276/130/568 738/130/568 726/168/568
f 1277/169/569 1278/165/569 733/165/569 723/169/569
f 1278/165/570 1277/169/570 724/169/570 734/165/570
f 1278/165/571 1279/159/571 743/159/571 733/165/571
f 1279/159/572 1278/165/572 734/165/572 744/159/572
f 1279/159/573 1280/164/573 735/164/573 743/159/573
f 1280/164/574 1279/159/574 744/159/574 736/164/574
f 1280/164/575 1277/169/575 723/169/575 735/164/575
f 1277/169/576 1280/164/576 736/164/576 724/169/576
f 1281/170/577 1282/166/577 731/166/577 721/170/577
f 1282/166/578 1281/170/578 722/170/578 732/166/578
f 1282/166/579 1283/160/579 741/160/579 731/166/579
f 1283/160/580 1282/166/580 732/166/580 742/160/580
f 1283/160/581 1284/165/581 733/165/581 741/160/581
f 1284/165/582 1283/160/582 742/160/582 734/165/582
f 1284/165/583 1281/170/583 721/170/583 733/165/583
f 1281/170/584 1284/165/584 734/165/584 722/170/584
f 1285/171/585 1286/172/585 729/172/585 719/171/585
f 1286/172/586 1285/171/586 720/171/586 730/172/586
f 1286/172/587 1287/161/587 739/161/587 729/172/587
f 1287/161/588 1286/172/588 730/172/588 740/161/588
f 1287/161/589 1288/166/589 731/166/589 739/161/589
f 1288/166/590 1287/161/590 740/161/590 732/166/590
f 1288/166/591 1285/171/591 719/171/591 731/166/591
f 1285/171/592 1288/166/592 732/166/592 720/171/592
f 1289/132/593 1290/173/593 775/173/593 121/132/593
f 1290/173/594 1289/132/594 122/132/594 776/173/594
f 1290/173/595 1291/128/595 117/128/595 775/173/595
f 1291/128/596 1290/173/596 776/173/596 118/128/596
f 1291/128/597 1292/127/597 727/127/597 117/128/597
f 1292/127/598 1291/128/598 118/128/598 728/127/598
f 1292/127/599 1289/132/599 121/132/599 727/127/599
f 1289/132/600 1292/127/600 728/127/600 122/132/600
f 1293/126/601 1294/168/601 725/168/601 717/126/601
f 1294/168/602 1293/126/602 718/126/602 726/168/602
f 1294/168/603 1295/130/603 737/130/603 725/168/603
f 1295/130/604 1294/168/604 726/168/604 738/130/604
f 1295/130/605 1296/127/605 727/127/605 737/130/605
f 1296/127/606 1295/130/606 738/130/606 728/127/606
f 1296/127/607 1293/126/607 717/126/607 727/127/607
f 1293/126/608 1296/127/608 728/127/608 718/126/608
f 1297/174/609 1298/169/609 723/169/609 715/174/609
f 1298/169/610 1297/174/610 716/174/610 724/169/610
f 1298/169/611 1299/164/611 735/164/611 723/169/611
f 1299/164/612 1298/169/612 724/169/612 736/164/612
f 1299/164/613 1300/168/613 725/168/613 735/164/613
f 1300/168/614 1299/164/614 736/164/614 726/168/614
f 1300/168/615 1297/174/615 715/174/615 725/168/615
f 1297/174/616 1300/168/616 726/168/616 716/174/616
f 1301/175/617 1302/170/617 721/170/617 713/175/617
f 1302/170/618 1301/175/618 714/175/618 722/170/618
f 1302/170/619 1303/165/619 733/165/619 721/170/619
f 1303/165/620 1302/170/620 722/170/620 734/165/620
f 1303/165/621 1304/169/621 723/169/621 733/165/621
f 1304/169/622 1303/165/622 734/165/622 724/169/622
f 1304/169/623 1301/175/623 713/175/623 723/169/623
f 1301/175/624 1304/169/624 724/169/624 714/175/624
f 1305/176/625 1306/171/625 719/171/625 711/176/625
f 1306/171/626 1305/176/626 712/176/626 720/171/626
f 1306/171/627 1307/166/627 731/166/627 719/171/627
f 1307/166/628 1306/171/628 720/171/628 732/166/628
f 1307/166/629 1308/170/629 721/170/629 731/166/629
f 1308/170/630 1307/166/630 732/166/630 722/170/630
f 1308/170/631 1305/176/631 711/176/631 721/170/631
f 1305/176/632 1308/170/632 722/170/632 712/176/632
f 1309/177/633 1310/174/633 715/174/633 705/177/633
f 1310/174/634 1309/177/634 706/177/634 716/174/634
f 1310/174/635 1311/168/635 725/168/635 715/174/635
f 1311/168/636 1310/174/636 716/174/636 726/168/636
f 1311/168/637 1312/126/637 717/126/637 725/168/637
f 1312/126/638 1311/168/638 726/168/638 718/126/638
f 1312/126/639 1309/177/639 705/177/639 717/126/639
f 1309/177/640 1312/126/640 718/126/640 706/177/640
f 1313/178/641 1314/175/641 713/175/641 703/178/641
f 1314/175/642 1313/178/642 704/178/642 714/175/642
f 1314/175/643 1315/169/643 723/169/643 713/175/643
f 1315/169/644 1314/175/644 714/175/644 724/169/644
f 1315/169/645 1316/174/645 715/174/645 723/169/645
f 1316/174/646 1315/169/646 724/169/646 716/174/646
f 1316/174/647 1313/178/647 703/178/647 715/174/647
f 1313/178/648 1316/174/648 716/174/648 704/178/648
f 1317/179/649 1318/176/649 711/176/649 701/179/649
f 1318/176/650 1317/179/650 702/179/650 712/176/650
f 1318/176/651 1319/170/651 721/170/651 711/176/651
f 1319/170/652 1318/176/652 712/176/652 722/170/652
f 1319/170/653 1320/175/653 713/175/653 721/170/653
f 1320/175/654 1319/170/654 722/170/654 714/175/654
f 1320/175/655 1317/179/655 701/179/655 713/175/655
f 1317/179/656 1320/175/656 714/175/656 702/179/656
f 1321/180/657 1322/181/657 709/181/657 699/180/657
f 1322/181/658 1321/180/658 700/180/658 710/181/658
f 1322/181/659 1323/171/659 719/171/659 709/181/659
f 1323/171/660 1322/181/660 710/181/660 720/171/660
f 1323/171/661 1324/176/661 711/176/661 719/171/661
f 1324/176/662 1323/171/662 720/171/662 712/176/662
f 1324/176/663 1321/180/663 699/180/663 711/176/663
f 1321/180/664 1324/176/664 712/176/664 700/180/664
f 1325/128/665 1326/182/665 773/182/665 117/128/665
f 1326/182/666 1325/128/666 118/128/666 774/182/666
f 1326/182/667 1327/124/667 113/124/667 773/182/667
f 1327/124/668 1326/182/668 774/182/668 114/124/668
f 1327/124/669 1328/123/669 707/123/669 113/124/669
f 1328/123/670 1327/124/670 114/124/670 708/123/670
f 1328/123/671 1325/128/671 117/128/671 707/123/671
f 1325/128/672 1328/123/672 708/123/672 118/128/672
f 1329/122/673 1330/177/673 705/177/673 697/122/673
f 1330/177/674 1329/122/674 698/122/674 706/177/674
f 1330/177/675 1331/126/675 717/126/675 705/177/675
f 1331/126/676 1330/177/676 706/177/676 718/126/676
f 1331/126/677 1332/123/677 707/123/677 717/126/677
f 1332/123/678 1331/126/678 718/126/678 708/123/678
f 1332/123/679 1329/122/679 697/122/679 707/123/679
f 1329/122/680 1332/123/680 708/123/680 698/122/680
f 1333/183/681 1334/178/681 703/178/681 695/183/681
f 1334/178/682 1333/183/682 696/183/682 704/178/682
f 1334/178/683 1335/174/683 715/174/683 703/178/683
f 1335/174/684 1334/178/684 704/178/684 716/174/684
f 1335/174/685 1336/177/685 705/177/685 715/174/685
f 1336/177/686 1335/174/686 716/174/686 706/177/686
f 1336/177/687 1333/183/687 695/183/687 705/177/687
f 1333/183/688 1336/177/688 706/177/688 696/183/688
f 1337/184/689 1338/179/689 701/179/689 693/184/689
f 1338/179/690 1337/184/690 694/184/690 702/179/690
f 1338/179/691 1339/175/691 713/175/691 701/179/691
f 1339/175/692 1338/179/692 702/179/692 714/175/692
f 1339/175/693 1340/178/693 703/178/693 713/175/693
f 1340/178/694 1339/175/694 714/175/694 704/178/694
f 1340/178/695 1337/184/695 693/184/695 703/178/695
f 1337/184/696 1340/178/696 704/178/696 694/184/696
f 1341/185/697 1342/180/697 699/180/697 691/185/697
f 1342/180/698 1341/185/698 692/185/698 700/180/698
f 1342/180/699 1343/176/699 711/176/699 699/180/699
f 1343/176/700 1342/180/700 700/180/700 712/176/700
f 1343/176/701 1344/179/701 701/179/701 711/176/701
f 1344/179/702 1343/176/702 712/176/702 702/179/702
f 1344/179/703 1341/185/703 691/185/703 701/179/703
f 1341/185/704 1344/179/704 702/179/704 692/185/704
f 1345/186/705 1346/183/705 695/183/705 685/186/705
f 1346/183/706 1345/186/706 686/186/706 696/183/706
f 1346/183/707 1347/177/707 705/177/707 695/183/707
f 1347/177/708 1346/183/708 696/183/708 706/177/708
f 1347/177/709 1348/122/709 697/122/709 705/177/709
f 1348/122/710 1347/177/710 706/177/710 698/122/710
f 1348/122/711 1345/186/711 685/186/711 697/122/711
f 1345/186/712 1348/122/712 698/122/712 686/186/712
f 1349/187/713 1350/184/713 693/184/713 683/187/713
f 1350/184/714 1349/187/714 684/187/714 694/184/714
f 1350/184/715 1351/178/715 703/178/715 693/184/715
f 1351/178/716 1350/184/716 694/184/716 704/178/716
f 1351/178/717 1352/183/717 695/183/717 703/178/717
f 1352/183/718 1351/178/718 704/178/718 696/183/718
f 1352/183/719 1349/187/719 683/187/719 695/183/719
f 1349/187/720 1352/183/720 696/183/720 684/187/720
f 1353/188/721 1354/185/721 691/185/721 681/188/721
f 1354/185/722 1353/188/722 682/188/722 692/185/722
f 1354/185/723 1355/179/723 701/179/723 691/185/723
f 1355/179/724 1354/185/724 692/185/724 702/179/724
f 1355/179/725 1356/184/725 693/184/725 701/179/725
f 1356/184/726 1355/179/726 702/179/726 694/184/726
f 1356/184/727 1353/188/727 681/188/727 693/184/727
f 1353/188/728 1356/184/728 694/184/728 682/188/728
f 1357/189/729 1358/190/729 689/190/729 679/189/729
f 1358/190/730 1357/189/730 680/189/730 690/190/730
f 1358/190/731 1359/180/731 699/180/731 689/190/731
f 1359/180/732 1358/190/732 690/190/732 700/180/732
f 1359/180/733 1360/185/733 691/185/733 699/180/733
f 1360/185/734 1359/180/734 700/180/734 692/185/734
f 1360/185/735 1357/189/735 679/189/735 691/185/735
f 1357/189/736 1360/185/736 692/185/736 680/189/736
f 1361/124/737 1362/191/737 771/191/737 113/124/737
f 1362/191/738 1361/124/738 114/124/738 772/191/738
f 1362/191/739 1363/120/739 109/120/739 771/191/739
f 1363/120/740 1362/191/740 772/191/740 110/120/740
f 1363/120/741 1364/119/741 687/119/741 109/120/741
f 1364/119/742 1363/120/742 110/120/742 688/119/742
f 1364/119/743 1361/124/743 113/124/743 687/119/743
f 1361/124/744 1364/119/744 688/119/744 114/124/744
f 1365/118/745 1366/186/745 685/186/745 677/118/745
f 1366/186/746 1365/118/746 678/118/746 686/186/746
f 1366/186/747 1367/122/747 697/122/747 685/186/747
f 1367/122/748 1366/186/748 686/186/748 698/122/748
f 1367/122/749 1368/119/749 687/119/749 697/122/749
f 1368/119/750 1367/122/750 698/122/750 688/119/750
f 1368/119/751 1365/118/751 677/118/751 687/119/751
f 1365/118/752 1368/119/752 688/119/752 678/118/752
f 1369/192/753 1370/187/753 683/187/753 675/192/753
f 1370/187/754 1369/192/754 676/192/754 684/187/754
f 1370/187/755 1371/183/755 695/183/755 683/187/755
f 1371/183/756 1370/187/756 684/187/756 696/183/756
f 1371/183/757 1372/186/757 685/186/757 695/183/757
f 1372/186/758 1371/183/758 696/183/758 686/186/758
f 1372/186/759 1369/192/759 675/192/759 685/186/759
f 1369/192/760 1372/186/760 686/186/760 676/192/760
f 1373/193/761 1374/188/761 681/188/761 673/193/761
f 1374/188/762 1373/193/762 674/193/762 682/188/762
f 1374/188/763 1375/184/763 693/184/763 681/188/763
f 1375/184/764 1374/188/764 682/188/764 694/184/764
f 1375/184/765 1376/187/765 683/187/765 693/184/765
f 1376/187/766 1375/184/766 694/184/766 684/187/766
f 1376/187/767 1373/193/767 673/193/767 683/187/767
f 1373/193/768 1376/187/768 684/187/768 674/193/768
f 1377/194/769 1378/189/769 679/189/769 671/194/769
f 1378/189/770 1377/194/770 672/194/770 680/189/770
f 1378/189/771 1379/185/771 691/185/771 679/189/771
f 1379/185/772 1378/189/772 680/189/772 692/185/772
f 1379/185/773 1380/188/773 681/188/773 691/185/773
f 1380/188/774 1379/185/774 692/185/774 682/188/774
f 1380/188/775 1377/194/775 671/194/775 681/188/775
f 1377/194/776 1380/188/776 682/188/776 672/194/776
f 1381/195/777 1382/192/777 675/192/777 665/195/777
f 1382/192/778 1381/195/778 666/195/778 676/192/778
f 1382/192/779 1383/186/779 685/186/779 675/192/779
f 1383/186/780 1382/192/780 676/192/780 686/186/780
f 1383/186/781 1384/118/781 677/118/781 685/186/781
f 1384/118/782 1383/186/782 686/186/782 678/118/782
f 1384/118/783 1381/195/783 665/195/783 677/118/783
f 1381/195/784 1384/118/784 678/118/784 666/195/784
f 1385/196/785 1386/193/785 673/193/785 663/196/785
f 1386/193/786 1385/196/786 664/196/786 674/193/786
f 1386/193/787 1387/187/787 683/187/787 673/193/787
f 1387/187/788 1386/193/788 674/193/788 684/187/788
f 1387/187/789 1388/192/789 675/192/789 683/187/789
f 1388/192/790 1387/187/790 684/187/790 676/192/790
f 1388/192/791 1385/196/791 663/196/791 675/192/791
f 1385/196/792 1388/192/792 676/192/792 664/196/792
f 1389/197/793 1390/194/793 671/194/793 661/197/793
f 1390/194/794 1389/197/794 662/197/794 672/194/794
f 1390/194/795 1391/188/795 681/188/795 671/194/795
f 1391/188/796 1390/194/796 672/194/796 682/188/796
f 1391/188/797 1392/193/797 673/193/797 681/188/797
f 1392/193/798 1391/188/798 682/188/798 674/193/798
f 1392/193/799 1389/197/799 661/197/799 673/193/799
f 1389/197/800 1392/193/800 674/193/800 662/197/800
f 1393/198/801 1394/199/801 669/199/801 659/198/801
f 1394/199/802 1393/198/802 660/198/802 670/199/802
f 1394/199/803 1395/189/803 679/189/803 669/199/803
f 1395/189/804 1394/199/804 670/199/804 680/189/804
f 1395/189/805 1396/194/805 671/194/805 679/189/805
f 1396/194/806 1395/189/806 680/189/806 672/194/806
f 1396/194/807 1393/198/807 659/198/807 671/194/807
f 1393/198/808 1396/194/808 672/194/808 660/198/808
f 1397/120/809 1398/112/809 769/112/809 109/120/809
f 1398/112/810 1397/120/810 110/120/810 770/112/810
f 1398/112/811 1399/111/811 105/111/811 769/112/811
f 1399/111/812 1398/112/812 770/112/812 106/111/812
f 1399/111/813 1400/116/813 667/116/813 105/111/813
f 1400/116/814 1399/111/814 106/111/814 668/116/814
f 1400/116/815 1397/120/815 109/120/815 667/116/815
f 1397/120/816 1400/116/816 668/116/816 110/120/816
f 1401/115/817 1402/195/817 665/195/817 657/115/817
f 1402/195/818 1401/115/818 658/115/818 666/195/818
f 1402/195/819 1403/118/819 677/118/819 665/195/819
f 1403/118/820 1402/195/820 666/195/820 678/118/820
f 1403/118/821 1404/116/821 667/116/821 677/118/821
f 1404/116/822 1403/118/822 678/118/822 668/116/822
f 1404/116/823 1401/115/823 657/115/823 667/116/823
f 1401/115/824 1404/116/824 668/116/824 658/115/824
f 1405/200/825 1406/196/825 663/196/825 655/200/825
f 1406/196/826 1405/200/826 656/200/826 664/196/826
f 1406/196/827 1407/192/827 675/192/827 663/196/827
f 1407/192/828 1406/196/828 664/196/828 676/192/828
f 1407/192/829 1408/195/829 665/195/829 675/192/829
f 1408/195/830 1407/192/830 676/192/830 666/195/830
f 1408/195/831 1405/200/831 655/200/831 665/195/831
f 1405/200/832 1408/195/832 666/195/832 656/200/832
f 1409/201/833 1410/197/833 661/197/833 653/201/833
f 1410/197/834 1409/201/834 654/201/834 662/197/834
f 1410/197/835 1411/193/835 673/193/835 661/197/835
f 1411/193/836 1410/197/836 662/197/836 674/193/836
f 1411/193/837 1412/196/837 663/196/837 673/193/837
f 1412/196/838 1411/193/838 674/193/838 664/196/838
f 1412/196/839 1409/201/839 653/201/839 663/196/839
f 1409/201/840 1412/196/840 664/196/840 654/201/840
f 1413/202/841 1414/198/841 659/198/841 651/202/841
f 1414/198/842 1413/202/842 652/202/842 660/198/842
f 1414/198/843 1415/194/843 671/194/843 659/198/843
f 1415/194/844 1414/198/844 660/198/844 672/194/844
f 1415/194/845 1416/197/845 661/197/845 671/194/845
f 1416/197/846 1415/194/846 672/194/846 662/197/846
f 1416/197/847 1413/202/847 651/202/847 661/197/847
f 1413/202/848 1416/197/848 662/197/848 652/202/848
f 1417/203/849 1418/200/849 655/200/849 645/203/849
f 1418/200/850 1417/203/850 646/203/850 656/200/850
f 1418/200/851 1419/195/851 665/195/851 655/200/851
f 1419/195/852 1418/200/852 656/200/852 666/195/852
f 1419/195/853 1420/115/853 657/115/853 665/195/853
f 1420/115/854 1419/195/854 666/195/854 658/115/854
f 1420/115/855 1417/203/855 645/203/855 657/115/855
f 1417/203/856 1420/115/856 658/115/856 646/203/856
f 1421/204/857 1422/201/857 653/201/857 643/204/857
f 1422/201/858 1421/204/858 644/204/858 654/201/858
f 1422/201/859 1423/196/859 663/196/859 653/201/859
f 1423/196/860 1422/201/860 654/201/860 664/196/860
f 1423/196/861 1424/200/861 655/200/861 663/196/861
f 1424/200/862 1423/196/862 664/196/862 656/200/862
f 1424/200/863 1421/204/863 643/204/863 655/200/863
f 1421/204/864 1424/200/864 656/200/864 644/204/864
f 1425/205/865 1426/202/865 651/202/865 641/205/865
f 1426/202/866 1425/205/866 642/205/866 652/202/866
f 1426/202/867 1427/197/867 661/197/867 651/202/867
f 1427/197/868 1426/202/868 652/202/868 662/197/868
f 1427/197/869 1428/201/869 653/201/869 661/197/869
f 1428/201/870 1427/197/870 662/197/870 654/201/870
f 1428/201/871 1425/205/871 641/205/871 653/201/871
f 1425/205/872 1428/201/872 654/201/872 642/205/872
f 1429/206/873 1430/207/873 649/207/873 639/206/873
f 1430/207/874 1429/206/874 640/206/874 650/207/874
f 1430/207/875 1431/198/875 659/198/875 649/207/875
f 1431/198/876 1430/207/876 650/207/876 660/198/876
f 1431/198/877 1432/202/877 651/202/877 659/198/877
f 1432/202/878 1431/198/878 660/198/878 652/202/878
f 1432/202/879 1429/206/879 639/206/879 651/202/879
f 1429/206/880 1432/202/880 652/202/880 640/206/880
f 1433/206/881 1434/208/881 629/208/881 639/206/881
f 1434/208/882 1433/206/882 640/206/882 630/208/882
f 1434/208/883 1435/209/883 103/209/883 629/208/883
f 1435/209/884 1434/208/884 630/208/884 104/209/884
f 1435/209/885 1436/207/885 649/207/885 103/209/885
f 1436/207/886 1435/209/886 104/209/886 650/207/886
f 1436/207/887 1433/206/887 639/206/887 649/207/887
f 1433/206/888 1436/207/888 650/207/888 640/206/888
f 1437/113/889 1438/203/889 645/203/889 637/113/889
f 1438/203/890 1437/113/890 638/113/890 646/203/890
f 1438/203/891 1439/115/891 657/115/891 645/203/891
f 1439/115/892 1438/203/892 646/203/892 658/115/892
f 1439/115/893 1440/114/893 647/114/893 657/115/893
f 1440/114/894 1439/115/894 658/115/894 648/114/894
f 1440/114/895 1437/113/895 637/113/895 647/114/895
f 1437/113/896 1440/114/896 648/114/896 638/113/896
f 1441/210/897 1442/204/897 643/204/897 635/210/897
f 1442/204/898 1441/210/898 636/210/898 644/204/898
f 1442/204/899 1443/200/899 655/200/899 643/204/899
f 1443/200/900 1442/204/900 644/204/900 656/200/900
f 1443/200/901 1444/203/901 645/203/901 655/200/901
f 1444/203/902 1443/200/902 656/200/902 646/203/902
f 1444/203/903 1441/210/903 635/210/903 645/203/903
f 1441/210/904 1444/203/904 646/203/904 636/210/904
f 1445/211/905 1446/205/905 641/205/905 633/211/905
f 1446/205/906 1445/211/906 634/211/906 642/205/906
f 1446/205/907 1447/201/907 653/201/907 641/205/907
f 1447/201/908 1446/205/908 642/205/908 654/201/908
f 1447/201/909 1448/204/909 643/204/909 653/201/909
f 1448/204/910 1447/201/910 654/201/910 644/204/910
f 1448/204/911 1445/211/911 633/211/911 643/204/911
f 1445/211/912 1448/204/912 644/204/912 634/211/912
f 1449/212/913 1450/206/913 639/206/913 631/212/913
f 1450/206/914 1449/212/914 632/212/914 640/206/914
f 1450/206/915 1451/202/915 651/202/915 639/206/915
f 1451/202/916 1450/206/916 640/206/916 652/202/916
f 1451/202/917 1452/205/917 641/205/917 651/202/917
f 1452/205/918 1451/202/918 652/202/918 642/205/918
f 1452/205/919 1449/212/919 631/212/919 641/205/919
f 1449/212/920 1452/205/920 642/205/920 632/212/920
f 1453/213/921 1454/210/921 635/210/921 625/213/921
f 1454/210/922 1453/213/922 626/213/922 636/210/922
f 1454/210/923 1455/203/923 645/203/923 635/210/923
f 1455/203/924 1454/210/924 636/210/924 646/203/924
f 1455/203/925 1456/113/925 637/113/925 645/203/925
f 1456/113/926 1455/203/926 646/203/926 638/113/926
f 1456/113/927 1453/213/927 625/213/927 637/113/927
f 1453/213/928 1456/113/928 638/113/928 626/213/928
f 1457/214/929 1458/211/929 633/211/929 623/214/929
f 1458/211/930 1457/214/930 624/214/930 634/211/930
f 1458/211/931 1459/204/931 643/204/931 633/211/931
f 1459/204/932 1458/211/932 634/211/932 644/204/932
f 1459/204/933 1460/210/933 635/210/933 643/204/933
f 1460/210/934 1459/204/934 644/204/934 636/210/934
f 1460/210/935 1457/214/935 623/214/935 635/210/935
f 1457/214/936 1460/210/936 636/210/936 624/214/936
f 1461/215/937 1462/212/937 631/212/937 621/215/937
f 1462/212/938 1461/215/938 622/215/938 632/212/938
f 1462/212/939 1463/205/939 641/205/939 631/212/939
f 1463/205/940 1462/212/940 632/212/940 642/205/940
f 1463/205/941 1464/211/941 633/211/941 641/205/941
f 1464/211/942 1463/205/942 642/205/942 634/211/942
f 1464/211/943 1461/215/943 621/215/943 633/211/943
f 1461/215/944 1464/211/944 634/211/944 622/215/944
f 1465/216/945 1466/208/945 629/208/945 619/216/945
f 1466/208/946 1465/216/946 620/216/946 630/208/946
f 1466/208/947 1467/206/947 639/206/947 629/208/947
f 1467/206/948 1466/208/948 630/208/948 640/206/948
f 1467/206/949 1468/212/949 631/212/949 639/206/949
f 1468/212/950 1467/206/950 640/206/950 632/212/950
f 1468/212/951 1465/216/951 619/216/951 631/212/951
f 1465/216/952 1468/212/952 632/212/952 620/216/952
f 1469/107/953 1470/106/953 97/106/953 783/107/953
f 1470/106/954 1469/107/954 784/107/954 98/106/954
f 1470/106/955 1471/109/955 627/109/955 97/106/955
f 1471/109/956 1470/106/956 98/106/956 628/109/956
f 1471/109/957 1472/110/957 101/110/957 627/109/957
f 1472/110/958 1471/109/958 628/109/958 102/110/958
f 1472/110/959 1469/107/959 783/107/959 101/110/959
f 1469/107/960 1472/110/960 102/110/960 784/107/960
f 1473/108/961 1474/213/961 625/213/961 617/108/961
f 1474/213/962 1473/108/962 618/108/962 626/213/962
f 1474/213/963 1475/113/963 637/113/963 625/213/963
f 1475/113/964 1474/213/964 626/213/964 638/113/964
f 1475/113/965 1476/109/965 627/109/965 637/113/965
f 1476/109/966 1475/113/966 638/113/966 628/109/966
f 1476/109/967 1473/108/967 617/108/967 627/109/967
f 1473/108/968 1476/109/968 628/109/968 618/108/968
f 1477/217/969 1478/214/969 623/214/969 615/217/969
f 1478/214/970 1477/217/970 616/217/970 624/214/970
f 1478/214/971 1479/210/971 635/210/971 623/214/971
f 1479/210/972 1478/214/972 624/214/972 636/210/972
f 1479/210/973 1480/213/973 625/213/973 635/210/973
f 1480/213/974 1479/210/974 636/210/974 626/213/974
f 1480/213/975 1477/217/975 615/217/975 625/213/975
f 1477/217/976 1480/213/976 626/213/976 616/217/976
f 1481/218/977 1482/215/977 621/215/977 613/218/977
f 1482/215/978 1481/218/978 614/218/978 622/215/978
f 1482/215/979 1483/211/979 633/211/979 621/215/979
f 1483/211/980 1482/215/980 622/215/980 634/211/980
f 1483/211/981 1484/214/981 623/214/981 633/211/981
f 1484/214/982 1483/211/982 634/211/982 624/214/982
f 1484/214/983 1481/218/983 613/218/983 623/214/983
f 1481/218/984 1484/214/984 624/214/984 614/218/984
f 1485/219/985 1486/216/985 619/216/985 611/219/985
f 1486/216/986 1485/219/986 612/219/986 620/216/986
f 1486/216/987 1487/212/987 631/212/987 619/216/987
f 1487/212/988 1486/216/988 620/216/988 632/212/988
f 1487/212/989 1488/215/989 621/215/989 631/212/989
f 1488/215/990 1487/212/990 632/212/990 622/215/990
f 1488/215/991 1485/219/991 611/219/991 621/215/991
f 1485/219/992 1488/215/992 622/215/992 612/219/992
f 1489/220/993 1490/217/993 615/217/993 605/220/993
f 1490/217/994 1489/220/994 606/220/994 616/217/994
f 1490/217/995 1491/213/995 625/213/995 615/217/995
f 1491/213/996 1490/217/996 616/217/996 626/213/996
f 1491/213/997 1492/108/997 617/108/997 625/213/997
f 1492/108/998 1491/213/998 626/213/998 618/108/998
f 1492/108/999 1489/220/999 605/220/999 617/108/999
f 1489/220/1000 1492/108/1000 618/108/1000 606/220/1000
f 1493/221/1001 1494/218/1001 613/218/1001 603/221/1001
f 1494/218/1002 1493/221/1002 604/221/1002 614/218/1002
f 1494/218/1003 1495/214/1003 623/214/1003 613/218/1003
f 1495/214/1004 1494/218/1004 614/218/1004 624/214/1004
f 1495/214/1005 1496/217/1005 615/217/1005 623/214/1005
f 1496/217/1006 1495/214/1006 624/214/1006 616/217/1006
f 1496/217/1007 1493/221/1007 603/221/1007 615/217/1007
f 1493/221/1008 1496/217/1008 616/217/1008 604/221/1008
f 1497/222/1009 1498/219/1009 611/219/1009 601/222/1009
f 1498/219/1010 1497/222/1010 602/222/1010 612/219/1010
f 1498/219/1011 1499/215/1011 621/215/1011 611/219/1011
f 1499/215/1012 1498/219/1012 612/219/1012 622/215/1012
f 1499/215/1013 1500/218/1013 613/218/1013 621/215/1013
f 1500/218/1014 1499/215/1014 622/215/1014 614/218/1014
f 1500/218/1015 1497/222/1015 601/222/1015 613/218/1015
f 1497/222/1016 1500/218/1016 614/218/1016 602/222/1016
f 1501/223/1017 1502/224/1017 609/224/1017 599/223/1017
f 1502/224/1018 1501/223/1018 600/223/1018 610/224/1018
f 1502/224/1019 1503/216/1019 619/216/1019 609/224/1019
f 1503/216/1020 1502/224/1020 610/224/1020 620/216/1020
f 1503/216/1021 1504/219/1021 611/219/1021 619/216/1021
f 1504/219/1022 1503/216/1022 620/216/1022 612/219/1022
f 1504/219/1023 1501/223/1023 599/223/1023 611/219/1023
f 1501/223/1024 1504/219/1024 612/219/1024 600/223/1024
f 1505/2/1025 1506/103/1025 93/103/1025 813/2/1025
f 1506/103/1026 1505/2/1026 814/2/1026 94/103/1026
f 1506/103/1027 1507/105/1027 607/105/1027 93/103/1027
f 1507/105/1028 1506/103/1028 94/103/1028 608/105/1028
f 1507/105/1029 1508/106/1029 97/106/1029 607/105/1029
f 1508/106/1030 1507/105/1030 608/105/1030 98/106/1030
f 1508/106/1031 1505/2/1031 813/2/1031 97/106/1031
f 1505/2/1032 1508/106/1032 98/106/1032 814/2/1032
f 1509/104/1033 1510/220/1033 605/220/1033 597/104/1033
f 1510/220/1034 1509/104/1034 598/104/1034 606/220/1034
f 1510/220/1035 1511/108/1035 617/108/1035 605/220/1035
f 1511/108/1036 1510/220/1036 606/220/1036 618/108/1036
f 1511/108/1037 1512/105/1037 607/105/1037 617/108/1037
f 1512/105/1038 1511/108/1038 618/108/1038 608/105/1038
f 1512/105/1039 1509/104/1039 597/104/1039 607/105/1039
f 1509/104/1040 1512/105/1040 608/105/1040 598/104/1040
f 1513/225/1041 1514/221/1041 603/221/1041 595/225/1041
f 1514/221/1042 1513/225/1042 596/225/1042 604/221/1042
f 1514/221/1043 1515/217/1043 615/217/1043 603/221/1043
f 1515/217/1044 1514/221/1044 604/221/1044 616/217/1044
f 1515/217/1045 1516/220/1045 605/220/1045 615/217/1045
f 1516/220/1046 1515/217/1046 616/217/1046 606/220/1046
f 1516/220/1047 1513/225/1047 595/225/1047 605/220/1047
f 1513/225/1048 1516/220/1048 606/220/1048 596/225/1048
f 1517/226/1049 1518/222/1049 601/222/1049 593/226/1049
f 1518/222/1050 1517/226/1050 594/226/1050 602/222/1050
f 1518/222/1051 1519/218/1051 613/218/1051 601/222/1051
f 1519/218/1052 1518/222/1052 602/222/1052 614/218/1052
f 1519/218/1053 1520/221/1053 603/221/1053 613/218/1053
f 1520/221/1054 1519/218/1054 614/218/1054 604/221/1054
f 1520/221/1055 1517/226/1055 593/226/1055 603/221/1055
f 1517/226/1056 1520/221/1056 604/221/1056 594/226/1056
f 1521/227/1057 1522/223/1057 599/223/1057 591/227/1057
f 1522/223/1058 1521/227/1058 592/227/1058 600/223/1058
f 1522/223/1059 1523/219/1059 611/219/1059 599/223/1059
f 1523/219/1060 1522/223/1060 600/223/1060 612/219/1060
f 1523/219/1061 1524/222/1061 601/222/1061 611/219/1061
f 1524/222/1062 1523/219/1062 612/219/1062 602/222/1062
f 1524/222/1063 1521/227/1063 591/227/1063 601/222/1063
f 1521/227/1064 1524/222/1064 602/222/1064 592/227/1064
f 1525/228/1065 1526/225/1065 595/225/1065 585/228/1065
f 1526/225/1066 1525/228/1066 586/228/1066 596/225/1066
f 1526/225/1067 1527/220/1067 605/220/1067 595/225/1067
f 1527/220/1068 1526/225/1068 596/225/1068 606/220/1068
f 1527/220/1069 1528/104/1069 597/104/1069 605/220/1069
f 1528/104/1070 1527/220/1070 606/220/1070 598/104/1070
f 1528/104/1071 1525/228/1071 585/228/1071 597/104/1071
f 1525/228/1072 1528/104/1072 598/104/1072 586/228/1072
f 1529/229/1073 1530/226/1073 593/226/1073 583/229/1073
f 1530/226/1074 1529/229/1074 584/229/1074 594/226/1074
f 1530/226/1075 1531/221/1075 603/221/1075 593/226/1075
f 1531/221/1076 1530/226/1076 594/226/1076 604/221/1076
f 1531/221/1077 1532/225/1077 595/225/1077 603/221/1077
f 1532/225/1078 1531/221/1078 604/221/1078 596/225/1078
f 1532/225/1079 1529/229/1079 583/229/1079 595/225/1079
f 1529/229/1080 1532/225/1080 596/225/1080 584/229/1080
f 1533/230/1081 1534/227/1081 591/227/1081 581/230/1081
f 1534/227/1082 1533/230/1082 582/230/1082 592/227/1082
f 1534/227/1083 1535/222/1083 601/222/1083 591/227/1083
f 1535/222/1084 1534/227/1084 592/227/1084 602/222/1084
f 1535/222/1085 1536/226/1085 593/226/1085 601/222/1085
f 1536/226/1086 1535/222/1086 602/222/1086 594/226/1086
f 1536/226/1087 1533/230/1087 581/230/1087 593/226/1087
f 1533/230/1088 1536/226/1088 594/226/1088 582/230/1088
f 1537/231/1089 1538/232/1089 589/232/1089 579/231/1089
f 1538/232/1090 1537/231/1090 580/231/1090 590/232/1090
f 1538/232/1091 1539/223/1091 599/223/1091 589/232/1091
f 1539/223/1092 1538/232/1092 590/232/1092 600/223/1092
f 1539/223/1093 1540/227/1093 591/227/1093 599/223/1093
f 1540/227/1094 1539/223/1094 600/223/1094 592/227/1094
f 1540/227/1095 1537/231/1095 579/231/1095 591/227/1095
f 1537/231/1096 1540/227/1096 592/227/1096 580/231/1096
f 1541/99/1097 1542/98/1097 89/98/1097 843/99/1097
f 1542/98/1098 1541/99/1098 844/99/1098 90/98/1098
f 1542/98/1099 1543/102/1099 587/102/1099 89/98/1099
f 1543/102/1100 1542/98/1100 90/98/1100 588/102/1100
f 1543/102/1101 1544/103/1101 93/103/1101 587/102/1101
f 1544/103/1102 1543/102/1102 588/102/1102 94/103/1102
f 1544/103/1103 1541/99/1103 843/99/1103 93/103/1103
f 1541/99/1104 1544/103/1104 94/103/1104 844/99/1104
f 1545/101/1105 1546/228/1105 585/228/1105 577/101/1105
f 1546/228/1106 1545/101/1106 578/101/1106 586/228/1106
f 1546/228/1107 1547/104/1107 597/104/1107 585/228/1107
f 1547/104/1108 1546/228/1108 586/228/1108 598/104/1108
f 1547/104/1109 1548/102/1109 587/102/1109 597/104/1109
f 1548/102/1110 1547/104/1110 598/104/1110 588/102/1110
f 1548/102/1111 1545/101/1111 577/101/1111 587/102/1111
f 1545/101/1112 1548/102/1112 588/102/1112 578/101/1112
f 1549/233/1113 1550/229/1113 583/229/1113 575/233/1113
f 1550/229/1114 1549/233/1114 576/233/1114 584/229/1114
f 1550/229/1115 1551/225/1115 595/225/1115 583/229/1115
f 1551/225/1116 1550/229/1116 584/229/1116 596/225/1116
f 1551/225/1117 1552/228/1117 585/228/1117 595/225/1117
f 1552/228/1118 1551/225/1118 596/225/1118 586/228/1118
f 1552/228/1119 1549/233/1119 575/233/1119 585/228/1119
f 1549/233/1120 1552/228/1120 586/228/1120 576/233/1120
f 1553/234/1121 1554/230/1121 581/230/1121 573/234/1121
f 1554/230/1122 1553/234/1122 574/234/1122 582/230/1122
f 1554/230/1123 1555/226/1123 593/226/1123 581/230/1123
f 1555/226/1124 1554/230/1124 582/230/1124 594/226/1124
f 1555/226/1125 1556/229/1125 583/229/1125 593/226/1125
f 1556/229/1126 1555/226/1126 594/226/1126 584/229/1126
f 1556/229/1127 1553/234/1127 573/234/1127 583/229/1127
f 1553/234/1128 1556/229/1128 584/229/1128 574/234/1128
f 1557/235/1129 1558/231/1129 579/231/1129 571/235/1129
f 1558/231/1130 1557/235/1130 572/235/1130 580/231/1130
f 1558/231/1131 1559/227/1131 591/227/1131 579/231/1131
f 1559/227/1132 1558/231/1132 580/231/1132 592/227/1132
f 1559/227/1133 1560/230/1133 581/230/1133 591/227/1133
f 1560/230/1134 1559/227/1134 592/227/1134 582/230/1134
f 1560/230/1135 1557/235/1135 571/235/1135 581/230/1135
f 1557/235/1136 1560/230/1136 582/230/1136 572/235/1136
f 1561/236/1137 1562/233/1137 575/233/1137 565/236/1137
f 1562/233/1138 1561/236/1138 566/236/1138 576/233/1138
f 1562/233/1139 1563/228/1139 585/228/1139 575/233/1139
f 1563/228/1140 1562/233/1140 576/233/1140 586/228/1140
f 1563/228/1141 1564/101/1141 577/101/1141 585/228/1141
f 1564/101/1142 1563/228/1142 586/228/1142 578/101/1142
f 1564/101/1143 1561/236/1143 565/236/1143 577/101/1143
f 1561/236/1144 1564/101/1144 578/101/1144 566/236/1144
f 1565/237/1145 1566/234/1145 573/234/1145 563/237/1145
f 1566/234/1146 1565/237/1146 564/237/1146 574/234/1146
f 1566/234/1147 1567/229/1147 583/229/1147 573/234/1147
f 1567/229/1148 1566/234/1148 574/234/1148 584/229/1148
f 1567/229/1149 1568/233/1149 575/233/1149 583/229/1149
f 1568/233/1150 1567/229/1150 584/229/1150 576/233/1150
f 1568/233/1151 1565/237/1151 563/237/1151 575/233/1151
f 1565/237/1152 1568/233/1152 576/233/1152 564/237/1152
f 1569/238/1153 1570/235/1153 571/235/1153 561/238/1153
f 1570/235/1154 1569/238/1154 562/238/1154 572/235/1154
f 1570/235/1155 1571/230/1155 581/230/1155 571/235/1155
f 1571/230/1156 1570/235/1156 572/235/1156 582/230/1156
f 1571/230/1157 1572/234/1157 573/234/1157 581/230/1157
f 1572/234/1158 1571/230/1158 582/230/1158 574/234/1158
f 1572/234/1159 1569/238/1159 561/238/1159 573/234/1159
f 1569/238/1160 1572/234/1160 574/234/1160 562/238/1160
f 1573/239/1161 1574/240/1161 569/240/1161 559/239/1161
f 1574/240/1162 1573/239/1162 560/239/1162 570/240/1162
f 1574/240/1163 1575/231/1163 579/231/1163 569/240/1163
f 1575/231/1164 1574/240/1164 570/240/1164 580/231/1164
f 1575/231/1165 1576/235/1165 571/235/1165 579/231/1165
f 1576/235/1166 1575/231/1166 580/231/1166 572/235/1166
f 1576/235/1167 1573/239/1167 559/239/1167 571/235/1167
f 1573/239/1168 1576/235/1168 572/235/1168 560/239/1168
f 1577/94/1169 1578/93/1169 85/93/1169 873/94/1169
f 1578/93/1170 1577/94/1170 874/94/1170 86/93/1170
f 1578/93/1171 1579/97/1171 567/97/1171 85/93/1171
f 1579/97/1172 1578/93/1172 86/93/1172 568/97/1172
f 1579/97/1173 1580/98/1173 89/98/1173 567/97/1173
f 1580/98/1174 1579/97/1174 568/97/1174 90/98/1174
f 1580/98/1175 1577/94/1175 873/94/1175 89/98/1175
f 1577/94/1176 1580/98/1176 90/98/1176 874/94/1176
f 1581/96/1177 1582/236/1177 565/236/1177 557/96/1177
f 1582/236/1178 1581/96/1178 558/96/1178 566/236/1178
f 1582/236/1179 1583/101/1179 577/101/1179 565/236/1179
f 1583/101/1180 1582/236/1180 566/236/1180 578/101/1180
f 1583/101/1181 1584/97/1181 567/97/1181 577/101/1181
f 1584/97/1182 1583/101/1182 578/101/1182 568/97/1182
f 1584/97/1183 1581/96/1183 557/96/1183 567/97/1183
f 1581/96/1184 1584/97/1184 568/97/1184 558/96/1184
f 1585/241/1185 1586/237/1185 563/237/1185 555/241/1185
f 1586/237/1186 1585/241/1186 556/241/1186 564/237/1186
f 1586/237/1187 1587/233/1187 575/233/1187 563/237/1187
f 1587/233/1188 1586/237/1188 564/237/1188 576/233/1188
f 1587/233/1189 1588/236/1189 565/236/1189 575/233/1189
f 1588/236/1190 1587/233/1190 576/233/1190 566/236/1190
f 1588/236/1191 1585/241/1191 555/241/1191 565/236/1191
f 1585/241/1192 1588/236/1192 566/236/1192 556/241/1192
f 1589/242/1193 1590/238/1193 561/238/1193 553/242/1193
f 1590/238/1194 1589/242/1194 554/242/1194 562/238/1194
f 1590/238/1195 1591/234/1195 573/234/1195 561/238/1195
f 1591/234/1196 1590/238/1196 562/238/1196 574/234/1196
f 1591/234/1197 1592/237/1197 563/237/1197 573/234/1197
f 1592/237/1198 1591/234/1198 574/234/1198 564/237/1198
f 1592/237/1199 1589/242/1199 553/242/1199 563/237/1199
f 1589/242/1200 1592/237/1200 564/237/1200 554/242/1200
f 1593/243/1201 1594/239/1201 559/239/1201 551/243/1201
f 1594/239/1202 1593/243/1202 552/243/1202 560/239/1202
f 1594/239/1203 1595/235/1203 571/235/1203 559/239/1203
f 1595/235/1204 1594/239/1204 560/239/1204 572/235/1204
f 1595/235/1205 1596/238/1205 561/238/1205 571/235/1205
f 1596/238/1206 1595/235/1206 572/235/1206 562/238/1206
f 1596/238/1207 1593/243/1207 551/243/1207 561/238/1207
f 1593/243/1208 1596/238/1208 562/238/1208 552/243/1208
f 1597/244/1209 1598/241/1209 555/241/1209 545/244/1209
f 1598/241/1210 1597/244/1210 546/244/1210 556/241/1210
f 1598/241/1211 1599/236/1211 565/236/1211 555/241/1211
f 1599/236/1212 1598/241/1212 556/241/1212 566/236/1212
f 1599/236/1213 1600/96/1213 557/96/1213 565/236/1213
f 1600/96/1214 1599/236/1214 566/236/1214 558/96/1214
f 1600/96/1215 1597/244/1215 545/244/1215 557/96/1215
f 1597/244/1216 1600/96/1216 558/96/1216 546/244/1216
f 1601/245/1217 1602/242/1217 553/242/1217 543/245/1217
f 1602/242/1218 1601/245/1218 544/245/1218 554/242/1218
f 1602/242/1219 1603/237/1219 563/237/1219 553/242/1219
f 1603/237/1220 1602/242/1220 554/242/1220 564/237/1220
f 1603/237/1221 1604/241/1221 555/241/1221 563/237/1221
f 1604/241/1222 1603/237/1222 564/237/1222 556/241/1222
f 1604/241/1223 1601/245/1223 543/245/1223 555/241/1223
f 1601/245/1224 1604/241/1224 556/241/1224 544/245/1224
f 1605/246/1225 1606/243/1225 551/243/1225 541/246/1225
f 1606/243/1226 1605/246/1226 542/246/1226 552/243/1226
f 1606/243/1227 1607/238/1227 561/238/1227 551/243/1227
f 1607/238/1228 1606/243/1228 552/243/1228 562/238/1228
f 1607/238/1229 1608/242/1229 553/242/1229 561/238/1229
f 1608/242/1230 1607/238/1230 562/238/1230 554/242/1230
f 1608/242/1231 1605/246/1231 541/246/1231 553/242/1231
f 1605/246/1232 1608/242/1232 554/242/1232 542/246/1232
f 1609/247/1233 1610/248/1233 549/248/1233 539/247/1233
f 1610/248/1234 1609/247/1234 540/247/1234 550/248/1234
f 1610/248/1235 1611/239/1235 559/239/1235 549/248/1235
f 1611/239/1236 1610/248/1236 550/248/1236 560/239/1236
f 1611/239/1237 1612/243/1237 551/243/1237 559/239/1237
f 1612/243/1238 1611/239/1238 560/239/1238 552/243/1238
f 1612/243/1239 1609/247/1239 539/247/1239 551/243/1239
f 1609/247/1240 1612/243/1240 552/243/1240 540/247/1240
f 1613/89/1241 1614/88/1241 81/88/1241 903/89/1241
f 1614/88/1242 1613/89/1242 904/89/1242 82/88/1242
f 1614/88/1243 1615/92/1243 547/92/1243 81/88/1243
f 1615/92/1244 1614/88/1244 82/88/1244 548/92/1244
f 1615/92/1245 1616/93/1245 85/93/1245 547/92/1245
f 1616/93/1246 1615/92/1246 548/92/1246 86/93/1246
f 1616/93/1247 1613/89/1247 903/89/1247 85/93/1247
f 1613/89/1248 1616/93/1248 86/93/1248 904/89/1248
f 1617/91/1249 1618/244/1249 545/244/1249 537/91/1249
f 1618/244/1250 1617/91/1250 538/91/1250 546/244/1250
f 1618/244/1251 1619/96/1251 557/96/1251 545/244/1251
f 1619/96/1252 1618/244/1252 546/244/1252 558/96/1252
f 1619/96/1253 1620/92/1253 547/92/1253 557/96/1253
f 1620/92/1254 1619/96/1254 558/96/1254 548/92/1254
f 1620/92/1255 1617/91/1255 537/91/1255 547/92/1255
f 1617/91/1256 1620/92/1256 548/92/1256 538/91/1256
f 1621/249/1257 1622/245/1257 543/245/1257 535/249/1257
f 1622/245/1258 1621/249/1258 536/249/1258 544/245/1258
f 1622/245/1259 1623/241/1259 555/241/1259 543/245/1259
f 1623/241/1260 1622/245/1260 544/245/1260 556/241/1260
f 1623/241/1261 1624/244/1261 545/244/1261 555/241/1261
f 1624/244/1262 1623/241/1262 556/241/1262 546/244/1262
f 1624/244/1263 1621/249/1263 535/249/1263 545/244/1263
f 1621/249/1264 1624/244/1264 546/244/1264 536/249/1264
f 1625/250/1265 1626/246/1265 541/246/1265 533/250/1265
f 1626/246/1266 1625/250/1266 534/250/1266 542/246/1266
f 1626/246/1267 1627/242/1267 553/242/1267 541/246/1267
f 1627/242/1268 1626/246/1268 542/246/1268 554/242/1268
f 1627/242/1269 1628/245/1269 543/245/1269 553/242/1269
f 1628/245/1270 1627/242/1270 554/242/1270 544/245/1270
f 1628/245/1271 1625/250/1271 533/250/1271 543/245/1271
f 1625/250/1272 1628/245/1272 544/245/1272 534/250/1272
f 1629/251/1273 1630/247/1273 539/247/1273 531/251/1273
f 1630/247/1274 1629/251/1274 532/251/1274 540/247/1274
f 1630/247/1275 1631/243/1275 551/243/1275 539/247/1275
f 1631/243/1276 1630/247/1276 540/247/1276 552/243/1276
f 1631/243/1277 1632/246/1277 541/246/1277 551/243/1277
f 1632/246/1278 1631/243/1278 552/243/1278 542/246/1278
f 1632/246/1279 1629/251/1279 531/251/1279 541/246/1279
f 1629/251/1280 1632/246/1280 542/246/1280 532/251/1280
f 1633/252/1281 1634/249/1281 535/249/1281 525/252/1281
f 1634/249/1282 1633/252/1282 526/252/1282 536/249/1282
f 1634/249/1283 1635/244/1283 545/244/1283 535/249/1283
f 1635/244/1284 1634/249/1284 536/249/1284 546/244/1284
f 1635/244/1285 1636/91/1285 537/91/1285 545/244/1285
f 1636/91/1286 1635/244/1286 546/244/1286 538/91/1286
f 1636/91/1287 1633/252/1287 525/252/1287 537/91/1287
f 1633/252/1288 1636/91/1288 538/91/1288 526/252/1288
f 1637/253/1289 1638/250/1289 533/250/1289 523/253/1289
f 1638/250/1290 1637/253/1290 524/253/1290 534/250/1290
f 1638/250/1291 1639/245/1291 543/245/1291 533/250/1291
f 1639/245/1292 1638/250/1292 534/250/1292 544/245/1292
f 1639/245/1293 1640/249/1293 535/249/1293 543/245/1293
f 1640/249/1294 1639/245/1294 544/245/1294 536/249/1294
f 1640/249/1295 1637/253/1295 523/253/1295 535/249/1295
f 1637/253/1296 1640/249/1296 536/249/1296 524/253/1296
f 1641/254/1297 1642/251/1297 531/251/1297 521/254/1297
f 1642/251/1298 1641/254/1298 522/254/1298 532/251/1298
f 1642/251/1299 1643/246/1299 541/246/1299 531/251/1299
f 1643/246/1300 1642/251/1300 532/251/1300 542/246/1300
f 1643/246/1301 1644/250/1301 533/250/1301 541/246/1301
f 1644/250/1302 1643/246/1302 542/246/1302 534/250/1302
f 1644/250/1303 1641/254/1303 521/254/1303 533/250/1303
f 1641/254/1304 1644/250/1304 534/250/1304 522/254/1304
f 1645/255/1305 1646/256/1305 529/256/1305 519/255/1305
f 1646/256/1306 1645/255/1306 520/255/1306 530/256/1306
f 1646/256/1307 1647/247/1307 539/247/1307 529/256/1307
f 1647/247/1308 1646/256/1308 530/256/1308 540/247/1308
f 1647/247/1309 1648/251/1309 531/251/1309 539/247/1309
f 1648/251/1310 1647/247/1310 540/247/1310 532/251/1310
f 1648/251/1311 1645/255/1311 519/255/1311 531/251/1311
f 1645/255/1312 1648/251/1312 532/251/1312 520/255/1312
f 1649/84/1313 1650/83/1313 77/83/1313 933/84/1313
f 1650/83/1314 1649/84/1314 934/84/1314 78/83/1314
f 1650/83/1315 1651/87/1315 527/87/1315 77/83/1315
f 1651/87/1316 1650/83/1316 78/83/1316 528/87/1316
f 1651/87/1317 1652/88/1317 81/88/1317 527/87/1317
f 1652/88/1318 1651/87/1318 528/87/1318 82/88/1318
f 1652/88/1319 1649/84/1319 933/84/1319 81/88/1319
f 1649/84/1320 1652/88/1320 82/88/1320 934/84/1320
f 1653/86/1321 1654/252/1321 525/252/1321 517/86/1321
f 1654/252/1322 1653/86/1322 518/86/1322 526/252/1322
f 1654/252/1323 1655/91/1323 537/91/1323 525/252/1323
f 1655/91/1324 1654/252/1324 526/252/1324 538/91/1324
f 1655/91/1325 1656/87/1325 527/87/1325 537/91/1325
f 1656/87/1326 1655/91/1326 538/91/1326 528/87/1326
f 1656/87/1327 1653/86/1327 517/86/1327 527/87/1327
f 1653/86/1328 1656/87/1328 528/87/1328 518/86/1328
f 1657/257/1329 1658/253/1329 523/253/1329 515/257/1329
f 1658/253/1330 1657/257/1330 516/257/1330 524/253/1330
f 1658/253/1331 1659/249/1331 535/249/1331 523/253/1331
f 1659/249/1332 1658/253/1332 524/253/1332 536/249/1332
f 1659/249/1333 1660/252/1333 525/252/1333 535/249/1333
f 1660/252/1334 1659/249/1334 536/249/1334 526/252/1334
f 1660/252/1335 1657/257/1335 515/257/1335 525/252/1335
f 1657/257/1336 1660/252/1336 526/252/1336 516/257/1336
f 1661/258/1337 1662/254/1337 521/254/1337 513/258/1337
f 1662/254/1338 1661/258/1338 514/258/1338 522/254/1338
f 1662/254/1339 1663/250/1339 533/250/1339 521/254/1339
f 1663/250/1340 1662/254/1340 522/254/1340 534/250/1340
f 1663/250/1341 1664/253/1341 523/253/1341 533/250/1341
f 1664/253/1342 1663/250/1342 534/250/1342 524/253/1342
f 1664/253/1343 1661/258/1343 513/258/1343 523/253/1343
f 1661/258/1344 1664/253/1344 524/253/1344 514/258/1344
f 1665/259/1345 1666/255/1345 519/255/1345 511/259/1345
f 1666/255/1346 1665/259/1346 512/259/1346 520/255/1346
f 1666/255/1347 1667/251/1347 531/251/1347 519/255/1347
f 1667/251/1348 1666/255/1348 520/255/1348 532/251/1348
f 1667/251/1349 1668/254/1349 521/254/1349 531/251/1349
f 1668/254/1350 1667/251/1350 532/251/1350 522/254/1350
f 1668/254/1351 1665/259/1351 511/259/1351 521/254/1351
f 1665/259/1352 1668/254/1352 522/254/1352 512/259/1352
f 1669/260/1353 1670/257/1353 515/257/1353 505/260/1353
f 1670/257/1354 1669/260/1354 506/260/1354 516/257/1354
f 1670/257/1355 1671/252/1355 525/252/1355 515/257/1355
f 1671/252/1356 1670/257/1356 516/257/1356 526/252/1356
f 1671/252/1357 1672/86/1357 517/86/1357 525/252/1357
f 1672/86/1358 1671/252/1358 526/252/1358 518/86/1358
f 1672/86/1359 1669/260/1359 505/260/1359 517/86/1359
f 1669/260/1360 1672/86/1360 518/86/1360 506/260/1360
f 1673/261/1361 1674/258/1361 513/258/1361 503/261/1361
f 1674/258/1362 1673/261/1362 504/261/1362 514/258/1362
f 1674/258/1363 1675/253/1363 523/253/1363 513/258/1363
f 1675/253/1364 1674/258/1364 514/258/1364 524/253/1364
f 1675/253/1365 1676/257/1365 515/257/1365 523/253/1365
f 1676/257/1366 1675/253/1366 524/253/1366 516/257/1366
f 1676/257/1367 1673/261/1367 503/261/1367 515/257/1367
f 1673/261/1368 1676/257/1368 516/257/1368 504/261/1368
f 1677/262/1369 1678/259/1369 511/259/1369 501/262/1369
f 1678/259/1370 1677/262/1370 502/262/1370 512/259/1370
f 1678/259/1371 1679/254/1371 521/254/1371 511/259/1371
f 1679/254/1372 1678/259/1372 512/259/1372 522/254/1372
f 1679/254/1373 1680/258/1373 513/258/1373 521/254/1373
f 1680/258/1374 1679/254/1374 522/254/1374 514/258/1374
f 1680/258/1375 1677/262/1375 501/262/1375 513/258/1375
f 1677/262/1376 1680/258/1376 514/258/1376 502/262/1376
f 1681/263/1377 1682/264/1377 509/264/1377 499/263/1377
f 1682/264/1378 1681/263/1378 500/263/1378 510/264/1378
f 1682/264/1379 1683/255/1379 519/255/1379 509/264/1379
f 1683/255/1380 1682/264/1380 510/264/1380 520/255/1380
f 1683/255/1381 1684/259/1381 511/259/1381 519/255/1381
f 1684/259/1382 1683/255/1382 520/255/1382 512/259/1382
f 1684/259/1383 1681/263/1383 499/263/1383 511/259/1383
f 1681/263/1384 1684/259/1384 512/259/1384 500/263/1384
f 1685/79/1385 1686/78/1385 73/78/1385 963/79/1385
f 1686/78/1386 1685/79/1386 964/79/1386 74/78/1386
f 1686/78/1387 1687/82/1387 507/82/1387 73/78/1387
f 1687/82/1388 1686/78/1388 74/78/1388 508/82/1388
f 1687/82/1389 1688/83/1389 77/83/1389 507/82/1389
f 1688/83/1390 1687/82/1390 508/82/1390 78/83/1390
f 1688/83/1391 1685/79/1391 963/79/1391 77/83/1391
f 1685/79/1392 1688/83/1392 78/83/1392 964/79/1392
f 1689/81/1393 1690/260/1393 505/260/1393 497/81/1393
f 1690/260/1394 1689/81/1394 498/81/1394 506/260/1394
f 1690/260/1395 1691/86/1395 517/86/1395 505/260/1395
f 1691/86/1396 1690/260/1396 506/260/1396 518/86/1396
f 1691/86/1397 1692/82/1397 507/82/1397 517/86/1397
f 1692/82/1398 1691/86/1398 518/86/1398 508/82/1398
f 1692/82/1399 1689/81/1399 497/81/1399 507/82/1399
f 1689/81/1400 1692/82/1400 508/82/1400 498/81/1400
f 1693/265/1401 1694/261/1401 503/261/1401 495/265/1401
f 1694/261/1402 1693/265/1402 496/265/1402 504/261/1402
f 1694/261/1403 1695/257/1403 515/257/1403 503/261/1403
f 1695/257/1404 1694/261/1404 504/261/1404 516/257/1404
f 1695/257/1405 1696/260/1405 505/260/1405 515/257/1405
f 1696/260/1406 1695/257/1406 516/257/1406 506/260/1406
f 1696/260/1407 1693/265/1407 495/265/1407 505/260/1407
f 1693/265/1408 1696/260/1408 506/260/1408 496/265/1408
f 1697/266/1409 1698/262/1409 501/262/1409 493/266/1409
f 1698/262/1410 1697/266/1410 494/266/1410 502/262/1410
f 1698/262/1411 1699/258/1411 513/258/1411 501/262/1411
f 1699/258/1412 1698/262/1412 502/262/1412 514/258/1412
f 1699/258/1413 1700/261/1413 503/261/1413 513/258/1413
f 1700/261/1414 1699/258/1414 514/258/1414 504/261/1414
f 1700/261/1415 1697/266/1415 493/266/1415 503/261/1415
f 1697/266/1416 1700/261/1416 504/261/1416 494/266/1416
f 1701/267/1417 1702/263/1417 499/263/1417 491/267/1417
f 1702/263/1418 1701/267/1418 492/267/1418 500/263/1418
f 1702/263/1419 1703/259/1419 511/259/1419 499/263/1419
f 1703/259/1420 1702/263/1420 500/263/1420 512/259/1420
f 1703/259/1421 1704/262/1421 501/262/1421 511/259/1421
f 1704/262/1422 1703/259/1422 512/259/1422 502/262/1422
f 1704/262/1423 1701/267/1423 491/267/1423 501/262/1423
f 1701/267/1424 1704/262/1424 502/262/1424 492/267/1424
f 1705/268/1425 1706/265/1425 495/265/1425 485/268/1425
f 1706/265/1426 1705/268/1426 486/268/1426 496/265/1426
f 1706/265/1427 1707/260/1427 505/260/1427 495/265/1427
f 1707/260/1428 1706/265/1428 496/265/1428 506/260/1428
f 1707/260/1429 1708/81/1429 497/81/1429 505/260/1429
f 1708/81/1430 1707/260/1430 506/260/1430 498/81/1430
f 1708/81/1431 1705/268/1431 485/268/1431 497/81/1431
f 1705/268/1432 1708/81/1432 498/81/1432 486/268/1432
f 1709/269/1433 1710/266/1433 493/266/1433 483/269/1433
f 1710/266/1434 1709/269/1434 484/269/1434 494/266/1434
f 1710/266/1435 1711/261/1435 503/261/1435 493/266/1435
f 1711/261/1436 1710/266/1436 494/266/1436 504/261/1436
f 1711/261/1437 1712/265/1437 495/265/1437 503/261/1437
f 1712/265/1438 1711/261/1438 504/261/1438 496/265/1438
f 1712/265/1439 1709/269/1439 483/269/1439 495/265/1439
f 1709/269/1440 1712/265/1440 496/265/1440 484/269/1440
f 1713/270/1441 1714/267/1441 491/267/1441 481/270/1441
f 1714/267/1442 1713/270/1442 482/270/1442 492/267/1442
f 1714/267/1443 1715/262/1443 501/262/1443 491/267/1443
f 1715/262/1444 1714/267/1444 492/267/1444 502/262/1444
f 1715/262/1445 1716/266/1445 493/266/1445 501/262/1445
f 1716/266/1446 1715/262/1446 502/262/1446 494/266/1446
f 1716/266/1447 1713/270/1447 481/270/1447 493/266/1447
f 1713/270/1448 1716/266/1448 494/266/1448 482/270/1448
f 1717/271/1449 1718/272/1449 489/272/1449 479/271/1449
f 1718/272/1450 1717/271/1450 480/271/1450 490/272/1450
f 1718/272/1451 1719/263/1451 499/263/1451 489/272/1451
f 1719/263/1452 1718/272/1452 490/272/1452 500/263/1452
f 1719/263/1453 1720/267/1453 491/267/1453 499/263/1453
f 1720/267/1454 1719/263/1454 500/263/1454 492/267/1454
f 1720/267/1455 1717/271/1455 479/271/1455 491/267/1455
f 1717/271/1456 1720/267/1456 492/267/1456 480/271/1456
f 1721/271/1457 1722/273/1457 469/273/1457 479/271/1457
f 1722/273/1458 1721/271/1458 480/271/1458 470/273/1458
f 1722/273/1459 1723/274/1459 71/274/1459 469/273/1459
f 1723/274/1460 1722/273/1460 470/273/1460 72/274/1460
f 1723/274/1461 1724/272/1461 489/272/1461 71/274/1461
f 1724/272/1462 1723/274/1462 72/274/1462 490/272/1462
f 1724/272/1463 1721/271/1463 479/271/1463 489/272/1463
f 1721/271/1464 1724/272/1464 490/272/1464 480/271/1464
f 1725/75/1465 1726/268/1465 485/268/1465 477/75/1465
f 1726/268/1466 1725/75/1466 478/75/1466 486/268/1466
f 1726/268/1467 1727/81/1467 497/81/1467 485/268/1467
f 1727/81/1468 1726/268/1468 486/268/1468 498/81/1468
f 1727/81/1469 1728/76/1469 487/76/1469 497/81/1469
f 1728/76/1470 1727/81/1470 498/81/1470 488/76/1470
f 1728/76/1471 1725/75/1471 477/75/1471 487/76/1471
f 1725/75/1472 1728/76/1472 488/76/1472 478/75/1472
f 1729/275/1473 1730/269/1473 483/269/1473 475/275/1473
f 1730/269/1474 1729/275/1474 476/275/1474 484/269/1474
f 1730/269/1475 1731/265/1475 495/265/1475 483/269/1475
f 1731/265/1476 1730/269/1476 484/269/1476 496/265/1476
f 1731/265/1477 1732/268/1477 485/268/1477 495/265/1477
f 1732/268/1478 1731/265/1478 496/265/1478 486/268/1478
f 1732/268/1479 1729/275/1479 475/275/1479 485/268/1479
f 1729/275/1480 1732/268/1480 486/268/1480 476/275/1480
f 1733/276/1481 1734/270/1481 481/270/1481 473/276/1481
f 1734/270/1482 1733/276/1482 474/276/1482 482/270/1482
f 1734/270/1483 1735/266/1483 493/266/1483 481/270/1483
f 1735/266/1484 1734/270/1484 482/270/1484 494/266/1484
f 1735/266/1485 1736/269/1485 483/269/1485 493/266/1485
f 1736/269/1486 1735/266/1486 494/266/1486 484/269/1486
f 1736/269/1487 1733/276/1487 473/276/1487 483/269/1487
f 1733/276/1488 1736/269/1488 484/269/1488 474/276/1488
f 1737/277/1489 1738/271/1489 479/271/1489 471/277/1489
f 1738/271/1490 1737/277/1490 472/277/1490 480/271/1490
f 1738/271/1491 1739/267/1491 491/267/1491 479/271/1491
f 1739/267/1492 1738/271/1492 480/271/1492 492/267/1492
f 1739/267/1493 1740/270/1493 481/270/1493 491/267/1493
f 1740/270/1494 1739/267/1494 492/267/1494 482/270/1494
f 1740/270/1495 1737/277/1495 471/277/1495 481/270/1495
f 1737/277/1496 1740/270/1496 482/270/1496 472/277/1496
f 1741/278/1497 1742/275/1497 475/275/1497 465/278/1497
f 1742/275/1498 1741/278/1498 466/278/1498 476/275/1498
f 1742/275/1499 1743/268/1499 485/268/1499 475/275/1499
f 1743/268/1500 1742/275/1500 476/275/1500 486/268/1500
f 1743/268/1501 1744/75/1501 477/75/1501 485/268/1501
f 1744/75/1502 1743/268/1502 486/268/1502 478/75/1502
f 1744/75/1503 1741/278/1503 465/278/1503 477/75/1503
f 1741/278/1504 1744/75/1504 478/75/1504 466/278/1504
f 1745/279/1505 1746/276/1505 473/276/1505 463/279/1505
f 1746/276/1506 1745/279/1506 464/279/1506 474/276/1506
f 1746/276/1507 1747/269/1507 483/269/1507 473/276/1507
f 1747/269/1508 1746/276/1508 474/276/1508 484/269/1508
f 1747/269/1509 1748/275/1509 475/275/1509 483/269/1509
f 1748/275/1510 1747/269/1510 484/269/1510 476/275/1510
f 1748/275/1511 1745/279/1511 463/279/1511 475/275/1511
f 1745/279/1512 1748/275/1512 476/275/1512 464/279/1512
f 1749/280/1513 1750/277/1513 471/277/1513 461/280/1513
f 1750/277/1514 1749/280/1514 462/280/1514 472/277/1514
f 1750/277/1515 1751/270/1515 481/270/1515 471/277/1515
f 1751/270/1516 1750/277/1516 472/277/1516 482/270/1516
f 1751/270/1517 1752/276/1517 473/276/1517 481/270/1517
f 1752/276/1518 1751/270/1518 482/270/1518 474/276/1518
f 1752/276/1519 1749/280/1519 461/280/1519 473/276/1519
f 1749/280/1520 1752/276/1520 474/276/1520 462/280/1520
f 1753/281/1521 1754/273/1521 469/273/1521 459/281/1521
f 1754/273/1522 1753/281/1522 460/281/1522 470/273/1522
f 1754/273/1523 1755/271/1523 479/271/1523 469/273/1523
f 1755/271/1524 1754/273/1524 470/273/1524 480/271/1524
f 1755/271/1525 1756/277/1525 471/277/1525 479/271/1525
f 1756/277/1526 1755/271/1526 480/271/1526 472/277/1526
f 1756/277/1527 1753/281/1527 459/281/1527 471/277/1527
f 1753/281/1528 1756/277/1528 472/277/1528 460/281/1528
f 1757/77/1529 1758/80/1529 979/80/1529 69/77/1529
f 1758/80/1530 1757/77/1530 70/77/1530 980/80/1530
f 1758/80/1531 1759/74/1531 65/74/1531 979/80/1531
f 1759/74/1532 1758/80/1532 980/80/1532 66/74/1532
f 1759/74/1533 1760/73/1533 467/73/1533 65/74/1533
f 1760/73/1534 1759/74/1534 66/74/1534 468/73/1534
f 1760/73/1535 1757/77/1535 69/77/1535 467/73/1535
f 1757/77/1536 1760/73/1536 468/73/1536 70/77/1536
f 1761/72/1537 1762/278/1537 465/278/1537 457/72/1537
f 1762/278/1538 1761/72/1538 458/72/1538 466/278/1538
f 1762/278/1539 1763/75/1539 477/75/1539 465/278/1539
f 1763/75/1540 1762/278/1540 466/278/1540 478/75/1540
f 1763/75/1541 1764/73/1541 467/73/1541 477/75/1541
f 1764/73/1542 1763/75/1542 478/75/1542 468/73/1542
f 1764/73/1543 1761/72/1543 457/72/1543 467/73/1543
f 1761/72/1544 1764/73/1544 468/73/1544 458/72/1544
f 1765/282/1545 1766/279/1545 463/279/1545 455/282/1545
f 1766/279/1546 1765/282/1546 456/282/1546 464/279/1546
f 1766/279/1547 1767/275/1547 475/275/1547 463/279/1547
f 1767/275/1548 1766/279/1548 464/279/1548 476/275/1548
f 1767/275/1549 1768/278/1549 465/278/1549 475/275/1549
f 1768/278/1550 1767/275/1550 476/275/1550 466/278/1550
f 1768/278/1551 1765/282/1551 455/282/1551 465/278/1551
f 1765/282/1552 1768/278/1552 466/278/1552 456/282/1552
f 1769/283/1553 1770/280/1553 461/280/1553 453/283/1553
f 1770/280/1554 1769/283/1554 454/283/1554 462/280/1554
f 1770/280/1555 1771/276/1555 473/276/1555 461/280/1555
f 1771/276/1556 1770/280/1556 462/280/1556 474/276/1556
f 1771/276/1557 1772/279/1557 463/279/1557 473/276/1557
f 1772/279/1558 1771/276/1558 474/276/1558 464/279/1558
f 1772/279/1559 1769/283/1559 453/283/1559 463/279/1559
f 1769/283/1560 1772/279/1560 464/279/1560 454/283/1560
f 1773/284/1561 1774/281/1561 459/281/1561 451/284/1561
f 1774/281/1562 1773/284/1562 452/284/1562 460/281/1562
f 1774/281/1563 1775/277/1563 471/277/1563 459/281/1563
f 1775/277/1564 1774/281/1564 460/281/1564 472/277/1564
f 1775/277/1565 1776/280/1565 461/280/1565 471/277/1565
f 1776/280/1566 1775/277/1566 472/277/1566 462/280/1566
f 1776/280/1567 1773/284/1567 451/284/1567 461/280/1567
f 1773/284/1568 1776/280/1568 462/280/1568 452/284/1568
f 1777/285/1569 1778/282/1569 455/282/1569 445/285/1569
f 1778/282/1570 1777/285/1570 446/285/1570 456/282/1570
f 1778/282/1571 1779/278/1571 465/278/1571 455/282/1571
f 1779/278/1572 1778/282/1572 456/282/1572 466/278/1572
f 1779/278/1573 1780/72/1573 457/72/1573 465/278/1573
f 1780/72/1574 1779/278/1574 466/278/1574 458/72/1574
f 1780/72/1575 1777/285/1575 445/285/1575 457/72/1575
f 1777/285/1576 1780/72/1576 458/72/1576 446/285/1576
f 1781/286/1577 1782/283/1577 453/283/1577 443/286/1577
f 1782/283/1578 1781/286/1578 444/286/1578 454/283/1578
f 1782/283/1579 1783/279/1579 463/279/1579 453/283/1579
f 1783/279/1580 1782/283/1580 454/283/1580 464/279/1580
f 1783/279/1581 1784/282/1581 455/282/1581 463/279/1581
f 1784/282/1582 1783/279/1582 464/279/1582 456/282/1582
f 1784/282/1583 1781/286/1583 443/286/1583 455/282/1583
f 1781/286/1584 1784/282/1584 456/282/1584 444/286/1584
f 1785/287/1585 1786/284/1585 451/284/1585 441/287/1585
f 1786/284/1586 1785/287/1586 442/287/1586 452/284/1586
f 1786/284/1587 1787/280/1587 461/280/1587 451/284/1587
f 1787/280/1588 1786/284/1588 452/284/1588 462/280/1588
f 1787/280/1589 1788/283/1589 453/283/1589 461/280/1589
f 1788/283/1590 1787/280/1590 462/280/1590 454/283/1590
f 1788/283/1591 1785/287/1591 441/287/1591 453/283/1591
f 1785/287/1592 1788/283/1592 454/283/1592 442/287/1592
f 1789/288/1593 1790/289/1593 449/289/1593 439/288/1593
f 1790/289/1594 1789/288/1594 440/288/1594 450/289/1594
f 1790/289/1595 1791/281/1595 459/281/1595 449/289/1595
f 1791/281/1596 1790/289/1596 450/289/1596 460/281/1596
f 1791/281/1597 1792/284/1597 451/284/1597 459/281/1597
f 1792/284/1598 1791/281/1598 460/281/1598 452/284/1598
f 1792/284/1599 1789/288/1599 439/288/1599 451/284/1599
f 1789/288/1600 1792/284/1600 452/284/1600 440/288/1600
f 1793/74/1601 1794/47/1601 981/47/1601 65/74/1601
f 1794/47/1602 1793/74/1602 66/74/1602 982/47/1602
f 1794/47/1603 1795/46/1603 61/46/1603 981/47/1603
f 1795/46/1604 1794/47/1604 982/47/1604 62/46/1604
f 1795/46/1605 1796/71/1605 447/71/1605 61/46/1605
f 1796/71/1606 1795/46/1606 62/46/1606 448/71/1606
f 1796/71/1607 1793/74/1607 65/74/1607 447/71/1607
f 1793/74/1608 1796/71/1608 448/71/1608 66/74/1608
f 1797/70/1609 1798/285/1609 445/285/1609 437/70/1609
f 1798/285/1610 1797/70/1610 438/70/1610 446/285/1610
f 1798/285/1611 1799/72/1611 457/72/1611 445/285/1611
f 1799/72/1612 1798/285/1612 446/285/1612 458/72/1612
f 1799/72/1613 1800/71/1613 447/71/1613 457/72/1613
f 1800/71/1614 1799/72/1614 458/72/1614 448/71/1614
f 1800/71/1615 1797/70/1615 437/70/1615 447/71/1615
f 1797/70/1616 1800/71/1616 448/71/1616 438/70/1616
f 1801/290/1617 1802/286/1617 443/286/1617 435/290/1617
f 1802/286/1618 1801/290/1618 436/290/1618 444/286/1618
f 1802/286/1619 1803/282/1619 455/282/1619 443/286/1619
f 1803/282/1620 1802/286/1620 444/286/1620 456/282/1620
f 1803/282/1621 1804/285/1621 445/285/1621 455/282/1621
f 1804/285/1622 1803/282/1622 456/282/1622 446/285/1622
f 1804/285/1623 1801/290/1623 435/290/1623 445/285/1623
f 1801/290/1624 1804/285/1624 446/285/1624 436/290/1624
f 1805/291/1625 1806/287/1625 441/287/1625 433/291/1625
f 1806/287/1626 1805/291/1626 434/291/1626 442/287/1626
f 1806/287/1627 1807/283/1627 453/283/1627 441/287/1627
f 1807/283/1628 1806/287/1628 442/287/1628 454/283/1628
f 1807/283/1629 1808/286/1629 443/286/1629 453/283/1629
f 1808/286/1630 1807/283/1630 454/283/1630 444/286/1630
f 1808/286/1631 1805/291/1631 433/291/1631 443/286/1631
f 1805/291/1632 1808/286/1632 444/286/1632 434/291/1632
f 1809/292/1633 1810/288/1633 439/288/1633 431/292/1633
f 1810/288/1634 1809/292/1634 432/292/1634 440/288/1634
f 1810/288/1635 1811/284/1635 451/284/1635 439/288/1635
f 1811/284/1636 1810/288/1636 440/288/1636 452/284/1636
f 1811/284/1637 1812/287/1637 441/287/1637 451/284/1637
f 1812/287/1638 1811/284/1638 452/284/1638 442/287/1638
f 1812/287/1639 1809/292/1639 431/292/1639 441/287/1639
f 1809/292/1640 1812/287/1640 442/287/1640 432/292/1640
f 1813/293/1641 1814/290/1641 435/290/1641 425/293/1641
f 1814/290/1642 1813/293/1642 426/293/1642 436/290/1642
f 1814/290/1643 1815/285/1643 445/285/1643 435/290/1643
f 1815/285/1644 1814/290/1644 436/290/1644 446/285/1644
f 1815/285/1645 1816/70/1645 437/70/1645 445/285/1645
f 1816/70/1646 1815/285/1646 446/285/1646 438/70/1646
f 1816/70/1647 1813/293/1647 425/293/1647 437/70/1647
f 1813/293/1648 1816/70/1648 438/70/1648 426/293/1648
f 1817/294/1649 1818/291/1649 433/291/1649 423/294/1649
f 1818/291/1650 1817/294/1650 424/294/1650 434/291/1650
f 1818/291/1651 1819/286/1651 443/286/1651 433/291/1651
f 1819/286/1652 1818/291/1652 434/291/1652 444/286/1652
f 1819/286/1653 1820/290/1653 435/290/1653 443/286/1653
f 1820/290/1654 1819/286/1654 444/286/1654 436/290/1654
f 1820/290/1655 1817/294/1655 423/294/1655 435/290/1655
f 1817/294/1656 1820/290/1656 436/290/1656 424/294/1656
f 1821/295/1657 1822/292/1657 431/292/1657 421/295/1657
f 1822/292/1658 1821/295/1658 422/295/1658 432/292/1658
f 1822/292/1659 1823/287/1659 441/287/1659 431/292/1659
f 1823/287/1660 1822/292/1660 432/292/1660 442/287/1660
f 1823/287/1661 1824/291/1661 433/291/1661 441/287/1661
f 1824/291/1662 1823/287/1662 442/287/1662 434/291/1662
f 1824/291/1663 1821/295/1663 421/295/1663 433/291/1663
f 1821/295/1664 1824/291/1664 434/291/1664 422/295/1664
f 1825/296/1665 1826/297/1665 429/297/1665 419/296/1665
f 1826/297/1666 1825/296/1666 420/296/1666 430/297/1666
f 1826/297/1667 1827/288/1667 439/288/1667 429/297/1667
f 1827/288/1668 1826/297/1668 430/297/1668 440/288/1668
f 1827/288/1669 1828/292/1669 431/292/1669 439/288/1669
f 1828/292/1670 1827/288/1670 440/288/1670 432/292/1670
f 1828/292/1671 1825/296/1671 419/296/1671 431/292/1671
f 1825/296/1672 1828/292/1672 432/292/1672 420/296/1672
f 1829/46/1673 1830/48/1673 983/48/1673 61/46/1673
f 1830/48/1674 1829/46/1674 62/46/1674 984/48/1674
f 1830/48/1675 1831/69/1675 57/69/1675 983/48/1675
f 1831/69/1676 1830/48/1676 984/48/1676 58/69/1676
f 1831/69/1677 1832/68/1677 427/68/1677 57/69/1677
f 1832/68/1678 1831/69/1678 58/69/1678 428/68/1678
f 1832/68/1679 1829/46/1679 61/46/1679 427/68/1679
f 1829/46/1680 1832/68/1680 428/68/1680 62/46/1680
f 1833/67/1681 1834/293/1681 425/293/1681 417/67/1681
f 1834/293/1682 1833/67/1682 418/67/1682 426/293/1682
f 1834/293/1683 1835/70/1683 437/70/1683 425/293/1683
f 1835/70/1684 1834/293/1684 426/293/1684 438/70/1684
f 1835/70/1685 1836/68/1685 427/68/1685 437/70/1685
f 1836/68/1686 1835/70/1686 438/70/1686 428/68/1686
f 1836/68/1687 1833/67/1687 417/67/1687 427/68/1687
f 1833/67/1688 1836/68/1688 428/68/1688 418/67/1688
f 1837/298/1689 1838/294/1689 423/294/1689 415/298/1689
f 1838/294/1690 1837/298/1690 416/298/1690 424/294/1690
f 1838/294/1691 1839/290/1691 435/290/1691 423/294/1691
f 1839/290/1692 1838/294/1692 424/294/1692 436/290/1692
f 1839/290/1693 1840/293/1693 425/293/1693 435/290/1693
f 1840/293/1694 1839/290/1694 436/290/1694 426/293/1694
f 1840/293/1695 1837/298/1695 415/298/1695 425/293/1695
f 1837/298/1696 1840/293/1696 426/293/1696 416/298/1696
f 1841/299/1697 1842/295/1697 421/295/1697 413/299/1697
f 1842/295/1698 1841/299/1698 414/299/1698 422/295/1698
f 1842/295/1699 1843/291/1699 433/291/1699 421/295/1699
f 1843/291/1700 1842/295/1700 422/295/1700 434/291/1700
f 1843/291/1701 1844/294/1701 423/294/1701 433/291/1701
f 1844/294/1702 1843/291/1702 434/291/1702 424/294/1702
f 1844/294/1703 1841/299/1703 413/299/1703 423/294/1703
f 1841/299/1704 1844/294/1704 424/294/1704 414/299/1704
f 1845/300/1705 1846/296/1705 419/296/1705 411/300/1705
f 1846/296/1706 1845/300/1706 412/300/1706 420/296/1706
f 1846/296/1707 1847/292/1707 431/292/1707 419/296/1707
f 1847/292/1708 1846/296/1708 420/296/1708 432/292/1708
f 1847/292/1709 1848/295/1709 421/295/1709 431/292/1709
f 1848/295/1710 1847/292/1710 432/292/1710 422/295/1710
f 1848/295/1711 1845/300/1711 411/300/1711 421/295/1711
f 1845/300/1712 1848/295/1712 422/295/1712 412/300/1712
f 1849/301/1713 1850/298/1713 415/298/1713 405/301/1713
f 1850/298/1714 1849/301/1714 406/301/1714 416/298/1714
f 1850/298/1715 1851/293/1715 425/293/1715 415/298/1715
f 1851/293/1716 1850/298/1716 416/298/1716 426/293/1716
f 1851/293/1717 1852/67/1717 417/67/1717 425/293/1717
f 1852/67/1718 1851/293/1718 426/293/1718 418/67/1718
f 1852/67/1719 1849/301/1719 405/301/1719 417/67/1719
f 1849/301/1720 1852/67/1720 418/67/1720 406/301/1720
f 1853/302/1721 1854/299/1721 413/299/1721 403/302/1721
f 1854/299/1722 1853/302/1722 404/302/1722 414/299/1722
f 1854/299/1723 1855/294/1723 423/294/1723 413/299/1723
f 1855/294/1724 1854/299/1724 414/299/1724 424/294/1724
f 1855/294/1725 1856/298/1725 415/298/1725 423/294/1725
f 1856/298/1726 1855/294/1726 424/294/1726 416/298/1726
f 1856/298/1727 1853/302/1727 403/302/1727 415/298/1727
f 1853/302/1728 1856/298/1728 416/298/1728 404/302/1728
f 1857/303/1729 1858/300/1729 411/300/1729 401/303/1729
f 1858/300/1730 1857/303/1730 402/303/1730 412/300/1730
f 1858/300/1731 1859/295/1731 421/295/1731 411/300/1731
f 1859/295/1732 1858/300/1732 412/300/1732 422/295/1732
f 1859/295/1733 1860/299/1733 413/299/1733 421/295/1733
f 1860/299/1734 1859/295/1734 422/295/1734 414/299/1734
f 1860/299/1735 1857/303/1735 401/303/1735 413/299/1735
f 1857/303/1736 1860/299/1736 414/299/1736 402/303/1736
f 1861/304/1737 1862/305/1737 409/305/1737 399/304/1737
f 1862/305/1738 1861/304/1738 400/304/1738 410/305/1738
f 1862/305/1739 1863/296/1739 419/296/1739 409/305/1739
f 1863/296/1740 1862/305/1740 410/305/1740 420/296/1740
f 1863/296/1741 1864/300/1741 411/300/1741 419/296/1741
f 1864/300/1742 1863/296/1742 420/296/1742 412/300/1742
f 1864/300/1743 1861/304/1743 399/304/1743 411/300/1743
f 1861/304/1744 1864/300/1744 412/300/1744 400/304/1744
f 1865/69/1745 1866/306/1745 985/306/1745 57/69/1745
f 1866/306/1746 1865/69/1746 58/69/1746 986/306/1746
f 1866/306/1747 1867/66/1747 53/66/1747 985/306/1747
f 1867/66/1748 1866/306/1748 986/306/1748 54/66/1748
f 1867/66/1749 1868/65/1749 407/65/1749 53/66/1749
f 1868/65/1750 1867/66/1750 54/66/1750 408/65/1750
f 1868/65/1751 1865/69/1751 57/69/1751 407/65/1751
f 1865/69/1752 1868/65/1752 408/65/1752 58/69/1752
f 1869/64/1753 1870/301/1753 405/301/1753 397/64/1753
f 1870/301/1754 1869/64/1754 398/64/1754 406/301/1754
f 1870/301/1755 1871/67/1755 417/67/1755 405/301/1755
f 1871/67/1756 1870/301/1756 406/301/1756 418/67/1756
f 1871/67/1757 1872/65/1757 407/65/1757 417/67/1757
f 1872/65/1758 1871/67/1758 418/67/1758 408/65/1758
f 1872/65/1759 1869/64/1759 397/64/1759 407/65/1759
f 1869/64/1760 1872/65/1760 408/65/1760 398/64/1760
f 1873/307/1761 1874/302/1761 403/302/1761 395/307/1761
f 1874/302/1762 1873/307/1762 396/307/1762 404/302/1762
f 1874/302/1763 1875/298/1763 415/298/1763 403/302/1763
f 1875/298/1764 1874/302/1764 404/302/1764 416/298/1764
f 1875/298/1765 1876/301/1765 405/301/1765 415/298/1765
f 1876/301/1766 1875/298/1766 416/298/1766 406/301/1766
f 1876/301/1767 1873/307/1767 395/307/1767 405/301/1767
f 1873/307/1768 1876/301/1768 406/301/1768 396/307/1768
f 1877/308/1769 1878/303/1769 401/303/1769 393/308/1769
f 1878/303/1770 1877/308/1770 394/308/1770 402/303/1770
f 1878/303/1771 1879/299/1771 413/299/1771 401/303/1771
f 1879/299/1772 1878/303/1772 402/303/1772 414/299/1772
f 1879/299/1773 1880/302/1773 403/302/1773 413/299/1773
f 1880/302/1774 1879/299/1774 414/299/1774 404/302/1774
f 1880/302/1775 1877/308/1775 393/308/1775 403/302/1775
f 1877/308/1776 1880/302/1776 404/302/1776 394/308/1776
f 1881/309/1777 1882/304/1777 399/304/1777 391/309/1777
f 1882/304/1778 1881/309/1778 392/309/1778 400/304/1778
f 1882/304/1779 1883/300/1779 411/300/1779 399/304/1779
f 1883/300/1780 1882/304/1780 400/304/1780 412/300/1780
f 1883/300/1781 1884/303/1781 401/303/1781 411/300/1781
f 1884/303/1782 1883/300/1782 412/300/1782 402/303/1782
f 1884/303/1783 1881/309/1783 391/309/1783 401/303/1783
f 1881/309/1784 1884/303/1784 402/303/1784 392/309/1784
f 1885/310/1785 1886/307/1785 395/307/1785 385/310/1785
f 1886/307/1786 1885/310/1786 386/310/1786 396/307/1786
f 1886/307/1787 1887/301/1787 405/301/1787 395/307/1787
f 1887/301/1788 1886/307/1788 396/307/1788 406/301/1788
f 1887/301/1789 1888/64/1789 397/64/1789 405/301/1789
f 1888/64/1790 1887/301/1790 406/301/1790 398/64/1790
f 1888/64/1791 1885/310/1791 385/310/1791 397/64/1791
f 1885/310/1792 1888/64/1792 398/64/1792 386/310/1792
f 1889/311/1793 1890/308/1793 393/308/1793 383/311/1793
f 1890/308/1794 1889/311/1794 384/311/1794 394/308/1794
f 1890/308/1795 1891/302/1795 403/302/1795 393/308/1795
f 1891/302/1796 1890/308/1796 394/308/1796 404/302/1796
f 1891/302/1797 1892/307/1797 395/307/1797 403/302/1797
f 1892/307/1798 1891/302/1798 404/302/1798 396/307/1798
f 1892/307/1799 1889/311/1799 383/311/1799 395/307/1799
f 1889/311/1800 1892/307/1800 396/307/1800 384/311/1800
f 1893/312/1801 1894/309/1801 391/309/1801 381/312/1801
f 1894/309/1802 1893/312/1802 382/312/1802 392/309/1802
f 1894/309/1803 1895/303/1803 401/303/1803 391/309/1803
f 1895/303/1804 1894/309/1804 392/309/1804 402/303/1804
f 1895/303/1805 1896/308/1805 393/308/1805 401/303/1805
f 1896/308/1806 1895/303/1806 402/303/1806 394/308/1806
f 1896/308/1807 1893/312/1807 381/312/1807 393/308/1807
f 1893/312/1808 1896/308/1808 394/308/1808 382/312/1808
f 1897/313/1809 1898/314/1809 389/314/1809 379/313/1809
f 1898/314/1810 1897/313/1810 380/313/1810 390/314/1810
f 1898/314/1811 1899/304/1811 399/304/1811 389/314/1811
f 1899/304/1812 1898/314/1812 390/314/1812 400/304/1812
f 1899/304/1813 1900/309/1813 391/309/1813 399/304/1813
f 1900/309/1814 1899/304/1814 400/304/1814 392/309/1814
f 1900/309/1815 1897/313/1815 379/313/1815 391/309/1815
f 1897/313/1816 1900/309/1816 392/309/1816 380/313/1816
f 1901/66/1817 1902/315/1817 987/315/1817 53/66/1817
f 1902/315/1818 1901/66/1818 54/66/1818 988/315/1818
f 1902/315/1819 1903/63/1819 49/63/1819 987/315/1819
f 1903/63/1820 1902/315/1820 988/315/1820 50/63/1820
f 1903/63/1821 1904/62/1821 387/62/1821 49/63/1821
f 1904/62/1822 1903/63/1822 50/63/1822 388/62/1822
f 1904/62/1823 1901/66/1823 53/66/1823 387/62/1823
f 1901/66/1824 1904/62/1824 388/62/1824 54/66/1824
f 1905/61/1825 1906/310/1825 385/310/1825 377/61/1825
f 1906/310/1826 1905/61/1826 378/61/1826 386/310/1826
f 1906/310/1827 1907/64/1827 397/64/1827 385/310/1827
f 1907/64/1828 1906/310/1828 386/310/1828 398/64/1828
f 1907/64/1829 1908/62/1829 387/62/1829 397/64/1829
f 1908/62/1830 1907/64/1830 398/64/1830 388/62/1830
f 1908/62/1831 1905/61/1831 377/61/1831 387/62/1831
f 1905/61/1832 1908/62/1832 388/62/1832 378/61/1832
f 1909/316/1833 1910/311/1833 383/311/1833 375/316/1833
f 1910/311/1834 1909/316/1834 376/316/1834 384/311/1834
f 1910/311/1835 1911/307/1835 395/307/1835 383/311/1835
f 1911/307/1836 1910/311/1836 384/311/1836 396/307/1836
f 1911/307/1837 1912/310/1837 385/310/1837 395/307/1837
f 1912/310/1838 1911/307/1838 396/307/1838 386/310/1838
f 1912/310/1839 1909/316/1839 375/316/1839 385/310/1839
f 1909/316/1840 1912/310/1840 386/310/1840 376/316/1840
f 1913/317/1841 1914/312/1841 381/312/1841 373/317/1841
f 1914/312/1842 1913/317/1842 374/317/1842 382/312/1842
f 1914/312/1843 1915/308/1843 393/308/1843 381/312/1843
f 1915/308/1844 1914/312/1844 382/312/1844 394/308/1844
f 1915/308/1845 1916/311/1845 383/311/1845 393/308/1845
f 1916/311/1846 1915/308/1846 394/308/1846 384/311/1846
f 1916/311/1847 1913/317/1847 373/317/1847 383/311/1847
f 1913/317/1848 1916/311/1848 384/311/1848 374/317/1848
f 1917/318/1849 1918/313/1849 379/313/1849 371/318/1849
f 1918/313/1850 1917/318/1850 372/318/1850 380/313/1850
f 1918/313/1851 1919/309/1851 391/309/1851 379/313/1851
f 1919/309/1852 1918/313/1852 380/313/1852 392/309/1852
f 1919/309/1853 1920/312/1853 381/312/1853 391/309/1853
f 1920/312/1854 1919/309/1854 392/309/1854 382/312/1854
f 1920/312/1855 1917/318/1855 371/318/1855 381/312/1855
f 1917/318/1856 1920/312/1856 382/312/1856 372/318/1856
f 1921/319/1857 1922/316/1857 375/316/1857 365/319/1857
f 1922/316/1858 1921/319/1858 366/319/1858 376/316/1858
f 1922/316/1859 1923/310/1859 385/310/1859 375/316/1859
f 1923/310/1860 1922/316/1860 376/316/1860 386/310/1860
f 1923/310/1861 1924/61/1861 377/61/1861 385/310/1861
f 1924/61/1862 1923/310/1862 386/310/1862 378/61/1862
f 1924/61/1863 1921/319/1863 365/319/1863 377/61/1863
f 1921/319/1864 1924/61/1864 378/61/1864 366/319/1864
f 1925/320/1865 1926/317/1865 373/317/1865 363/320/1865
f 1926/317/1866 1925/320/1866 364/320/1866 374/317/1866
f 1926/317/1867 1927/311/1867 383/311/1867 373/317/1867
f 1927/311/1868 1926/317/1868 374/317/1868 384/311/1868
f 1927/311/1869 1928/316/1869 375/316/1869 383/311/1869
f 1928/316/1870 1927/311/1870 384/311/1870 376/316/1870
f 1928/316/1871 1925/320/1871 363/320/1871 375/316/1871
f 1925/320/1872 1928/316/1872 376/316/1872 364/320/1872
f 1929/321/1873 1930/318/1873 371/318/1873 361/321/1873
f 1930/318/1874 1929/321/1874 362/321/1874 372/318/1874
f 1930/318/1875 1931/312/1875 381/312/1875 371/318/1875
f 1931/312/1876 1930/318/1876 372/318/1876 382/312/1876
f 1931/312/1877 1932/317/1877 373/317/1877 381/312/1877
f 1932/317/1878 1931/312/1878 382/312/1878 374/317/1878
f 1932/317/1879 1929/321/1879 361/321/1879 373/317/1879
f 1929/321/1880 1932/317/1880 374/317/1880 362/321/1880
f 1933/322/1881 1934/323/1881 369/323/1881 359/322/1881
f 1934/323/1882 1933/322/1882 360/322/1882 370/323/1882
f 1934/323/1883 1935/313/1883 379/313/1883 369/323/1883
f 1935/313/1884 1934/323/1884 370/323/1884 380/313/1884
f 1935/313/1885 1936/318/1885 371/318/1885 379/313/1885
f 1936/318/1886 1935/313/1886 380/313/1886 372/318/1886
f 1936/318/1887 1933/322/1887 359/322/1887 371/318/1887
f 1933/322/1888 1936/318/1888 372/318/1888 360/322/1888
f 1937/63/1889 1938/324/1889 989/324/1889 49/63/1889
f 1938/324/1890 1937/63/1890 50/63/1890 990/324/1890
f 1938/324/1891 1939/60/1891 45/60/1891 989/324/1891
f 1939/60/1892 1938/324/1892 990/324/1892 46/60/1892
f 1939/60/1893 1940/59/1893 367/59/1893 45/60/1893
f 1940/59/1894 1939/60/1894 46/60/1894 368/59/1894
f 1940/59/1895 1937/63/1895 49/63/1895 367/59/1895
f 1937/63/1896 1940/59/1896 368/59/1896 50/63/1896
f 1941/58/1897 1942/319/1897 365/319/1897 357/58/1897
f 1942/319/1898 1941/58/1898 358/58/1898 366/319/1898
f 1942/319/1899 1943/61/1899 377/61/1899 365/319/1899
f 1943/61/1900 1942/319/1900 366/319/1900 378/61/1900
f 1943/61/1901 1944/59/1901 367/59/1901 377/61/1901
f 1944/59/1902 1943/61/1902 378/61/1902 368/59/1902
f 1944/59/1903 1941/58/1903 357/58/1903 367/59/1903
f 1941/58/1904 1944/59/1904 368/59/1904 358/58/1904
f 1945/325/1905 1946/320/1905 363/320/1905 355/325/1905
f 1946/320/1906 1945/325/1906 356/325/1906 364/320/1906
f 1946/320/1907 1947/316/1907 375/316/1907 363/320/1907
f 1947/316/1908 1946/320/1908 364/320/1908 376/316/1908
f 1947/316/1909 1948/319/1909 365/319/1909 375/316/1909
f 1948/319/1910 1947/316/1910 376/316/1910 366/319/1910
f 1948/319/1911 1945/325/1911 355/325/1911 365/319/1911
f 1945/325/1912 1948/319/1912 366/319/1912 356/325/1912
f 1949/326/1913 1950/321/1913 361/321/1913 353/326/1913
f 1950/321/1914 1949/326/1914 354/326/1914 362/321/1914
f 1950/321/1915 1951/317/1915 373/317/1915 361/321/1915
f 1951/317/1916 1950/321/1916 362/321/1916 374/317/1916
f 1951/317/1917 1952/320/1917 363/320/1917 373/317/1917
f 1952/320/1918 1951/317/1918 374/317/1918 364/320/1918
f 1952/320/1919 1949/326/1919 353/326/1919 363/320/1919
f 1949/326/1920 1952/320/1920 364/320/1920 354/326/1920
f 1953/327/1921 1954/322/1921 359/322/1921 351/327/1921
f 1954/322/1922 1953/327/1922 352/327/1922 360/322/1922
f 1954/322/1923 1955/318/1923 371/318/1923 359/322/1923
f 1955/318/1924 1954/322/1924 360/322/1924 372/318/1924
f 1955/318/1925 1956/321/1925 361/321/1925 371/318/1925
f 1956/321/1926 1955/318/1926 372/318/1926 362/321/1926
f 1956/321/1927 1953/327/1927 351/327/1927 361/321/1927
f 1953/327/1928 1956/321/1928 362/321/1928 352/327/1928
f 1957/328/1929 1958/325/1929 355/325/1929 345/328/1929
f 1958/325/1930 1957/328/1930 346/328/1930 356/325/1930
f 1958/325/1931 1959/319/1931 365/319/1931 355/325/1931
f 1959/319/1932 1958/325/1932 356/325/1932 366/319/1932
f 1959/319/1933 1960/58/1933 357/58/1933 365/319/1933
f 1960/58/1934 1959/319/1934 366/319/1934 358/58/1934
f 1960/58/1935 1957/328/1935 345/328/1935 357/58/1935
f 1957/328/1936 1960/58/1936 358/58/1936 346/328/1936
f 1961/329/1937 1962/326/1937 353/326/1937 343/329/1937
f 1962/326/1938 1961/329/1938 344/329/1938 354/326/1938
f 1962/326/1939 1963/320/1939 363/320/1939 353/326/1939
f 1963/320/1940 1962/326/1940 354/326/1940 364/320/1940
f 1963/320/1941 1964/325/1941 355/325/1941 363/320/1941
f 1964/325/1942 1963/320/1942 364/320/1942 356/325/1942
f 1964/325/1943 1961/329/1943 343/329/1943 355/325/1943
f 1961/329/1944 1964/325/1944 356/325/1944 344/329/1944
f 1965/330/1945 1966/327/1945 351/327/1945 341/330/1945
f 1966/327/1946 1965/330/1946 342/330/1946 352/327/1946
f 1966/327/1947 1967/321/1947 361/321/1947 351/327/1947
f 1967/321/1948 1966/327/1948 352/327/1948 362/321/1948
f 1967/321/1949 1968/326/1949 353/326/1949 361/321/1949
f 1968/326/1950 1967/321/1950 362/321/1950 354/326/1950
f 1968/326/1951 1965/330/1951 341/330/1951 353/326/1951
f 1965/330/1952 1968/326/1952 354/326/1952 342/330/1952
f 1969/331/1953 1970/332/1953 349/332/1953 339/331/1953
f 1970/332/1954 1969/331/1954 340/331/1954 350/332/1954
f 1970/332/1955 1971/322/1955 359/322/1955 349/332/1955
f 1971/322/1956 1970/332/1956 350/332/1956 360/322/1956
f 1971/322/1957 1972/327/1957 351/327/1957 359/322/1957
f 1972/327/1958 1971/322/1958 360/322/1958 352/327/1958
f 1972/327/1959 1969/331/1959 339/331/1959 351/327/1959
f 1969/331/1960 1972/327/1960 352/327/1960 340/331/1960
f 1973/60/1961 1974/333/1961 991/333/1961 45/60/1961
f 1974/333/1962 1973/60/1962 46/60/1962 992/333/1962
f 1974/333/1963 1975/57/1963 41/57/1963 991/333/1963
f 1975/57/1964 1974/333/1964 992/333/1964 42/57/1964
f 1975/57/1965 1976/56/1965 347/56/1965 41/57/1965
f 1976/56/1966 1975/57/1966 42/57/1966 348/56/1966
f 1976/56/1967 1973/60/1967 45/60/1967 347/56/1967
f 1973/60/1968 1976/56/1968 348/56/1968 46/60/1968
f 1977/55/1969 1978/328/1969 345/328/1969 337/55/1969
f 1978/328/1970 1977/55/1970 338/55/1970 346/328/1970
f 1978/328/1971 1979/58/1971 357/58/1971 345/328/1971
f 1979/58/1972 1978/328/1972 346/328/1972 358/58/1972
f 1979/58/1973 1980/56/1973 347/56/1973 357/58/1973
f 1980/56/1974 1979/58/1974 358/58/1974 348/56/1974
f 1980/56/1975 1977/55/1975 337/55/1975 347/56/1975
f 1977/55/1976 1980/56/1976 348/56/1976 338/55/1976
f 1981/334/1977 1982/329/1977 343/329/1977 335/334/1977
f 1982/329/1978 1981/334/1978 336/334/1978 344/329/1978
f 1982/329/1979 1983/325/1979 355/325/1979 343/329/1979
f 1983/325/1980 1982/329/1980 344/329/1980 356/325/1980
f 1983/325/1981 1984/328/1981 345/328/1981 355/325/1981
f 1984/328/1982 1983/325/1982 356/325/1982 346/328/1982
f 1984/328/1983 1981/334/1983 335/334/1983 345/328/1983
f 1981/334/1984 1984/328/1984 346/328/1984 336/334/1984
f 1985/335/1985 1986/330/1985 341/330/1985 333/335/1985
f 1986/330/1986 1985/335/1986 334/335/1986 342/330/1986
f 1986/330/1987 1987/326/1987 353/326/1987 341/330/1987
f 1987/326/1988 1986/330/1988 342/330/1988 354/326/1988
f 1987/326/1989 1988/329/1989 343/329/1989 353/326/1989
f 1988/329/1990 1987/326/1990 354/326/1990 344/329/1990
f 1988/329/1991 1985/335/1991 333/335/1991 343/329/1991
f 1985/335/1992 1988/329/1992 344/329/1992 334/335/1992
f 1989/336/1993 1990/331/1993 339/331/1993 331/336/1993
f 1990/331/1994 1989/336/1994 332/336/1994 340/331/1994
f 1990/331/1995 1991/327/1995 351/327/1995 339/331/1995
f 1991/327/1996 1990/331/1996 340/331/1996 352/327/1996
f 1991/327/1997 1992/330/1997 341/330/1997 351/327/1997
f 1992/330/1998 1991/327/1998 352/327/1998 342/330/1998
f 1992/330/1999 1989/336/1999 331/336/1999 341/330/1999
f 1989/336/2000 1992/330/2000 342/330/2000 332/336/2000
f 1993/337/2001 1994/334/2001 335/334/2001 325/337/2001
f 1994/334/2002 1993/337/2002 326/337/2002 336/334/2002
f 1994/334/2003 1995/328/2003 345/328/2003 335/334/2003
f 1995/328/2004 1994/334/2004 336/334/2004 346/328/2004
f 1995/328/2005 1996/55/2005 337/55/2005 345/328/2005
f 1996/55/2006 1995/328/2006 346/328/2006 338/55/2006
f 1996/55/2007 1993/337/2007 325/337/2007 337/55/2007
f 1993/337/2008 1996/55/2008 338/55/2008 326/337/2008
f 1997/338/2009 1998/335/2009 333/335/2009 323/338/2009
f 1998/335/2010 1997/338/2010 324/338/2010 334/335/2010
f 1998/335/2011 1999/329/2011 343/329/2011 333/335/2011
f 1999/329/2012 1998/335/2012 334/335/2012 344/329/2012
f 1999/329/2013 2000/334/2013 335/334/2013 343/329/2013
f 2000/334/2014 1999/329/2014 344/329/2014 336/334/2014
f 2000/334/2015 1997/338/2015 323/338/2015 335/334/2015
f 1997/338/2016 2000/334/2016 336/334/2016 324/338/2016
f 2001/339/2017 2002/336/2017 331/336/2017 321/339/2017
f 2002/336/2018 2001/339/2018 322/339/2018 332/336/2018
f 2002/336/2019 2003/330/2019 341/330/2019 331/336/2019
f 2003/330/2020 2002/336/2020 332/336/2020 342/330/2020
f 2003/330/2021 2004/335/2021 333/335/2021 341/330/2021
f 2004/335/2022 2003/330/2022 342/330/2022 334/335/2022
f 2004/335/2023 2001/339/2023 321/339/2023 333/335/2023
f 2001/339/2024 2004/335/2024 334/335/2024 322/339/2024
f 2005/340/2025 2006/341/2025 329/341/2025 319/340/2025
f 2006/341/2026 2005/340/2026 320/340/2026 330/341/2026
f 2006/341/2027 2007/331/2027 339/331/2027 329/341/2027
f 2007/331/2028 2006/341/2028 330/341/2028 340/331/2028
f 2007/331/2029 2008/336/2029 331/336/2029 339/331/2029
f 2008/336/2030 2007/331/2030 340/331/2030 332/336/2030
f 2008/336/2031 2005/340/2031 319/340/2031 331/336/2031
f 2005/340/2032 2008/336/2032 332/336/2032 320/340/2032
f 2009/340/2033 2010/342/2033 309/342/2033 319/340/2033
f 2010/342/2034 2009/340/2034 320/340/2034 310/342/2034
f 2010/342/2035 2011/343/2035 39/343/2035 309/342/2035
f 2011/343/2036 2010/342/2036 310/342/2036 40/343/2036
f 2011/343/2037 2012/341/2037 329/341/2037 39/343/2037
f 2012/341/2038 2011/343/2038 40/343/2038 330/341/2038
f 2012/341/2039 2009/340/2039 319/340/2039 329/341/2039
f 2009/340/2040 2012/341/2040 330/341/2040 320/340/2040
f 2013/52/2041 2014/337/2041 325/337/2041 317/52/2041
f 2014/337/2042 2013/52/2042 318/52/2042 326/337/2042
f 2014/337/2043 2015/55/2043 337/55/2043 325/337/2043
f 2015/55/2044 2014/337/2044 326/337/2044 338/55/2044
f 2015/55/2045 2016/53/2045 327/53/2045 337/55/2045
f 2016/53/2046 2015/55/2046 338/55/2046 328/53/2046
f 2016/53/2047 2013/52/2047 317/52/2047 327/53/2047
f 2013/52/2048 2016/53/2048 328/53/2048 318/52/2048
f 2017/344/2049 2018/338/2049 323/338/2049 315/344/2049
f 2018/338/2050 2017/344/2050 316/344/2050 324/338/2050
f 2018/338/2051 2019/334/2051 335/334/2051 323/338/2051
f 2019/334/2052 2018/338/2052 324/338/2052 336/334/2052
f 2019/334/2053 2020/337/2053 325/337/2053 335/334/2053
f 2020/337/2054 2019/334/2054 336/334/2054 326/337/2054
f 2020/337/2055 2017/344/2055 315/344/2055 325/337/2055
f 2017/344/2056 2020/337/2056 326/337/2056 316/344/2056
f 2021/345/2057 2022/339/2057 321/339/2057 313/345/2057
f 2022/339/2058 2021/345/2058 314/345/2058 322/339/2058
f 2022/339/2059 2023/335/2059 333/335/2059 321/339/2059
f 2023/335/2060 2022/339/2060 322/339/2060 334/335/2060
f 2023/335/2061 2024/338/2061 323/338/2061 333/335/2061
f 2024/338/2062 2023/335/2062 334/335/2062 324/338/2062
f 2024/338/2063 2021/345/2063 313/345/2063 323/338/2063
f 2021/345/2064 2024/338/2064 324/338/2064 314/345/2064
f 2025/346/2065 2026/340/2065 319/340/2065 311/346/2065
f 2026/340/2066 2025/346/2066 312/346/2066 320/340/2066
f 2026/340/2067 2027/336/2067 331/336/2067 319/340/2067
f 2027/336/2068 2026/340/2068 320/340/2068 332/336/2068
f 2027/336/2069 2028/339/2069 321/339/2069 331/336/2069
f 2028/339/2070 2027/336/2070 332/336/2070 322/339/2070
f 2028/339/2071 2025/346/2071 311/346/2071 321/339/2071
f 2025/346/2072 2028/339/2072 322/339/2072 312/346/2072
f 2029/347/2073 2030/344/2073 315/344/2073 305/347/2073
f 2030/344/2074 2029/347/2074 306/347/2074 316/344/2074
f 2030/344/2075 2031/337/2075 325/337/2075 315/344/2075
f 2031/337/2076 2030/344/2076 316/344/2076 326/337/2076
f 2031/337/2077 2032/52/2077 317/52/2077 325/337/2077
f 2032/52/2078 2031/337/2078 326/337/2078 318/52/2078
f 2032/52/2079 2029/347/2079 305/347/2079 317/52/2079
f 2029/347/2080 2032/52/2080 318/52/2080 306/347/2080
f 2033/348/2081 2034/345/2081 313/345/2081 303/348/2081
f 2034/345/2082 2033/348/2082 304/348/2082 314/345/2082
f 2034/345/2083 2035/338/2083 323/338/2083 313/345/2083
f 2035/338/2084 2034/345/2084 314/345/2084 324/338/2084
f 2035/338/2085 2036/344/2085 315/344/2085 323/338/2085
f 2036/344/2086 2035/338/2086 324/338/2086 316/344/2086
f 2036/344/2087 2033/348/2087 303/348/2087 315/344/2087
f 2033/348/2088 2036/344/2088 316/344/2088 304/348/2088
f 2037/349/2089 2038/346/2089 311/346/2089 301/349/2089
f 2038/346/2090 2037/349/2090 302/349/2090 312/346/2090
f 2038/346/2091 2039/339/2091 321/339/2091 311/346/2091
f 2039/339/2092 2038/346/2092 312/346/2092 322/339/2092
f 2039/339/2093 2040/345/2093 313/345/2093 321/339/2093
f 2040/345/2094 2039/339/2094 322/339/2094 314/345/2094
f 2040/345/2095 2037/349/2095 301/349/2095 313/345/2095
f 2037/349/2096 2040/345/2096 314/345/2096 302/349/2096
f 2041/350/2097 2042/342/2097 309/342/2097 299/350/2097
f 2042/342/2098 2041/350/2098 300/350/2098 310/342/2098
f 2042/342/2099 2043/340/2099 319/340/2099 309/342/2099
f 2043/340/2100 2042/342/2100 310/342/2100 320/340/2100
f 2043/340/2101 2044/346/2101 311/346/2101 319/340/2101
f 2044/346/2102 2043/340/2102 320/340/2102 312/346/2102
f 2044/346/2103 2041/350/2103 299/350/2103 311/346/2103
f 2041/350/2104 2044/346/2104 312/346/2104 300/350/2104
f 2045/54/2105 2046/351/2105 977/351/2105 37/54/2105
f 2046/351/2106 2045/54/2106 38/54/2106 978/351/2106
f 2046/351/2107 2047/51/2107 33/51/2107 977/351/2107
f 2047/51/2108 2046/351/2108 978/351/2108 34/51/2108
f 2047/51/2109 2048/50/2109 307/50/2109 33/51/2109
f 2048/50/2110 2047/51/2110 34/51/2110 308/50/2110
f 2048/50/2111 2045/54/2111 37/54/2111 307/50/2111
f 2045/54/2112 2048/50/2112 308/50/2112 38/54/2112
f 2049/49/2113 2050/347/2113 305/347/2113 297/49/2113
f 2050/347/2114 2049/49/2114 298/49/2114 306/347/2114
f 2050/347/2115 2051/52/2115 317/52/2115 305/347/2115
f 2051/52/2116 2050/347/2116 306/347/2116 318/52/2116
f 2051/52/2117 2052/50/2117 307/50/2117 317/52/2117
f 2052/50/2118 2051/52/2118 318/52/2118 308/50/2118
f 2052/50/2119 2049/49/2119 297/49/2119 307/50/2119
f 2049/49/2120 2052/50/2120 308/50/2120 298/49/2120
f 2053/352/2121 2054/348/2121 303/348/2121 295/352/2121
f 2054/348/2122 2053/352/2122 296/352/2122 304/348/2122
f 2054/348/2123 2055/344/2123 315/344/2123 303/348/2123
f 2055/344/2124 2054/348/2124 304/348/2124 316/344/2124
f 2055/344/2125 2056/347/2125 305/347/2125 315/344/2125
f 2056/347/2126 2055/344/2126 316/344/2126 306/347/2126
f 2056/347/2127 2053/352/2127 295/352/2127 305/347/2127
f 2053/352/2128 2056/347/2128 306/347/2128 296/352/2128
f 2057/353/2129 2058/349/2129 301/349/2129 293/353/2129
f 2058/349/2130 2057/353/2130 294/353/2130 302/349/2130
f 2058/349/2131 2059/345/2131 313/345/2131 301/349/2131
f 2059/345/2132 2058/349/2132 302/349/2132 314/345/2132
f 2059/345/2133 2060/348/2133 303/348/2133 313/345/2133
f 2060/348/2134 2059/345/2134 314/345/2134 304/348/2134
f 2060/348/2135 2057/353/2135 293/353/2135 303/348/2135
f 2057/353/2136 2060/348/2136 304/348/2136 294/353/2136
f 2061/354/2137 2062/350/2137 299/350/2137 291/354/2137
f 2062/350/2138 2061/354/2138 292/354/2138 300/350/2138
f 2062/350/2139 2063/346/2139 311/346/2139 299/350/2139
f 2063/346/2140 2062/350/2140 300/350/2140 312/346/2140
f 2063/346/2141 2064/349/2141 301/349/2141 311/346/2141
f 2064/349/2142 2063/346/2142 312/346/2142 302/349/2142
f 2064/349/2143 2061/354/2143 291/354/2143 301/349/2143
f 2061/354/2144 2064/349/2144 302/349/2144 292/354/2144
f 2065/355/2145 2066/352/2145 295/352/2145 285/355/2145
f 2066/352/2146 2065/355/2146 286/355/2146 296/352/2146
f 2066/352/2147 2067/347/2147 305/347/2147 295/352/2147
f 2067/347/2148 2066/352/2148 296/352/2148 306/347/2148
f 2067/347/2149 2068/49/2149 297/49/2149 305/347/2149
f 2068/49/2150 2067/347/2150 306/347/2150 298/49/2150
f 2068/49/2151 2065/355/2151 285/355/2151 297/49/2151
f 2065/355/2152 2068/49/2152 298/49/2152 286/355/2152
f 2069/356/2153 2070/353/2153 293/353/2153 283/356/2153
f 2070/353/2154 2069/356/2154 284/356/2154 294/353/2154
f 2070/353/2155 2071/348/2155 303/348/2155 293/353/2155
f 2071/348/2156 2070/353/2156 294/353/2156 304/348/2156
f 2071/348/2157 2072/352/2157 295/352/2157 303/348/2157
f 2072/352/2158 2071/348/2158 304/348/2158 296/352/2158
f 2072/352/2159 2069/356/2159 283/356/2159 295/352/2159
f 2069/356/2160 2072/352/2160 296/352/2160 284/356/2160
f 2073/357/2161 2074/354/2161 291/354/2161 281/357/2161
f 2074/354/2162 2073/357/2162 282/357/2162 292/354/2162
f 2074/354/2163 2075/349/2163 301/349/2163 291/354/2163
f 2075/349/2164 2074/354/2164 292/354/2164 302/349/2164
f 2075/349/2165 2076/353/2165 293/353/2165 301/349/2165
f 2076/353/2166 2075/349/2166 302/349/2166 294/353/2166
f 2076/353/2167 2073/357/2167 281/357/2167 293/353/2167
f 2073/357/2168 2076/353/2168 294/353/2168 282/357/2168
f 2077/358/2169 2078/359/2169 289/359/2169 279/358/2169
f 2078/359/2170 2077/358/2170 280/358/2170 290/359/2170
f 2078/359/2171 2079/350/2171 299/350/2171 289/359/2171
f 2079/350/2172 2078/359/2172 290/359/2172 300/350/2172
f 2079/350/2173 2080/354/2173 291/354/2173 299/350/2173
f 2080/354/2174 2079/350/2174 300/350/2174 292/354/2174
f 2080/354/2175 2077/358/2175 279/358/2175 291/354/2175
f 2077/358/2176 2080/354/2176 292/354/2176 280/358/2176
f 2081/51/2177 2082/360/2177 947/360/2177 33/51/2177
f 2082/360/2178 2081/51/2178 34/51/2178 948/360/2178
f 2082/360/2179 2083/45/2179 29/45/2179 947/360/2179
f 2083/45/2180 2082/360/2180 948/360/2180 30/45/2180
f 2083/45/2181 2084/44/2181 287/44/2181 29/45/2181
f 2084/44/2182 2083/45/2182 30/45/2182 288/44/2182
f 2084/44/2183 2081/51/2183 33/51/2183 287/44/2183
f 2081/51/2184 2084/44/2184 288/44/2184 34/51/2184
f 2085/43/2185 2086/355/2185 285/355/2185 277/43/2185
f 2086/355/2186 2085/43/2186 278/43/2186 286/355/2186
f 2086/355/2187 2087/49/2187 297/49/2187 285/355/2187
f 2087/49/2188 2086/355/2188 286/355/2188 298/49/2188
f 2087/49/2189 2088/44/2189 287/44/2189 297/49/2189
f 2088/44/2190 2087/49/2190 298/49/2190 288/44/2190
f 2088/44/2191 2085/43/2191 277/43/2191 287/44/2191
f 2085/43/2192 2088/44/2192 288/44/2192 278/43/2192
f 2089/361/2193 2090/356/2193 283/356/2193 275/361/2193
f 2090/356/2194 2089/361/2194 276/361/2194 284/356/2194
f 2090/356/2195 2091/352/2195 295/352/2195 283/356/2195
f 2091/352/2196 2090/356/2196 284/356/2196 296/352/2196
f 2091/352/2197 2092/355/2197 285/355/2197 295/352/2197
f 2092/355/2198 2091/352/2198 296/352/2198 286/355/2198
f 2092/355/2199 2089/361/2199 275/361/2199 285/355/2199
f 2089/361/2200 2092/355/2200 286/355/2200 276/361/2200
f 2093/362/2201 2094/357/2201 281/357/2201 273/362/2201
f 2094/357/2202 2093/362/2202 274/362/2202 282/357/2202
f 2094/357/2203 2095/353/2203 293/353/2203 281/357/2203
f 2095/353/2204 2094/357/2204 282/357/2204 294/353/2204
f 2095/353/2205 2096/356/2205 283/356/2205 293/353/2205
f 2096/356/2206 2095/353/2206 294/353/2206 284/356/2206
f 2096/356/2207 2093/362/2207 273/362/2207 283/356/2207
f 2093/362/2208 2096/356/2208 284/356/2208 274/362/2208
f 2097/363/2209 2098/358/2209 279/358/2209 271/363/2209
f 2098/358/2210 2097/363/2210 272/363/2210 280/358/2210
f 2098/358/2211 2099/354/2211 291/354/2211 279/358/2211
f 2099/354/2212 2098/358/2212 280/358/2212 292/354/2212
f 2099/354/2213 2100/357/2213 281/357/2213 291/354/2213
f 2100/357/2214 2099/354/2214 292/354/2214 282/357/2214
f 2100/357/2215 2097/363/2215 271/363/2215 281/357/2215
f 2097/363/2216 2100/357/2216 282/357/2216 272/363/2216
f 2101/364/2217 2102/361/2217 275/361/2217 265/364/2217
f 2102/361/2218 2101/364/2218 266/364/2218 276/361/2218
f 2102/361/2219 2103/355/2219 285/355/2219 275/361/2219
f 2103/355/2220 2102/361/2220 276/361/2220 286/355/2220
f 2103/355/2221 2104/43/2221 277/43/2221 285/355/2221
f 2104/43/2222 2103/355/2222 286/355/2222 278/43/2222
f 2104/43/2223 2101/364/2223 265/364/2223 277/43/2223
f 2101/364/2224 2104/43/2224 278/43/2224 266/364/2224
f 2105/365/2225 2106/362/2225 273/362/2225 263/365/2225
f 2106/362/2226 2105/365/2226 264/365/2226 274/362/2226
f 2106/362/2227 2107/356/2227 283/356/2227 273/362/2227
f 2107/356/2228 2106/362/2228 274/362/2228 284/356/2228
f 2107/356/2229 2108/361/2229 275/361/2229 283/356/2229
f 2108/361/2230 2107/356/2230 284/356/2230 276/361/2230
f 2108/361/2231 2105/365/2231 263/365/2231 275/361/2231
f 2105/365/2232 2108/361/2232 276/361/2232 264/365/2232
f 2109/366/2233 2110/363/2233 271/363/2233 261/366/2233
f 2110/363/2234 2109/366/2234 262/366/2234 272/363/2234
f 2110/363/2235 2111/357/2235 281/357/2235 271/363/2235
f 2111/357/2236 2110/363/2236 272/363/2236 282/357/2236
f 2111/357/2237 2112/362/2237 273/362/2237 281/357/2237
f 2112/362/2238 2111/357/2238 282/357/2238 274/362/2238
f 2112/362/2239 2109/366/2239 261/366/2239 273/362/2239
f 2109/366/2240 2112/362/2240 274/362/2240 262/366/2240
f 2113/367/2241 2114/368/2241 269/368/2241 259/367/2241
f 2114/368/2242 2113/367/2242 260/367/2242 270/368/2242
f 2114/368/2243 2115/358/2243 279/358/2243 269/368/2243
f 2115/358/2244 2114/368/2244 270/368/2244 280/358/2244
f 2115/358/2245 2116/363/2245 271/363/2245 279/358/2245
f 2116/363/2246 2115/358/2246 280/358/2246 272/363/2246
f 2116/363/2247 2113/367/2247 259/367/2247 271/363/2247
f 2113/367/2248 2116/363/2248 272/363/2248 260/367/2248
f 2117/45/2249 2118/369/2249 917/369/2249 29/45/2249
f 2118/369/2250 2117/45/2250 30/45/2250 918/369/2250
f 2118/369/2251 2119/39/2251 25/39/2251 917/369/2251
f 2119/39/2252 2118/369/2252 918/369/2252 26/39/2252
f 2119/39/2253 2120/38/2253 267/38/2253 25/39/2253
f 2120/38/2254 2119/39/2254 26/39/2254 268/38/2254
f 2120/38/2255 2117/45/2255 29/45/2255 267/38/2255
f 2117/45/2256 2120/38/2256 268/38/2256 30/45/2256
f 2121/37/2257 2122/364/2257 265/364/2257 257/37/2257
f 2122/364/2258 2121/37/2258 258/37/2258 266/364/2258
f 2122/364/2259 2123/43/2259 277/43/2259 265/364/2259
f 2123/43/2260 2122/364/2260 266/364/2260 278/43/2260
f 2123/43/2261 2124/38/2261 267/38/2261 277/43/2261
f 2124/38/2262 2123/43/2262 278/43/2262 268/38/2262
f 2124/38/2263 2121/37/2263 257/37/2263 267/38/2263
f 2121/37/2264 2124/38/2264 268/38/2264 258/37/2264
f 2125/370/2265 2126/365/2265 263/365/2265 255/370/2265
f 2126/365/2266 2125/370/2266 256/370/2266 264/365/2266
f 2126/365/2267 2127/361/2267 275/361/2267 263/365/2267
f 2127/361/2268 2126/365/2268 264/365/2268 276/361/2268
f 2127/361/2269 2128/364/2269 265/364/2269 275/361/2269
f 2128/364/2270 2127/361/2270 276/361/2270 266/364/2270
f 2128/364/2271 2125/370/2271 255/370/2271 265/364/2271
f 2125/370/2272 2128/364/2272 266/364/2272 256/370/2272
f 2129/371/2273 2130/366/2273 261/366/2273 253/371/2273
f 2130/366/2274 2129/371/2274 254/371/2274 262/366/2274
f 2130/366/2275 2131/362/2275 273/362/2275 261/366/2275
f 2131/362/2276 2130/366/2276 262/366/2276 274/362/2276
f 2131/362/2277 2132/365/2277 263/365/2277 273/362/2277
f 2132/365/2278 2131/362/2278 274/362/2278 264/365/2278
f 2132/365/2279 2129/371/2279 253/371/2279 263/365/2279
f 2129/371/2280 2132/365/2280 264/365/2280 254/371/2280
f 2133/372/2281 2134/367/2281 259/367/2281 251/372/2281
f 2134/367/2282 2133/372/2282 252/372/2282 260/367/2282
f 2134/367/2283 2135/363/2283 271/363/2283 259/367/2283
f 2135/363/2284 2134/367/2284 260/367/2284 272/363/2284
f 2135/363/2285 2136/366/2285 261/366/2285 271/363/2285
f 2136/366/2286 2135/363/2286 272/363/2286 262/366/2286
f 2136/366/2287 2133/372/2287 251/372/2287 261/366/2287
f 2133/372/2288 2136/366/2288 262/366/2288 252/372/2288
f 2137/373/2289 2138/370/2289 255/370/2289 245/373/2289
f 2138/370/2290 2137/373/2290 246/373/2290 256/370/2290
f 2138/370/2291 2139/364/2291 265/364/2291 255/370/2291
f 2139/364/2292 2138/370/2292 256/370/2292 266/364/2292
f 2139/364/2293 2140/37/2293 257/37/2293 265/364/2293
f 2140/37/2294 2139/364/2294 266/364/2294 258/37/2294
f 2140/37/2295 2137/373/2295 245/373/2295 257/37/2295
f 2137/373/2296 2140/37/2296 258/37/2296 246/373/2296
f 2141/374/2297 2142/371/2297 253/371/2297 243/374/2297
f 2142/371/2298 2141/374/2298 244/374/2298 254/371/2298
f 2142/371/2299 2143/365/2299 263/365/2299 253/371/2299
f 2143/365/2300 2142/371/2300 254/371/2300 264/365/2300
f 2143/365/2301 2144/370/2301 255/370/2301 263/365/2301
f 2144/370/2302 2143/365/2302 264/365/2302 256/370/2302
f 2144/370/2303 2141/374/2303 243/374/2303 255/370/2303
f 2141/374/2304 2144/370/2304 256/370/2304 244/374/2304
f 2145/375/2305 2146/372/2305 251/372/2305 241/375/2305
f 2146/372/2306 2145/375/2306 242/375/2306 252/372/2306
f 2146/372/2307 2147/366/2307 261/366/2307 251/372/2307
f 2147/366/2308 2146/372/2308 252/372/2308 262/366/2308
f 2147/366/2309 2148/371/2309 253/371/2309 261/366/2309
f 2148/371/2310 2147/366/2310 262/366/2310 254/371/2310
f 2148/371/2311 2145/375/2311 241/375/2311 253/371/2311
f 2145/375/2312 2148/371/2312 254/371/2312 242/375/2312
f 2149/376/2313 2150/377/2313 249/377/2313 239/376/2313
f 2150/377/2314 2149/376/2314 240/376/2314 250/377/2314
f 2150/377/2315 2151/367/2315 259/367/2315 249/377/2315
f 2151/367/2316 2150/377/2316 250/377/2316 260/367/2316
f 2151/367/2317 2152/372/2317 251/372/2317 259/367/2317
f 2152/372/2318 2151/367/2318 260/367/2318 252/372/2318
f 2152/372/2319 2149/376/2319 239/376/2319 251/372/2319
f 2149/376/2320 2152/372/2320 252/372/2320 240/376/2320
f 2153/39/2321 2154/378/2321 887/378/2321 25/39/2321
f 2154/378/2322 2153/39/2322 26/39/2322 888/378/2322
f 2154/378/2323 2155/33/2323 21/33/2323 887/378/2323
f 2155/33/2324 2154/378/2324 888/378/2324 22/33/2324
f 2155/33/2325 2156/32/2325 247/32/2325 21/33/2325
f 2156/32/2326 2155/33/2326 22/33/2326 248/32/2326
f 2156/32/2327 2153/39/2327 25/39/2327 247/32/2327
f 2153/39/2328 2156/32/2328 248/32/2328 26/39/2328
f 2157/31/2329 2158/373/2329 245/373/2329 237/31/2329
f 2158/373/2330 2157/31/2330 238/31/2330 246/373/2330
f 2158/373/2331 2159/37/2331 257/37/2331 245/373/2331
f 2159/37/2332 2158/373/2332 246/373/2332 258/37/2332
f 2159/37/2333 2160/32/2333 247/32/2333 257/37/2333
f 2160/32/2334 2159/37/2334 258/37/2334 248/32/2334
f 2160/32/2335 2157/31/2335 237/31/2335 247/32/2335
f 2157/31/2336 2160/32/2336 248/32/2336 238/31/2336
f 2161/379/2337 2162/374/2337 243/374/2337 235/379/2337
f 2162/374/2338 2161/379/2338 236/379/2338 244/374/2338
f 2162/374/2339 2163/370/2339 255/370/2339 243/374/2339
f 2163/370/2340 2162/374/2340 244/374/2340 256/370/2340
f 2163/370/2341 2164/373/2341 245/373/2341 255/370/2341
f 2164/373/2342 2163/370/2342 256/370/2342 246/373/2342
f 2164/373/2343 2161/379/2343 235/379/2343 245/373/2343
f 2161/379/2344 2164/373/2344 246/373/2344 236/379/2344
f 2165/380/2345 2166/375/2345 241/375/2345 233/380/2345
f 2166/375/2346 2165/380/2346 234/380/2346 242/375/2346
f 2166/375/2347 2167/371/2347 253/371/2347 241/375/2347
f 2167/371/2348 2166/375/2348 242/375/2348 254/371/2348
f 2167/371/2349 2168/374/2349 243/374/2349 253/371/2349
f 2168/374/2350 2167/371/2350 254/371/2350 244/374/2350
f 2168/374/2351 2165/380/2351 233/380/2351 243/374/2351
f 2165/380/2352 2168/374/2352 244/374/2352 234/380/2352
f 2169/381/2353 2170/376/2353 239/376/2353 231/381/2353
f 2170/376/2354 2169/381/2354 232/381/2354 240/376/2354
f 2170/376/2355 2171/372/2355 251/372/2355 239/376/2355
f 2171/372/2356 2170/376/2356 240/376/2356 252/372/2356
f 2171/372/2357 2172/375/2357 241/375/2357 251/372/2357
f 2172/375/2358 2171/372/2358 252/372/2358 242/375/2358
f 2172/375/2359 2169/381/2359 231/381/2359 241/375/2359
f 2169/381/2360 2172/375/2360 242/375/2360 232/381/2360
f 2173/382/2361 2174/379/2361 235/379/2361 225/382/2361
f 2174/379/2362 2173/382/2362 226/382/2362 236/379/2362
f 2174/379/2363 2175/373/2363 245/373/2363 235/379/2363
f 2175/373/2364 2174/379/2364 236/379/2364 246/373/2364
f 2175/373/2365 2176/31/2365 237/31/2365 245/373/2365
f 2176/31/2366 2175/373/2366 246/373/2366 238/31/2366
f 2176/31/2367 2173/382/2367 225/382/2367 237/31/2367
f 2173/382/2368 2176/31/2368 238/31/2368 226/382/2368
f 2177/383/2369 2178/380/2369 233/380/2369 223/383/2369
f 2178/380/2370 2177/383/2370 224/383/2370 234/380/2370
f 2178/380/2371 2179/374/2371 243/374/2371 233/380/2371
f 2179/374/2372 2178/380/2372 234/380/2372 244/374/2372
f 2179/374/2373 2180/379/2373 235/379/2373 243/374/2373
f 2180/379/2374 2179/374/2374 244/374/2374 236/379/2374
f 2180/379/2375 2177/383/2375 223/383/2375 235/379/2375
f 2177/383/2376 2180/379/2376 236/379/2376 224/383/2376
f 2181/384/2377 2182/381/2377 231/381/2377 221/384/2377
f 2182/381/2378 2181/384/2378 222/384/2378 232/381/2378
f 2182/381/2379 2183/375/2379 241/375/2379 231/381/2379
f 2183/375/2380 2182/381/2380 232/381/2380 242/375/2380
f 2183/375/2381 2184/380/2381 233/380/2381 241/375/2381
f 2184/380/2382 2183/375/2382 242/375/2382 234/380/2382
f 2184/380/2383 2181/384/2383 221/384/2383 233/380/2383
f 2181/384/2384 2184/380/2384 234/380/2384 222/384/2384
f 2185/385/2385 2186/386/2385 229/386/2385 219/385/2385
f 2186/386/2386 2185/385/2386 220/385/2386 230/386/2386
f 2186/386/2387 2187/376/2387 239/376/2387 229/386/2387
f 2187/376/2388 2186/386/2388 230/386/2388 240/376/2388
f 2187/376/2389 2188/381/2389 231/381/2389 239/376/2389
f 2188/381/2390 2187/376/2390 240/376/2390 232/381/2390
f 2188/381/2391 2185/385/2391 219/385/2391 231/381/2391
f 2185/385/2392 2188/381/2392 232/381/2392 220/385/2392
f 2189/33/2393 2190/387/2393 857/387/2393 21/33/2393
f 2190/387/2394 2189/33/2394 22/33/2394 858/387/2394
f 2190/387/2395 2191/27/2395 17/27/2395 857/387/2395
f 2191/27/2396 2190/387/2396 858/387/2396 18/27/2396
f 2191/27/2397 2192/26/2397 227/26/2397 17/27/2397
f 2192/26/2398 2191/27/2398 18/27/2398 228/26/2398
f 2192/26/2399 2189/33/2399 21/33/2399 227/26/2399
f 2189/33/2400 2192/26/2400 228/26/2400 22/33/2400
f 2193/25/2401 2194/382/2401 225/382/2401 217/25/2401
f 2194/382/2402 2193/25/2402 218/25/2402 226/382/2402
f 2194/382/2403 2195/31/2403 237/31/2403 225/382/2403
f 2195/31/2404 2194/382/2404 226/382/2404 238/31/2404
f 2195/31/2405 2196/26/2405 227/26/2405 237/31/2405
f 2196/26/2406 2195/31/2406 238/31/2406 228/26/2406
f 2196/26/2407 2193/25/2407 217/25/2407 227/26/2407
f 2193/25/2408 2196/26/2408 228/26/2408 218/25/2408
f 2197/388/2409 2198/383/2409 223/383/2409 215/388/2409
f 2198/383/2410 2197/388/2410 216/388/2410 224/383/2410
f 2198/383/2411 2199/379/2411 235/379/2411 223/383/2411
f 2199/379/2412 2198/383/2412 224/383/2412 236/379/2412
f 2199/379/2413 2200/382/2413 225/382/2413 235/379/2413
f 2200/382/2414 2199/379/2414 236/379/2414 226/382/2414
f 2200/382/2415 2197/388/2415 215/388/2415 225/382/2415
f 2197/388/2416 2200/382/2416 226/382/2416 216/388/2416
f 2201/389/2417 2202/384/2417 221/384/2417 213/389/2417
f 2202/384/2418 2201/389/2418 214/389/2418 222/384/2418
f 2202/384/2419 2203/380/2419 233/380/2419 221/384/2419
f 2203/380/2420 2202/384/2420 222/384/2420 234/380/2420
f 2203/380/2421 2204/383/2421 223/383/2421 233/380/2421
f 2204/383/2422 2203/380/2422 234/380/2422 224/383/2422
f 2204/383/2423 2201/389/2423 213/389/2423 223/383/2423
f 2201/389/2424 2204/383/2424 224/383/2424 214/389/2424
f 2205/390/2425 2206/385/2425 219/385/2425 211/390/2425
f 2206/385/2426 2205/390/2426 212/390/2426 220/385/2426
f 2206/385/2427 2207/381/2427 231/381/2427 219/385/2427
f 2207/381/2428 2206/385/2428 220/385/2428 232/381/2428
f 2207/381/2429 2208/384/2429 221/384/2429 231/381/2429
f 2208/384/2430 2207/381/2430 232/381/2430 222/384/2430
f 2208/384/2431 2205/390/2431 211/390/2431 221/384/2431
f 2205/390/2432 2208/384/2432 222/384/2432 212/390/2432
f 2209/391/2433 2210/388/2433 215/388/2433 205/391/2433
f 2210/388/2434 2209/391/2434 206/391/2434 216/388/2434
f 2210/388/2435 2211/382/2435 225/382/2435 215/388/2435
f 2211/382/2436 2210/388/2436 216/388/2436 226/382/2436
f 2211/382/2437 2212/25/2437 217/25/2437 225/382/2437
f 2212/25/2438 2211/382/2438 226/382/2438 218/25/2438
f 2212/25/2439 2209/391/2439 205/391/2439 217/25/2439
f 2209/391/2440 2212/25/2440 218/25/2440 206/391/2440
f 2213/392/2441 2214/389/2441 213/389/2441 203/392/2441
f 2214/389/2442 2213/392/2442 204/392/2442 214/389/2442
f 2214/389/2443 2215/383/2443 223/383/2443 213/389/2443
f 2215/383/2444 2214/389/2444 214/389/2444 224/383/2444
f 2215/383/2445 2216/388/2445 215/388/2445 223/383/2445
f 2216/388/2446 2215/383/2446 224/383/2446 216/388/2446
f 2216/388/2447 2213/392/2447 203/392/2447 215/388/2447
f 2213/392/2448 2216/388/2448 216/388/2448 204/392/2448
f 2217/393/2449 2218/390/2449 211/390/2449 201/393/2449
f 2218/390/2450 2217/393/2450 202/393/2450 212/390/2450
f 2218/390/2451 2219/384/2451 221/384/2451 211/390/2451
f 2219/384/2452 2218/390/2452 212/390/2452 222/384/2452
f 2219/384/2453 2220/389/2453 213/389/2453 221/384/2453
f 2220/389/2454 2219/384/2454 222/384/2454 214/389/2454
f 2220/389/2455 2217/393/2455 201/393/2455 213/389/2455
f 2217/393/2456 2220/389/2456 214/389/2456 202/393/2456
f 2221/394/2457 2222/395/2457 209/395/2457 199/394/2457
f 2222/395/2458 2221/394/2458 200/394/2458 210/395/2458
f 2222/395/2459 2223/385/2459 219/385/2459 209/395/2459
f 2223/385/2460 2222/395/2460 210/395/2460 220/385/2460
f 2223/385/2461 2224/390/2461 211/390/2461 219/385/2461
f 2224/390/2462 2223/385/2462 220/385/2462 212/390/2462
f 2224/390/2463 2221/394/2463 199/394/2463 211/390/2463
f 2221/394/2464 2224/390/2464 212/390/2464 200/394/2464
f 2225/27/2465 2226/396/2465 827/396/2465 17/27/2465
f 2226/396/2466 2225/27/2466 18/27/2466 828/396/2466
f 2226/396/2467 2227/21/2467 13/21/2467 827/396/2467
f 2227/21/2468 2226/396/2468 828/396/2468 14/21/2468
f 2227/21/2469 2228/20/2469 207/20/2469 13/21/2469
f 2228/20/2470 2227/21/2470 14/21/2470 208/20/2470
f 2228/20/2471 2225/27/2471 17/27/2471 207/20/2471
f 2225/27/2472 2228/20/2472 208/20/2472 18/27/2472
f 2229/19/2473 2230/391/2473 205/391/2473 197/19/2473
f 2230/391/2474 2229/19/2474 198/19/2474 206/391/2474
f 2230/391/2475 2231/25/2475 217/25/2475 205/391/2475
f 2231/25/2476 2230/391/2476 206/391/2476 218/25/2476
f 2231/25/2477 2232/20/2477 207/20/2477 217/25/2477
f 2232/20/2478 2231/25/2478 218/25/2478 208/20/2478
f 2232/20/2479 2229/19/2479 197/19/2479 207/20/2479
f 2229/19/2480 2232/20/2480 208/20/2480 198/19/2480
f 2233/397/2481 2234/392/2481 203/392/2481 195/397/2481
f 2234/392/2482 2233/397/2482 196/397/2482 204/392/2482
f 2234/392/2483 2235/388/2483 215/388/2483 203/392/2483
f 2235/388/2484 2234/392/2484 204/392/2484 216/388/2484
f 2235/388/2485 2236/391/2485 205/391/2485 215/388/2485
f 2236/391/2486 2235/388/2486 216/388/2486 206/391/2486
f 2236/391/2487 2233/397/2487 195/397/2487 205/391/2487
f 2233/397/2488 2236/391/2488 206/391/2488 196/397/2488
f 2237/398/2489 2238/393/2489 201/393/2489 193/398/2489
f 2238/393/2490 2237/398/2490 194/398/2490 202/393/2490
f 2238/393/2491 2239/389/2491 213/389/2491 201/393/2491
f 2239/389/2492 2238/393/2492 202/393/2492 214/389/2492
f 2239/389/2493 2240/392/2493 203/392/2493 213/389/2493
f 2240/392/2494 2239/389/2494 214/389/2494 204/392/2494
f 2240/392/2495 2237/398/2495 193/398/2495 203/392/2495
f 2237/398/2496 2240/392/2496 204/392/2496 194/398/2496
f 2241/399/2497 2242/394/2497 199/394/2497 191/399/2497
f 2242/394/2498 2241/399/2498 192/399/2498 200/394/2498
f 2242/394/2499 2243/390/2499 211/390/2499 199/394/2499
f 2243/390/2500 2242/394/2500 200/394/2500 212/390/2500
f 2243/390/2501 2244/393/2501 201/393/2501 211/390/2501
f 2244/393/2502 2243/390/2502 212/390/2502 202/393/2502
f 2244/393/2503 2241/399/2503 191/399/2503 201/393/2503
f 2241/399/2504 2244/393/2504 202/393/2504 192/399/2504
f 2245/400/2505 2246/397/2505 195/397/2505 185/400/2505
f 2246/397/2506 2245/400/2506 186/400/2506 196/397/2506
f 2246/397/2507 2247/391/2507 205/391/2507 195/397/2507
f 2247/391/2508 2246/397/2508 196/397/2508 206/391/2508
f 2247/391/2509 2248/19/2509 197/19/2509 205/391/2509
f 2248/19/2510 2247/391/2510 206/391/2510 198/19/2510
f 2248/19/2511 2245/400/2511 185/400/2511 197/19/2511
f 2245/400/2512 2248/19/2512 198/19/2512 186/400/2512
f 2249/401/2513 2250/398/2513 193/398/2513 183/401/2513
f 2250/398/2514 2249/401/2514 184/401/2514 194/398/2514
f 2250/398/2515 2251/392/2515 203/392/2515 193/398/2515
f 2251/392/2516 2250/398/2516 194/398/2516 204/392/2516
f 2251/392/2517 2252/397/2517 195/397/2517 203/392/2517
f 2252/397/2518 2251/392/2518 204/392/2518 196/397/2518
f 2252/397/2519 2249/401/2519 183/401/2519 195/397/2519
f 2249/401/2520 2252/397/2520 196/397/2520 184/401/2520
f 2253/402/2521 2254/399/2521 191/399/2521 181/402/2521
f 2254/399/2522 2253/402/2522 182/402/2522 192/399/2522
f 2254/399/2523 2255/393/2523 201/393/2523 191/399/2523
f 2255/393/2524 2254/399/2524 192/399/2524 202/393/2524
f 2255/393/2525 2256/398/2525 193/398/2525 201/393/2525
f 2256/398/2526 2255/393/2526 202/393/2526 194/398/2526
f 2256/398/2527 2253/402/2527 181/402/2527 193/398/2527
f 2253/402/2528 2256/398/2528 194/398/2528 182/402/2528
f 2257/403/2529 2258/404/2529 189/404/2529 179/403/2529
f 2258/404/2530 2257/403/2530 180/403/2530 190/404/2530
f 2258/404/2531 2259/394/2531 199/394/2531 189/404/2531
f 2259/394/2532 2258/404/2532 190/404/2532 200/394/2532
f 2259/394/2533 2260/399/2533 191/399/2533 199/394/2533
f 2260/399/2534 2259/394/2534 200/394/2534 192/399/2534
f 2260/399/2535 2257/403/2535 179/403/2535 191/399/2535
f 2257/403/2536 2260/399/2536 192/399/2536 180/403/2536
f 2261/21/2537 2262/405/2537 797/405/2537 13/21/2537
f 2262/405/2538 2261/21/2538 14/21/2538 798/405/2538
f 2262/405/2539 2263/15/2539 9/15/2539 797/405/2539
f 2263/15/2540 2262/405/2540 798/405/2540 10/15/2540
f 2263/15/2541 2264/14/2541 187/14/2541 9/15/2541
f 2264/14/2542 2263/15/2542 10/15/2542 188/14/2542
f 2264/14/2543 2261/21/2543 13/21/2543 187/14/2543
f 2261/21/2544 2264/14/2544 188/14/2544 14/21/2544
f 2265/13/2545 2266/400/2545 185/400/2545 177/13/2545
f 2266/400/2546 2265/13/2546 178/13/2546 186/400/2546
f 2266/400/2547 2267/19/2547 197/19/2547 185/400/2547
f 2267/19/2548 2266/400/2548 186/400/2548 198/19/2548
f 2267/19/2549 2268/14/2549 187/14/2549 197/19/2549
f 2268/14/2550 2267/19/2550 198/19/2550 188/14/2550
f 2268/14/2551 2265/13/2551 177/13/2551 187/14/2551
f 2265/13/2552 2268/14/2552 188/14/2552 178/13/2552
f 2269/406/2553 2270/401/2553 183/401/2553 175/406/2553
f 2270/401/2554 2269/406/2554 176/406/2554 184/401/2554
f 2270/401/2555 2271/397/2555 195/397/2555 183/401/2555
f 2271/397/2556 2270/401/2556 184/401/2556 196/397/2556
f 2271/397/2557 2272/400/2557 185/400/2557 195/397/2557
f 2272/400/2558 2271/397/2558 196/397/2558 186/400/2558
f 2272/400/2559 2269/406/2559 175/406/2559 185/400/2559
f 2269/406/2560 2272/400/2560 186/400/2560 176/406/2560
f 2273/407/2561 2274/402/2561 181/402/2561 173/407/2561
f 2274/402/2562 2273/407/2562 174/407/2562 182/402/2562
f 2274/402/2563 2275/398/2563 193/398/2563 181/402/2563
f 2275/398/2564 2274/402/2564 182/402/2564 194/398/2564
f 2275/398/2565 2276/401/2565 183/401/2565 193/398/2565
f 2276/401/2566 2275/398/2566 194/398/2566 184/401/2566
f 2276/401/2567 2273/407/2567 173/407/2567 183/401/2567
f 2273/407/2568 2276/401/2568 184/401/2568 174/407/2568
f 2277/408/2569 2278/403/2569 179/403/2569 171/408/2569
f 2278/403/2570 2277/408/2570 172/408/2570 180/403/2570
f 2278/403/2571 2279/399/2571 191/399/2571 179/403/2571
f 2279/399/2572 2278/403/2572 180/403/2572 192/399/2572
f 2279/399/2573 2280/402/2573 181/402/2573 191/399/2573
f 2280/402/2574 2279/399/2574 192/399/2574 182/402/2574
f 2280/402/2575 2277/408/2575 171/408/2575 181/402/2575
f 2277/408/2576 2280/402/2576 182/402/2576 172/408/2576
f 2281/409/2577 2282/406/2577 175/406/2577 165/409/2577
f 2282/406/2578 2281/409/2578 166/409/2578 176/406/2578
f 2282/406/2579 2283/400/2579 185/400/2579 175/406/2579
f 2283/400/2580 2282/406/2580 176/406/2580 186/400/2580
f 2283/400/2581 2284/13/2581 177/13/2581 185/400/2581
f 2284/13/2582 2283/400/2582 186/400/2582 178/13/2582
f 2284/13/2583 2281/409/2583 165/409/2583 177/13/2583
f 2281/409/2584 2284/13/2584 178/13/2584 166/409/2584
f 2285/410/2585 2286/407/2585 173/407/2585 163/410/2585
f 2286/407/2586 2285/410/2586 164/410/2586 174/407/2586
f 2286/407/2587 2287/401/2587 183/401/2587 173/407/2587
f 2287/401/2588 2286/407/2588 174/407/2588 184/401/2588
f 2287/401/2589 2288/406/2589 175/406/2589 183/401/2589
f 2288/406/2590 2287/401/2590 184/401/2590 176/406/2590
f 2288/406/2591 2285/410/2591 163/410/2591 175/406/2591
f 2285/410/2592 2288/406/2592 176/406/2592 164/410/2592
f 2289/411/2593 2290/408/2593 171/408/2593 161/411/2593
f 2290/408/2594 2289/411/2594 162/411/2594 172/408/2594
f 2290/408/2595 2291/402/2595 181/402/2595 171/408/2595
f 2291/402/2596 2290/408/2596 172/408/2596 182/402/2596
f 2291/402/2597 2292/407/2597 173/407/2597 181/402/2597
f 2292/407/2598 2291/402/2598 182/402/2598 174/407/2598
f 2292/407/2599 2289/411/2599 161/411/2599 173/407/2599
f 2289/411/2600 2292/407/2600 174/407/2600 162/411/2600
f 2293/412/2601 2294/413/2601 169/413/2601 159/412/2601
f 2294/413/2602 2293/412/2602 160/412/2602 170/413/2602
f 2294/413/2603 2295/403/2603 179/403/2603 169/413/2603
f 2295/403/2604 2294/413/2604 170/413/2604 180/403/2604
f 2295/403/2605 2296/408/2605 171/408/2605 179/403/2605
f 2296/408/2606 2295/403/2606 180/403/2606 172/408/2606
f 2296/408/2607 2293/412/2607 159/412/2607 171/408/2607
f 2293/412/2608 2296/408/2608 172/408/2608 160/412/2608
f 2297/412/2609 2298/414/2609 149/414/2609 159/412/2609
f 2298/414/2610 2297/412/2610 160/412/2610 150/414/2610
f 2298/414/2611 2299/415/2611 7/415/2611 149/414/2611
f 2299/415/2612 2298/414/2612 150/414/2612 8/415/2612
f 2299/415/2613 2300/413/2613 169/413/2613 7/415/2613
f 2300/413/2614 2299/415/2614 8/415/2614 170/413/2614
f 2300/413/2615 2297/412/2615 159/412/2615 169/413/2615
f 2297/412/2616 2300/413/2616 170/413/2616 160/412/2616
f 2301/5/2617 2302/409/2617 165/409/2617 157/5/2617
f 2302/409/2618 2301/5/2618 158/5/2618 166/409/2618
f 2302/409/2619 2303/13/2619 177/13/2619 165/409/2619
f 2303/13/2620 2302/409/2620 166/409/2620 178/13/2620
f 2303/13/2621 2304/6/2621 167/6/2621 177/13/2621
f 2304/6/2622 2303/13/2622 178/13/2622 168/6/2622
f 2304/6/2623 2301/5/2623 157/5/2623 167/6/2623
f 2301/5/2624 2304/6/2624 168/6/2624 158/5/2624
f 2305/416/2625 2306/410/2625 163/410/2625 155/416/2625
f 2306/410/2626 2305/416/2626 156/416/2626 164/410/2626
f 2306/410/2627 2307/406/2627 175/406/2627 163/410/2627
f 2307/406/2628 2306/410/2628 164/410/2628 176/406/2628
f 2307/406/2629 2308/409/2629 165/409/2629 175/406/2629
f 2308/409/2630 2307/406/2630 176/406/2630 166/409/2630
f 2308/409/2631 2305/416/2631 155/416/2631 165/409/2631
f 2305/416/2632 2308/409/2632 166/409/2632 156/416/2632
f 2309/417/2633 2310/411/2633 161/411/2633 153/417/2633
f 2310/411/2634 2309/417/2634 154/417/2634 162/411/2634
f 2310/411/2635 2311/407/2635 173/407/2635 161/411/2635
f 2311/407/2636 2310/411/2636 162/411/2636 174/407/2636
f 2311/407/2637 2312/410/2637 163/410/2637 173/407/2637
f 2312/410/2638 2311/407/2638 174/407/2638 164/410/2638
f 2312/410/2639 2309/417/2639 153/417/2639 163/410/2639
f 2309/417/2640 2312/410/2640 164/410/2640 154/417/2640
f 2313/418/2641 2314/412/2641 159/412/2641 151/418/2641
f 2314/412/2642 2313/418/2642 152/418/2642 160/412/2642
f 2314/412/2643 2315/408/2643 171/408/2643 159/412/2643
f 2315/408/2644 2314/412/2644 160/412/2644 172/408/2644
f 2315/408/2645 2316/411/2645 161/411/2645 171/408/2645
f 2316/411/2646 2315/408/2646 172/408/2646 162/411/2646
f 2316/411/2647 2313/418/2647 151/418/2647 161/411/2647
f 2313/418/2648 2316/411/2648 162/411/2648 152/418/2648
f 2317/144/2649 2318/416/2649 155/416/2649 145/144/2649
f 2318/416/2650 2317/144/2650 146/144/2650 156/416/2650
f 2318/416/2651 2319/409/2651 165/409/2651 155/416/2651
f 2319/409/2652 2318/416/2652 156/416/2652 166/409/2652
f 2319/409/2653 2320/5/2653 157/5/2653 165/409/2653
f 2320/5/2654 2319/409/2654 166/409/2654 158/5/2654
f 2320/5/2655 2317/144/2655 145/144/2655 157/5/2655
f 2317/144/2656 2320/5/2656 158/5/2656 146/144/2656
f 2321/150/2657 2322/417/2657 153/417/2657 143/150/2657
f 2322/417/2658 2321/150/2658 144/150/2658 154/417/2658
f 2322/417/2659 2323/410/2659 163/410/2659 153/417/2659
f 2323/410/2660 2322/417/2660 154/417/2660 164/410/2660
f 2323/410/2661 2324/416/2661 155/416/2661 163/410/2661
f 2324/416/2662 2323/410/2662 164/410/2662 156/416/2662
f 2324/416/2663 2321/150/2663 143/150/2663 155/416/2663
f 2321/150/2664 2324/416/2664 156/416/2664 144/150/2664
f 2325/155/2665 2326/418/2665 151/418/2665 141/155/2665
f 2326/418/2666 2325/155/2666 142/155/2666 152/418/2666
f 2326/418/2667 2327/411/2667 161/411/2667 151/418/2667
f 2327/411/2668 2326/418/2668 152/418/2668 162/411/2668
f 2327/411/2669 2328/417/2669 153/417/2669 161/411/2669
f 2328/417/2670 2327/411/2670 162/411/2670 154/417/2670
f 2328/417/2671 2325/155/2671 141/155/2671 153/417/2671
f 2325/155/2672 2328/417/2672 154/417/2672 142/155/2672
f 2329/157/2673 2330/414/2673 149/414/2673 139/157/2673
f 2330/414/2674 2329/157/2674 140/157/2674 150/414/2674
f 2330/414/2675 2331/412/2675 159/412/2675 149/414/2675
f 2331/412/2676 2330/414/2676 150/414/2676 160/412/2676
f 2331/412/2677 2332/418/2677 151/418/2677 159/412/2677
f 2332/418/2678 2331/412/2678 160/412/2678 152/418/2678
f 2332/418/2679 2329/157/2679 139/157/2679 151/418/2679
f 2329/157/2680 2332/418/2680 152/418/2680 140/157/2680
f 2333/7/2681 2334/419/2681 781/419/2681 5/7/2681
f 2334/419/2682 2333/7/2682 6/7/2682 782/419/2682
f 2334/419/2683 2335/420/2683 1/420/2683 781/419/2683
f 2335/420/2684 2334/419/2684 782/419/2684 2/420/2684
f 2335/420/2685 2336/8/2685 147/8/2685 1/420/2685
f 2336/8/2686 2335/420/2686 2/420/2686 148/8/2686
f 2336/8/2687 2333/7/2687 5/7/2687 147/8/2687
f 2333/7/2688 2336/8/2688 148/8/2688 6/7/2688
f 2337/167/2689 2338/144/2689 145/144/2689 129/167/2689
f 2338/144/2690 2337/167/2690 130/167/2690 146/144/2690
f 2338/144/2691 2339/5/2691 157/5/2691 145/144/2691
f 2339/5/2692 2338/144/2692 146/144/2692 158/5/2692
f 2339/5/2693 2340/8/2693 147/8/2693 157/5/2693
f 2340/8/2694 2339/5/2694 158/5/2694 148/8/2694
f 2340/8/2695 2337/167/2695 129/167/2695 147/8/2695
f 2337/167/2696 2340/8/2696 148/8/2696 130/167/2696
f 2341/143/2697 2342/150/2697 143/150/2697 131/143/2697
f 2342/150/2698 2341/143/2698 132/143/2698 144/150/2698
f 2342/150/2699 2343/416/2699 155/416/2699 143/150/2699
f 2343/416/2700 2342/150/2700 144/150/2700 156/416/2700
f 2343/416/2701 2344/144/2701 145/144/2701 155/416/2701
f 2344/144/2702 2343/416/2702 156/416/2702 146/144/2702
f 2344/144/2703 2341/143/2703 131/143/2703 145/144/2703
f 2341/143/2704 2344/144/2704 146/144/2704 132/143/2704
f 2345/149/2705 2346/155/2705 141/155/2705 133/149/2705
f 2346/155/2706 2345/149/2706 134/149/2706 142/155/2706
f 2346/155/2707 2347/417/2707 153/417/2707 141/155/2707
f 2347/417/2708 2346/155/2708 142/155/2708 154/417/2708
f 2347/417/2709 2348/150/2709 143/150/2709 153/417/2709
f 2348/150/2710 2347/417/2710 154/417/2710 144/150/2710
f 2348/150/2711 2345/149/2711 133/149/2711 143/150/2711
f 2345/149/2712 2348/150/2712 144/150/2712 134/149/2712
f 2349/154/2713 2350/157/2713 139/157/2713 135/154/2713
f 2350/157/2714 2349/154/2714 136/154/2714 140/157/2714
f 2350/157/2715 2351/418/2715 151/418/2715 139/157/2715
f 2351/418/2716 2350/157/2716 140/157/2716 152/418/2716
f 2351/418/2717 2352/155/2717 141/155/2717 151/418/2717
f 2352/155/2718 2351/418/2718 152/418/2718 142/155/2718
f 2352/155/2719 2349/154/2719 135/154/2719 141/155/2719
f 2349/154/2720 2352/155/2720 142/155/2720 136/154/2720
f 2353/209/2721 2354/421/2721 107/421/2721 103/209/2721
f 2354/421/2722 2353/209/2722 104/209/2722 108/421/2722
f 2354/421/2723 2355/207/2723 649/207/2723 107/421/2723
f 2355/207/2724 2354/421/2724 108/421/2724 650/207/2724
f 2355/207/2725 2353/209/2725 103/209/2725 649/207/2725
f 2353/209/2726 2355/207/2726 650/207/2726 104/209/2726
f 2356/216/2727 2357/224/2727 609/224/2727 619/216/2727
f 2357/224/2728 2356/216/2728 620/216/2728 610/224/2728
f 2357/224/2729 2358/422/2729 99/422/2729 609/224/2729
f 2358/422/2730 2357/224/2730 610/224/2730 100/422/2730
f 2358/422/2731 2359/208/2731 629/208/2731 99/422/2731
f 2359/208/2732 2358/422/2732 100/422/2732 630/208/2732
f 2359/208/2733 2356/216/2733 619/216/2733 629/208/2733
f 2356/216/2734 2359/208/2734 630/208/2734 620/216/2734
f 2360/422/2735 2361/209/2735 103/209/2735 99/422/2735
f 2361/209/2736 2360/422/2736 100/422/2736 104/209/2736
f 2361/209/2737 2362/208/2737 629/208/2737 103/209/2737
f 2362/208/2738 2361/209/2738 104/209/2738 630/208/2738
f 2362/208/2739 2360/422/2739 99/422/2739 629/208/2739
f 2360/422/2740 2362/208/2740 630/208/2740 100/422/2740
f 2363/223/2741 2364/232/2741 589/232/2741 599/223/2741
f 2364/232/2742 2363/223/2742 600/223/2742 590/232/2742
f 2364/232/2743 2365/423/2743 95/423/2743 589/232/2743
f 2365/423/2744 2364/232/2744 590/232/2744 96/423/2744
f 2365/423/2745 2366/224/2745 609/224/2745 95/423/2745
f 2366/224/2746 2365/423/2746 96/423/2746 610/224/2746
f 2366/224/2747 2363/223/2747 599/223/2747 609/224/2747
f 2363/223/2748 2366/224/2748 610/224/2748 600/223/2748
f 2367/423/2749 2368/422/2749 99/422/2749 95/423/2749
f 2368/422/2750 2367/423/2750 96/423/2750 100/422/2750
f 2368/422/2751 2369/224/2751 609/224/2751 99/422/2751
f 2369/224/2752 2368/422/2752 100/422/2752 610/224/2752
f 2369/224/2753 2367/423/2753 95/423/2753 609/224/2753
f 2367/423/2754 2369/224/2754 610/224/2754 96/423/2754
f 2370/231/2755 2371/240/2755 569/240/2755 579/231/2755
f 2371/240/2756 2370/231/2756 580/231/2756 570/240/2756
f 2371/240/2757 2372/424/2757 91/424/2757 569/240/2757
f 2372/424/2758 2371/240/2758 570/240/2758 92/424/2758
f 2372/424/2759 2373/232/2759 589/232/2759 91/424/2759
f 2373/232/2760 2372/424/2760 92/424/2760 590/232/2760
f 2373/232/2761 2370/231/2761 579/231/2761 589/232/2761
f 2370/231/2762 2373/232/2762 590/232/2762 580/231/2762
f 2374/424/2763 2375/423/2763 95/423/2763 91/424/2763
f 2375/423/2764 2374/424/2764 92/424/2764 96/423/2764
f 2375/423/2765 2376/232/2765 589/232/2765 95/423/2765
f 2376/232/2766 2375/423/2766 96/423/2766 590/232/2766
f 2376/232/2767 2374/424/2767 91/424/2767 589/232/2767
f 2374/424/2768 2376/232/2768 590/232/2768 92/424/2768
f 2377/239/2769 2378/248/2769 549/248/2769 559/239/2769
f 2378/248/2770 2377/239/2770 560/239/2770 550/248/2770
f 2378/248/2771 2379/425/2771 87/425/2771 549/248/2771
f 2379/425/2772 2378/248/2772 550/248/2772 88/425/2772
f 2379/425/2773 2380/240/2773 569/240/2773 87/425/2773
f 2380/240/2774 2379/425/2774 88/425/2774 570/240/2774
f 2380/240/2775 2377/239/2775 559/239/2775 569/240/2775
f 2377/239/2776 2380/240/2776 570/240/2776 560/239/2776
f 2381/425/2777 2382/424/2777 91/424/2777 87/425/2777
f 2382/424/2778 2381/425/2778 88/425/2778 92/424/2778
f 2382/424/2779 2383/240/2779 569/240/2779 91/424/2779
f 2383/240/2780 2382/424/2780 92/424/2780 570/240/2780
f 2383/240/2781 2381/425/2781 87/425/2781 569/240/2781
f 2381/425/2782 2383/240/2782 570/240/2782 88/425/2782
f 2384/247/2783 2385/256/2783 529/256/2783 539/247/2783
f 2385/256/2784 2384/247/2784 540/247/2784 530/256/2784
f 2385/256/2785 2386/426/2785 83/426/2785 529/256/2785
f 2386/426/2786 2385/256/2786 530/256/2786 84/426/2786
f 2386/426/2787 2387/248/2787 549/248/2787 83/426/2787
f 2387/248/2788 2386/426/2788 84/426/2788 550/248/2788
f 2387/248/2789 2384/247/2789 539/247/2789 549/248/2789
f 2384/247/2790 2387/248/2790 550/248/2790 540/247/2790
f 2388/426/2791 2389/425/2791 87/425/2791 83/426/2791
f 2389/425/2792 2388/426/2792 84/426/2792 88/425/2792
f 2389/425/2793 2390/248/2793 549/248/2793 87/425/2793
f 2390/248/2794 2389/425/2794 88/425/2794 550/248/2794
f 2390/248/2795 2388/426/2795 83/426/2795 549/248/2795
f 2388/426/2796 2390/248/2796 550/248/2796 84/426/2796
f 2391/255/2797 2392/264/2797 509/264/2797 519/255/2797
f 2392/264/2798 2391/255/2798 520/255/2798 510/264/2798
f 2392/264/2799 2393/427/2799 79/427/2799 509/264/2799
f 2393/427/2800 2392/264/2800 510/264/2800 80/427/2800
f 2393/427/2801 2394/256/2801 529/256/2801 79/427/2801
f 2394/256/2802 2393/427/2802 80/427/2802 530/256/2802
f 2394/256/2803 2391/255/2803 519/255/2803 529/256/2803
f 2391/255/2804 2394/256/2804 530/256/2804 520/255/2804
f 2395/427/2805 2396/426/2805 83/426/2805 79/427/2805
f 2396/426/2806 2395/427/2806 80/427/2806 84/426/2806
f 2396/426/2807 2397/256/2807 529/256/2807 83/426/2807
f 2397/256/2808 2396/426/2808 84/426/2808 530/256/2808
f 2397/256/2809 2395/427/2809 79/427/2809 529/256/2809
f 2395/427/2810 2397/256/2810 530/256/2810 80/427/2810
f 2398/263/2811 2399/272/2811 489/272/2811 499/263/2811
f 2399/272/2812 2398/263/2812 500/263/2812 490/272/2812
f 2399/272/2813 2400/428/2813 75/428/2813 489/272/2813
f 2400/428/2814 2399/272/2814 490/272/2814 76/428/2814
f 2400/428/2815 2401/264/2815 509/264/2815 75/428/2815
f 2401/264/2816 2400/428/2816 76/428/2816 510/264/2816
f 2401/264/2817 2398/263/2817 499/263/2817 509/264/2817
f 2398/263/2818 2401/264/2818 510/264/2818 500/263/2818
f 2402/428/2819 2403/427/2819 79/427/2819 75/428/2819
f 2403/427/2820 2402/428/2820 76/428/2820 80/427/2820
f 2403/427/2821 2404/264/2821 509/264/2821 79/427/2821
f 2404/264/2822 2403/427/2822 80/427/2822 510/264/2822
f 2404/264/2823 2402/428/2823 75/428/2823 509/264/2823
f 2402/428/2824 2404/264/2824 510/264/2824 76/428/2824
f 2405/274/2825 2406/428/2825 75/428/2825 71/274/2825
f 2406/428/2826 2405/274/2826 72/274/2826 76/428/2826
f 2406/428/2827 2407/272/2827 489/272/2827 75/428/2827
f 2407/272/2828 2406/428/2828 76/428/2828 490/272/2828
f 2407/272/2829 2405/274/2829 71/274/2829 489/272/2829
f 2405/274/2830 2407/272/2830 490/272/2830 72/274/2830
f 2408/198/2831 2409/207/2831 649/207/2831 659/198/2831
f 2409/207/2832 2408/198/2832 660/198/2832 650/207/2832
f 2409/207/2833 2410/421/2833 107/421/2833 649/207/2833
f 2410/421/2834 2409/207/2834 650/207/2834 108/421/2834
f 2410/421/2835 2411/199/2835 669/199/2835 107/421/2835
f 2411/199/2836 2410/421/2836 108/421/2836 670/199/2836
f 2411/199/2837 2408/198/2837 659/198/2837 669/199/2837
f 2408/198/2838 2411/199/2838 670/199/2838 660/198/2838
f 2412/12/2839 2413/11/2839 787/11/2839 803/12/2839
f 2413/11/2840 2412/12/2840 804/12/2840 788/11/2840
f 2413/11/2841 2414/182/2841 773/182/2841 787/11/2841
f 2414/182/2842 2413/11/2842 788/11/2842 774/182/2842
f 2414/182/2843 2415/429/2843 789/429/2843 773/182/2843
f 2415/429/2844 2414/182/2844 774/182/2844 790/429/2844
f 2415/429/2845 2412/12/2845 803/12/2845 789/429/2845
f 2412/12/2846 2415/429/2846 790/429/2846 804/12/2846
f 2416/18/2847 2417/9/2847 817/9/2847 833/18/2847
f 2417/9/2848 2416/18/2848 834/18/2848 818/9/2848
f 2417/9/2849 2418/12/2849 803/12/2849 817/9/2849
f 2418/12/2850 2417/9/2850 818/9/2850 804/12/2850
f 2418/12/2851 2419/430/2851 819/430/2851 803/12/2851
f 2419/430/2852 2418/12/2852 804/12/2852 820/430/2852
f 2419/430/2853 2416/18/2853 833/18/2853 819/430/2853
f 2416/18/2854 2419/430/2854 820/430/2854 834/18/2854
f 2420/24/2855 2421/16/2855 847/16/2855 863/24/2855
f 2421/16/2856 2420/24/2856 864/24/2856 848/16/2856
f 2421/16/2857 2422/18/2857 833/18/2857 847/16/2857
f 2422/18/2858 2421/16/2858 848/16/2858 834/18/2858
f 2422/18/2859 2423/431/2859 849/431/2859 833/18/2859
f 2423/431/2860 2422/18/2860 834/18/2860 850/431/2860
f 2423/431/2861 2420/24/2861 863/24/2861 849/431/2861
f 2420/24/2862 2423/431/2862 850/431/2862 864/24/2862
f 2424/30/2863 2425/22/2863 877/22/2863 893/30/2863
f 2425/22/2864 2424/30/2864 894/30/2864 878/22/2864
f 2425/22/2865 2426/24/2865 863/24/2865 877/22/2865
f 2426/24/2866 2425/22/2866 878/22/2866 864/24/2866
f 2426/24/2867 2427/432/2867 879/432/2867 863/24/2867
f 2427/432/2868 2426/24/2868 864/24/2868 880/432/2868
f 2427/432/2869 2424/30/2869 893/30/2869 879/432/2869
f 2424/30/2870 2427/432/2870 880/432/2870 894/30/2870
f 2428/36/2871 2429/28/2871 907/28/2871 923/36/2871
f 2429/28/2872 2428/36/2872 924/36/2872 908/28/2872
f 2429/28/2873 2430/30/2873 893/30/2873 907/28/2873
f 2430/30/2874 2429/28/2874 908/28/2874 894/30/2874
f 2430/30/2875 2431/433/2875 909/433/2875 893/30/2875
f 2431/433/2876 2430/30/2876 894/30/2876 910/433/2876
f 2431/433/2877 2428/36/2877 923/36/2877 909/433/2877
f 2428/36/2878 2431/433/2878 910/433/2878 924/36/2878
f 2432/42/2879 2433/34/2879 937/34/2879 953/42/2879
f 2433/34/2880 2432/42/2880 954/42/2880 938/34/2880
f 2433/34/2881 2434/36/2881 923/36/2881 937/34/2881
f 2434/36/2882 2433/34/2882 938/34/2882 924/36/2882
f 2434/36/2883 2435/434/2883 939/434/2883 923/36/2883
f 2435/434/2884 2434/36/2884 924/36/2884 940/434/2884
f 2435/434/2885 2432/42/2885 953/42/2885 939/434/2885
f 2432/42/2886 2435/434/2886 940/434/2886 954/42/2886
f 2436/48/2887 2437/40/2887 967/40/2887 983/48/2887
f 2437/40/2888 2436/48/2888 984/48/2888 968/40/2888
f 2437/40/2889 2438/42/2889 953/42/2889 967/40/2889
f 2438/42/2890 2437/40/2890 968/40/2890 954/42/2890
f 2438/42/2891 2439/435/2891 969/435/2891 953/42/2891
f 2439/435/2892 2438/42/2892 954/42/2892 970/435/2892
f 2439/435/2893 2436/48/2893 983/48/2893 969/435/2893
f 2436/48/2894 2439/435/2894 970/435/2894 984/48/2894
f 2440/281/2895 2441/289/2895 449/289/2895 459/281/2895
f 2441/289/2896 2440/281/2896 460/281/2896 450/289/2896
f 2441/289/2897 2442/436/2897 67/436/2897 449/289/2897
f 2442/436/2898 2441/289/2898 450/289/2898 68/436/2898
f 2442/436/2899 2443/273/2899 469/273/2899 67/436/2899
f 2443/273/2900 2442/436/2900 68/436/2900 470/273/2900
f 2443/273/2901 2440/281/2901 459/281/2901 469/273/2901
f 2440/281/2902 2443/273/2902 470/273/2902 460/281/2902
f 2444/421/2903 2445/437/2903 111/437/2903 107/421/2903
f 2445/437/2904 2444/421/2904 108/421/2904 112/437/2904
f 2445/437/2905 2446/199/2905 669/199/2905 111/437/2905
f 2446/199/2906 2445/437/2906 112/437/2906 670/199/2906
f 2446/199/2907 2444/421/2907 107/421/2907 669/199/2907
f 2444/421/2908 2446/199/2908 670/199/2908 108/421/2908
f 2447/430/2909 2448/12/2909 803/12/2909 819/430/2909
f 2448/12/2910 2447/430/2910 820/430/2910 804/12/2910
f 2448/12/2911 2449/429/2911 789/429/2911 803/12/2911
f 2449/429/2912 2448/12/2912 804/12/2912 790/429/2912
f 2449/429/2913 2450/438/2913 805/438/2913 789/429/2913
f 2450/438/2914 2449/429/2914 790/429/2914 806/438/2914
f 2450/438/2915 2447/430/2915 819/430/2915 805/438/2915
f 2447/430/2916 2450/438/2916 806/438/2916 820/430/2916
f 2451/431/2917 2452/18/2917 833/18/2917 849/431/2917
f 2452/18/2918 2451/431/2918 850/431/2918 834/18/2918
f 2452/18/2919 2453/430/2919 819/430/2919 833/18/2919
f 2453/430/2920 2452/18/2920 834/18/2920 820/430/2920
f 2453/430/2921 2454/439/2921 835/439/2921 819/430/2921
f 2454/439/2922 2453/430/2922 820/430/2922 836/439/2922
f 2454/439/2923 2451/431/2923 849/431/2923 835/439/2923
f 2451/431/2924 2454/439/2924 836/439/2924 850/431/2924
f 2455/432/2925 2456/24/2925 863/24/2925 879/432/2925
f 2456/24/2926 2455/432/2926 880/432/2926 864/24/2926
f 2456/24/2927 2457/431/2927 849/431/2927 863/24/2927
f 2457/431/2928 2456/24/2928 864/24/2928 850/431/2928
f 2457/431/2929 2458/440/2929 865/440/2929 849/431/2929
f 2458/440/2930 2457/431/2930 850/431/2930 866/440/2930
f 2458/440/2931 2455/432/2931 879/432/2931 865/440/2931
f 2455/432/2932 2458/440/2932 866/440/2932 880/432/2932
f 2459/433/2933 2460/30/2933 893/30/2933 909/433/2933
f 2460/30/2934 2459/433/2934 910/433/2934 894/30/2934
f 2460/30/2935 2461/432/2935 879/432/2935 893/30/2935
f 2461/432/2936 2460/30/2936 894/30/2936 880/432/2936
f 2461/432/2937 2462/441/2937 895/441/2937 879/432/2937
f 2462/441/2938 2461/432/2938 880/432/2938 896/441/2938
f 2462/441/2939 2459/433/2939 909/433/2939 895/441/2939
f 2459/433/2940 2462/441/2940 896/441/2940 910/433/2940
f 2463/434/2941 2464/36/2941 923/36/2941 939/434/2941
f 2464/36/2942 2463/434/2942 940/434/2942 924/36/2942
f 2464/36/2943 2465/433/2943 909/433/2943 923/36/2943
f 2465/433/2944 2464/36/2944 924/36/2944 910/433/2944
f 2465/433/2945 2466/442/2945 925/442/2945 909/433/2945
f 2466/442/2946 2465/433/2946 910/433/2946 926/442/2946
f 2466/442/2947 2463/434/2947 939/434/2947 925/442/2947
f 2463/434/2948 2466/442/2948 926/442/2948 940/434/2948
f 2467/435/2949 2468/42/2949 953/42/2949 969/435/2949
f 2468/42/2950 2467/435/2950 970/435/2950 954/42/2950
f 2468/42/2951 2469/434/2951 939/434/2951 953/42/2951
f 2469/434/2952 2468/42/2952 954/42/2952 940/434/2952
f 2469/434/2953 2470/443/2953 955/443/2953 939/434/2953
f 2470/443/2954 2469/434/2954 940/434/2954 956/443/2954
f 2470/443/2955 2467/435/2955 969/435/2955 955/443/2955
f 2467/435/2956 2470/443/2956 956/443/2956 970/435/2956
f 2471/69/2957 2472/48/2957 983/48/2957 57/69/2957
f 2472/48/2958 2471/69/2958 58/69/2958 984/48/2958
f 2472/48/2959 2473/435/2959 969/435/2959 983/48/2959
f 2473/435/2960 2472/48/2960 984/48/2960 970/435/2960
f 2473/435/2961 2474/306/2961 985/306/2961 969/435/2961
f 2474/306/2962 2473/435/2962 970/435/2962 986/306/2962
f 2474/306/2963 2471/69/2963 57/69/2963 985/306/2963
f 2471/69/2964 2474/306/2964 986/306/2964 58/69/2964
f 2475/436/2965 2476/274/2965 71/274/2965 67/436/2965
f 2476/274/2966 2475/436/2966 68/436/2966 72/274/2966
f 2476/274/2967 2477/273/2967 469/273/2967 71/274/2967
f 2477/273/2968 2476/274/2968 72/274/2968 470/273/2968
f 2477/273/2969 2475/436/2969 67/436/2969 469/273/2969
f 2475/436/2970 2477/273/2970 470/273/2970 68/436/2970
f 2478/189/2971 2479/199/2971 669/199/2971 679/189/2971
f 2479/199/2972 2478/189/2972 680/189/2972 670/199/2972
f 2479/199/2973 2480/437/2973 111/437/2973 669/199/2973
f 2480/437/2974 2479/199/2974 670/199/2974 112/437/2974
f 2480/437/2975 2481/190/2975 689/190/2975 111/437/2975
f 2481/190/2976 2480/437/2976 112/437/2976 690/190/2976
f 2481/190/2977 2478/189/2977 679/189/2977 689/190/2977
f 2478/189/2978 2481/190/2978 690/190/2978 680/189/2978
f 2482/438/2979 2483/429/2979 789/429/2979 805/438/2979
f 2483/429/2980 2482/438/2980 806/438/2980 790/429/2980
f 2483/429/2981 2484/173/2981 775/173/2981 789/429/2981
f 2484/173/2982 2483/429/2982 790/429/2982 776/173/2982
f 2484/173/2983 2485/444/2983 791/444/2983 775/173/2983
f 2485/444/2984 2484/173/2984 776/173/2984 792/444/2984
f 2485/444/2985 2482/438/2985 805/438/2985 791/444/2985
f 2482/438/2986 2485/444/2986 792/444/2986 806/438/2986
f 2486/439/2987 2487/430/2987 819/430/2987 835/439/2987
f 2487/430/2988 2486/439/2988 836/439/2988 820/430/2988
f 2487/430/2989 2488/438/2989 805/438/2989 819/430/2989
f 2488/438/2990 2487/430/2990 820/430/2990 806/438/2990
f 2488/438/2991 2489/445/2991 821/445/2991 805/438/2991
f 2489/445/2992 2488/438/2992 806/438/2992 822/445/2992
f 2489/445/2993 2486/439/2993 835/439/2993 821/445/2993
f 2486/439/2994 2489/445/2994 822/445/2994 836/439/2994
f 2490/440/2995 2491/431/2995 849/431/2995 865/440/2995
f 2491/431/2996 2490/440/2996 866/440/2996 850/431/2996
f 2491/431/2997 2492/439/2997 835/439/2997 849/431/2997
f 2492/439/2998 2491/431/2998 850/431/2998 836/439/2998
f 2492/439/2999 2493/446/2999 851/446/2999 835/439/2999
f 2493/446/3000 2492/439/3000 836/439/3000 852/446/3000
f 2493/446/3001 2490/440/3001 865/440/3001 851/446/3001
f 2490/440/3002 2493/446/3002 852/446/3002 866/440/3002
f 2494/441/3003 2495/432/3003 879/432/3003 895/441/3003
f 2495/432/3004 2494/441/3004 896/441/3004 880/432/3004
f 2495/432/3005 2496/440/3005 865/440/3005 879/432/3005
f 2496/440/3006 2495/432/3006 880/432/3006 866/440/3006
f 2496/440/3007 2497/447/3007 881/447/3007 865/440/3007
f 2497/447/3008 2496/440/3008 866/440/3008 882/447/3008
f 2497/447/3009 2494/441/3009 895/441/3009 881/447/3009
f 2494/441/3010 2497/447/3010 882/447/3010 896/441/3010
f 2498/442/3011 2499/433/3011 909/433/3011 925/442/3011
f 2499/433/3012 2498/442/3012 926/442/3012 910/433/3012
f 2499/433/3013 2500/441/3013 895/441/3013 909/433/3013
f 2500/441/3014 2499/433/3014 910/433/3014 896/441/3014
f 2500/441/3015 2501/448/3015 911/448/3015 895/441/3015
f 2501/448/3016 2500/441/3016 896/441/3016 912/448/3016
f 2501/448/3017 2498/442/3017 925/442/3017 911/448/3017
f 2498/442/3018 2501/448/3018 912/448/3018 926/442/3018
f 2502/443/3019 2503/434/3019 939/434/3019 955/443/3019
f 2503/434/3020 2502/443/3020 956/443/3020 940/434/3020
f 2503/434/3021 2504/442/3021 925/442/3021 939/434/3021
f 2504/442/3022 2503/434/3022 940/434/3022 926/442/3022
f 2504/442/3023 2505/449/3023 941/449/3023 925/442/3023
f 2505/449/3024 2504/442/3024 926/442/3024 942/449/3024
f 2505/449/3025 2502/443/3025 955/443/3025 941/449/3025
f 2502/443/3026 2505/449/3026 942/449/3026 956/443/3026
f 2506/306/3027 2507/435/3027 969/435/3027 985/306/3027
f 2507/435/3028 2506/306/3028 986/306/3028 970/435/3028
f 2507/435/3029 2508/443/3029 955/443/3029 969/435/3029
f 2508/443/3030 2507/435/3030 970/435/3030 956/443/3030
f 2508/443/3031 2509/450/3031 971/450/3031 955/443/3031
f 2509/450/3032 2508/443/3032 956/443/3032 972/450/3032
f 2509/450/3033 2506/306/3033 985/306/3033 971/450/3033
f 2506/306/3034 2509/450/3034 972/450/3034 986/306/3034
f 2510/288/3035 2511/297/3035 429/297/3035 439/288/3035
f 2511/297/3036 2510/288/3036 440/288/3036 430/297/3036
f 2511/297/3037 2512/451/3037 63/451/3037 429/297/3037
f 2512/451/3038 2511/297/3038 430/297/3038 64/451/3038
f 2512/451/3039 2513/289/3039 449/289/3039 63/451/3039
f 2513/289/3040 2512/451/3040 64/451/3040 450/289/3040
f 2513/289/3041 2510/288/3041 439/288/3041 449/289/3041
f 2510/288/3042 2513/289/3042 450/289/3042 440/288/3042
f 2514/437/3043 2515/452/3043 115/452/3043 111/437/3043
f 2515/452/3044 2514/437/3044 112/437/3044 116/452/3044
f 2515/452/3045 2516/190/3045 689/190/3045 115/452/3045
f 2516/190/3046 2515/452/3046 116/452/3046 690/190/3046
f 2516/190/3047 2514/437/3047 111/437/3047 689/190/3047
f 2514/437/3048 2516/190/3048 690/190/3048 112/437/3048
f 2517/445/3049 2518/438/3049 805/438/3049 821/445/3049
f 2518/438/3050 2517/445/3050 822/445/3050 806/438/3050
f 2518/438/3051 2519/444/3051 791/444/3051 805/438/3051
f 2519/444/3052 2518/438/3052 806/438/3052 792/444/3052
f 2519/444/3053 2520/453/3053 807/453/3053 791/444/3053
f 2520/453/3054 2519/444/3054 792/444/3054 808/453/3054
f 2520/453/3055 2517/445/3055 821/445/3055 807/453/3055
f 2517/445/3056 2520/453/3056 808/453/3056 822/445/3056
f 2521/446/3057 2522/439/3057 835/439/3057 851/446/3057
f 2522/439/3058 2521/446/3058 852/446/3058 836/439/3058
f 2522/439/3059 2523/445/3059 821/445/3059 835/439/3059
f 2523/445/3060 2522/439/3060 836/439/3060 822/445/3060
f 2523/445/3061 2524/454/3061 837/454/3061 821/445/3061
f 2524/454/3062 2523/445/3062 822/445/3062 838/454/3062
f 2524/454/3063 2521/446/3063 851/446/3063 837/454/3063
f 2521/446/3064 2524/454/3064 838/454/3064 852/446/3064
f 2525/447/3065 2526/440/3065 865/440/3065 881/447/3065
f 2526/440/3066 2525/447/3066 882/447/3066 866/440/3066
f 2526/440/3067 2527/446/3067 851/446/3067 865/440/3067
f 2527/446/3068 2526/440/3068 866/440/3068 852/446/3068
f 2527/446/3069 2528/455/3069 867/455/3069 851/446/3069
f 2528/455/3070 2527/446/3070 852/446/3070 868/455/3070
f 2528/455/3071 2525/447/3071 881/447/3071 867/455/3071
f 2525/447/3072 2528/455/3072 868/455/3072 882/447/3072
f 2529/448/3073 2530/441/3073 895/441/3073 911/448/3073
f 2530/441/3074 2529/448/3074 912/448/3074 896/441/3074
f 2530/441/3075 2531/447/3075 881/447/3075 895/441/3075
f 2531/447/3076 2530/441/3076 896/441/3076 882/447/3076
f 2531/447/3077 2532/456/3077 897/456/3077 881/447/3077
f 2532/456/3078 2531/447/3078 882/447/3078 898/456/3078
f 2532/456/3079 2529/448/3079 911/448/3079 897/456/3079
f 2529/448/3080 2532/456/3080 898/456/3080 912/448/3080
f 2533/449/3081 2534/442/3081 925/442/3081 941/449/3081
f 2534/442/3082 2533/449/3082 942/449/3082 926/442/3082
f 2534/442/3083 2535/448/3083 911/448/3083 925/442/3083
f 2535/448/3084 2534/442/3084 926/442/3084 912/448/3084
f 2535/448/3085 2536/457/3085 927/457/3085 911/448/3085
f 2536/457/3086 2535/448/3086 912/448/3086 928/457/3086
f 2536/457/3087 2533/449/3087 941/449/3087 927/457/3087
f 2533/449/3088 2536/457/3088 928/457/3088 942/449/3088
f 2537/450/3089 2538/443/3089 955/443/3089 971/450/3089
f 2538/443/3090 2537/450/3090 972/450/3090 956/443/3090
f 2538/443/3091 2539/449/3091 941/449/3091 955/443/3091
f 2539/449/3092 2538/443/3092 956/443/3092 942/449/3092
f 2539/449/3093 2540/458/3093 957/458/3093 941/449/3093
f 2540/458/3094 2539/449/3094 942/449/3094 958/458/3094
f 2540/458/3095 2537/450/3095 971/450/3095 957/458/3095
f 2537/450/3096 2540/458/3096 958/458/3096 972/450/3096
f 2541/66/3097 2542/306/3097 985/306/3097 53/66/3097
f 2542/306/3098 2541/66/3098 54/66/3098 986/306/3098
f 2542/306/3099 2543/450/3099 971/450/3099 985/306/3099
f 2543/450/3100 2542/306/3100 986/306/3100 972/450/3100
f 2543/450/3101 2544/315/3101 987/315/3101 971/450/3101
f 2544/315/3102 2543/450/3102 972/450/3102 988/315/3102
f 2544/315/3103 2541/66/3103 53/66/3103 987/315/3103
f 2541/66/3104 2544/315/3104 988/315/3104 54/66/3104
f 2545/451/3105 2546/436/3105 67/436/3105 63/451/3105
f 2546/436/3106 2545/451/3106 64/451/3106 68/436/3106
f 2546/436/3107 2547/289/3107 449/289/3107 67/436/3107
f 2547/289/3108 2546/436/3108 68/436/3108 450/289/3108
f 2547/289/3109 2545/451/3109 63/451/3109 449/289/3109
f 2545/451/3110 2547/289/3110 450/289/3110 64/451/3110
f 2548/180/3111 2549/190/3111 689/190/3111 699/180/3111
f 2549/190/3112 2548/180/3112 700/180/3112 690/190/3112
f 2549/190/3113 2550/452/3113 115/452/3113 689/190/3113
f 2550/452/3114 2549/190/3114 690/190/3114 116/452/3114
f 2550/452/3115 2551/181/3115 709/181/3115 115/452/3115
f 2551/181/3116 2550/452/3116 116/452/3116 710/181/3116
f 2551/181/3117 2548/180/3117 699/180/3117 709/181/3117
f 2548/180/3118 2551/181/3118 710/181/3118 700/180/3118
f 2552/453/3119 2553/444/3119 791/444/3119 807/453/3119
f 2553/444/3120 2552/453/3120 808/453/3120 792/444/3120
f 2553/444/3121 2554/163/3121 777/163/3121 791/444/3121
f 2554/163/3122 2553/444/3122 792/444/3122 778/163/3122
f 2554/163/3123 2555/459/3123 793/459/3123 777/163/3123
f 2555/459/3124 2554/163/3124 778/163/3124 794/459/3124
f 2555/459/3125 2552/453/3125 807/453/3125 793/459/3125
f 2552/453/3126 2555/459/3126 794/459/3126 808/453/3126
f 2556/454/3127 2557/445/3127 821/445/3127 837/454/3127
f 2557/445/3128 2556/454/3128 838/454/3128 822/445/3128
f 2557/445/3129 2558/453/3129 807/453/3129 821/445/3129
f 2558/453/3130 2557/445/3130 822/445/3130 808/453/3130
f 2558/453/3131 2559/460/3131 823/460/3131 807/453/3131
f 2559/460/3132 2558/453/3132 808/453/3132 824/460/3132
f 2559/460/3133 2556/454/3133 837/454/3133 823/460/3133
f 2556/454/3134 2559/460/3134 824/460/3134 838/454/3134
f 2560/455/3135 2561/446/3135 851/446/3135 867/455/3135
f 2561/446/3136 2560/455/3136 868/455/3136 852/446/3136
f 2561/446/3137 2562/454/3137 837/454/3137 851/446/3137
f 2562/454/3138 2561/446/3138 852/446/3138 838/454/3138
f 2562/454/3139 2563/461/3139 853/461/3139 837/454/3139
f 2563/461/3140 2562/454/3140 838/454/3140 854/461/3140
f 2563/461/3141 2560/455/3141 867/455/3141 853/461/3141
f 2560/455/3142 2563/461/3142 854/461/3142 868/455/3142
f 2564/456/3143 2565/447/3143 881/447/3143 897/456/3143
f 2565/447/3144 2564/456/3144 898/456/3144 882/447/3144
f 2565/447/3145 2566/455/3145 867/455/3145 881/447/3145
f 2566/455/3146 2565/447/3146 882/447/3146 868/455/3146
f 2566/455/3147 2567/462/3147 883/462/3147 867/455/3147
f 2567/462/3148 2566/455/3148 868/455/3148 884/462/3148
f 2567/462/3149 2564/456/3149 897/456/3149 883/462/3149
f 2564/456/3150 2567/462/3150 884/462/3150 898/456/3150
f 2568/457/3151 2569/448/3151 911/448/3151 927/457/3151
f 2569/448/3152 2568/457/3152 928/457/3152 912/448/3152
f 2569/448/3153 2570/456/3153 897/456/3153 911/448/3153
f 2570/456/3154 2569/448/3154 912/448/3154 898/456/3154
f 2570/456/3155 2571/463/3155 913/463/3155 897/456/3155
f 2571/463/3156 2570/456/3156 898/456/3156 914/463/3156
f 2571/463/3157 2568/457/3157 927/457/3157 913/463/3157
f 2568/457/3158 2571/463/3158 914/463/3158 928/457/3158
f 2572/458/3159 2573/449/3159 941/449/3159 957/458/3159
f 2573/449/3160 2572/458/3160 958/458/3160 942/449/3160
f 2573/449/3161 2574/457/3161 927/457/3161 941/449/3161
f 2574/457/3162 2573/449/3162 942/449/3162 928/457/3162
f 2574/457/3163 2575/464/3163 943/464/3163 927/457/3163
f 2575/464/3164 2574/457/3164 928/457/3164 944/464/3164
f 2575/464/3165 2572/458/3165 957/458/3165 943/464/3165
f 2572/458/3166 2575/464/3166 944/464/3166 958/458/3166
f 2576/315/3167 2577/450/3167 971/450/3167 987/315/3167
f 2577/450/3168 2576/315/3168 988/315/3168 972/450/3168
f 2577/450/3169 2578/458/3169 957/458/3169 971/450/3169
f 2578/458/3170 2577/450/3170 972/450/3170 958/458/3170
f 2578/458/3171 2579/465/3171 973/465/3171 957/458/3171
f 2579/465/3172 2578/458/3172 958/458/3172 974/465/3172
f 2579/465/3173 2576/315/3173 987/315/3173 973/465/3173
f 2576/315/3174 2579/465/3174 974/465/3174 988/315/3174
f 2580/296/3175 2581/305/3175 409/305/3175 419/296/3175
f 2581/305/3176 2580/296/3176 420/296/3176 410/305/3176
f 2581/305/3177 2582/466/3177 59/466/3177 409/305/3177
f 2582/466/3178 2581/305/3178 410/305/3178 60/466/3178
f 2582/466/3179 2583/297/3179 429/297/3179 59/466/3179
f 2583/297/3180 2582/466/3180 60/466/3180 430/297/3180
f 2583/297/3181 2580/296/3181 419/296/3181 429/297/3181
f 2580/296/3182 2583/297/3182 430/297/3182 420/296/3182
f 2584/452/3183 2585/467/3183 119/467/3183 115/452/3183
f 2585/467/3184 2584/452/3184 116/452/3184 120/467/3184
f 2585/467/3185 2586/181/3185 709/181/3185 119/467/3185
f 2586/181/3186 2585/467/3186 120/467/3186 710/181/3186
f 2586/181/3187 2584/452/3187 115/452/3187 709/181/3187
f 2584/452/3188 2586/181/3188 710/181/3188 116/452/3188
f 2587/460/3189 2588/453/3189 807/453/3189 823/460/3189
f 2588/453/3190 2587/460/3190 824/460/3190 808/453/3190
f 2588/453/3191 2589/459/3191 793/459/3191 807/453/3191
f 2589/459/3192 2588/453/3192 808/453/3192 794/459/3192
f 2589/459/3193 2590/468/3193 809/468/3193 793/459/3193
f 2590/468/3194 2589/459/3194 794/459/3194 810/468/3194
f 2590/468/3195 2587/460/3195 823/460/3195 809/468/3195
f 2587/460/3196 2590/468/3196 810/468/3196 824/460/3196
f 2591/461/3197 2592/454/3197 837/454/3197 853/461/3197
f 2592/454/3198 2591/461/3198 854/461/3198 838/454/3198
f 2592/454/3199 2593/460/3199 823/460/3199 837/454/3199
f 2593/460/3200 2592/454/3200 838/454/3200 824/460/3200
f 2593/460/3201 2594/469/3201 839/469/3201 823/460/3201
f 2594/469/3202 2593/460/3202 824/460/3202 840/469/3202
f 2594/469/3203 2591/461/3203 853/461/3203 839/469/3203
f 2591/461/3204 2594/469/3204 840/469/3204 854/461/3204
f 2595/462/3205 2596/455/3205 867/455/3205 883/462/3205
f 2596/455/3206 2595/462/3206 884/462/3206 868/455/3206
f 2596/455/3207 2597/461/3207 853/461/3207 867/455/3207
f 2597/461/3208 2596/455/3208 868/455/3208 854/461/3208
f 2597/461/3209 2598/470/3209 869/470/3209 853/461/3209
f 2598/470/3210 2597/461/3210 854/461/3210 870/470/3210
f 2598/470/3211 2595/462/3211 883/462/3211 869/470/3211
f 2595/462/3212 2598/470/3212 870/470/3212 884/462/3212
f 2599/463/3213 2600/456/3213 897/456/3213 913/463/3213
f 2600/456/3214 2599/463/3214 914/463/3214 898/456/3214
f 2600/456/3215 2601/462/3215 883/462/3215 897/456/3215
f 2601/462/3216 2600/456/3216 898/456/3216 884/462/3216
f 2601/462/3217 2602/471/3217 899/471/3217 883/462/3217
f 2602/471/3218 2601/462/3218 884/462/3218 900/471/3218
f 2602/471/3219 2599/463/3219 913/463/3219 899/471/3219
f 2599/463/3220 2602/471/3220 900/471/3220 914/463/3220
f 2603/464/3221 2604/457/3221 927/457/3221 943/464/3221
f 2604/457/3222 2603/464/3222 944/464/3222 928/457/3222
f 2604/457/3223 2605/463/3223 913/463/3223 927/457/3223
f 2605/463/3224 2604/457/3224 928/457/3224 914/463/3224
f 2605/463/3225 2606/472/3225 929/472/3225 913/463/3225
f 2606/472/3226 2605/463/3226 914/463/3226 930/472/3226
f 2606/472/3227 2603/464/3227 943/464/3227 929/472/3227
f 2603/464/3228 2606/472/3228 930/472/3228 944/464/3228
f 2607/465/3229 2608/458/3229 957/458/3229 973/465/3229
f 2608/458/3230 2607/465/3230 974/465/3230 958/458/3230
f 2608/458/3231 2609/464/3231 943/464/3231 957/458/3231
f 2609/464/3232 2608/458/3232 958/458/3232 944/464/3232
f 2609/464/3233 2610/473/3233 959/473/3233 943/464/3233
f 2610/473/3234 2609/464/3234 944/464/3234 960/473/3234
f 2610/473/3235 2607/465/3235 973/465/3235 959/473/3235
f 2607/465/3236 2610/473/3236 960/473/3236 974/465/3236
f 2611/63/3237 2612/315/3237 987/315/3237 49/63/3237
f 2612/315/3238 2611/63/3238 50/63/3238 988/315/3238
f 2612/315/3239 2613/465/3239 973/465/3239 987/315/3239
f 2613/465/3240 2612/315/3240 988/315/3240 974/465/3240
f 2613/465/3241 2614/324/3241 989/324/3241 973/465/3241
f 2614/324/3242 2613/465/3242 974/465/3242 990/324/3242
f 2614/324/3243 2611/63/3243 49/63/3243 989/324/3243
f 2611/63/3244 2614/324/3244 990/324/3244 50/63/3244
f 2615/466/3245 2616/451/3245 63/451/3245 59/466/3245
f 2616/451/3246 2615/466/3246 60/466/3246 64/451/3246
f 2616/451/3247 2617/297/3247 429/297/3247 63/451/3247
f 2617/297/3248 2616/451/3248 64/451/3248 430/297/3248
f 2617/297/3249 2615/466/3249 59/466/3249 429/297/3249
f 2615/466/3250 2617/297/3250 430/297/3250 60/466/3250
f 2618/171/3251 2619/181/3251 709/181/3251 719/171/3251
f 2619/181/3252 2618/171/3252 720/171/3252 710/181/3252
f 2619/181/3253 2620/467/3253 119/467/3253 709/181/3253
f 2620/467/3254 2619/181/3254 710/181/3254 120/467/3254
f 2620/467/3255 2621/172/3255 729/172/3255 119/467/3255
f 2621/172/3256 2620/467/3256 120/467/3256 730/172/3256
f 2621/172/3257 2618/171/3257 719/171/3257 729/172/3257
f 2618/171/3258 2621/172/3258 730/172/3258 720/171/3258
f 2622/468/3259 2623/459/3259 793/459/3259 809/468/3259
f 2623/459/3260 2622/468/3260 810/468/3260 794/459/3260
f 2623/459/3261 2624/138/3261 779/138/3261 793/459/3261
f 2624/138/3262 2623/459/3262 794/459/3262 780/138/3262
f 2624/138/3263 2625/474/3263 795/474/3263 779/138/3263
f 2625/474/3264 2624/138/3264 780/138/3264 796/474/3264
f 2625/474/3265 2622/468/3265 809/468/3265 795/474/3265
f 2622/468/3266 2625/474/3266 796/474/3266 810/468/3266
f 2626/469/3267 2627/460/3267 823/460/3267 839/469/3267
f 2627/460/3268 2626/469/3268 840/469/3268 824/460/3268
f 2627/460/3269 2628/468/3269 809/468/3269 823/460/3269
f 2628/468/3270 2627/460/3270 824/460/3270 810/468/3270
f 2628/468/3271 2629/475/3271 825/475/3271 809/468/3271
f 2629/475/3272 2628/468/3272 810/468/3272 826/475/3272
f 2629/475/3273 2626/469/3273 839/469/3273 825/475/3273
f 2626/469/3274 2629/475/3274 826/475/3274 840/469/3274
f 2630/470/3275 2631/461/3275 853/461/3275 869/470/3275
f 2631/461/3276 2630/470/3276 870/470/3276 854/461/3276
f 2631/461/3277 2632/469/3277 839/469/3277 853/461/3277
f 2632/469/3278 2631/461/3278 854/461/3278 840/469/3278
f 2632/469/3279 2633/476/3279 855/476/3279 839/469/3279
f 2633/476/3280 2632/469/3280 840/469/3280 856/476/3280
f 2633/476/3281 2630/470/3281 869/470/3281 855/476/3281
f 2630/470/3282 2633/476/3282 856/476/3282 870/470/3282
f 2634/471/3283 2635/462/3283 883/462/3283 899/471/3283
f 2635/462/3284 2634/471/3284 900/471/3284 884/462/3284
f 2635/462/3285 2636/470/3285 869/470/3285 883/462/3285
f 2636/470/3286 2635/462/3286 884/462/3286 870/470/3286
f 2636/470/3287 2637/477/3287 885/477/3287 869/470/3287
f 2637/477/3288 2636/470/3288 870/470/3288 886/477/3288
f 2637/477/3289 2634/471/3289 899/471/3289 885/477/3289
f 2634/471/3290 2637/477/3290 886/477/3290 900/471/3290
f 2638/472/3291 2639/463/3291 913/463/3291 929/472/3291
f 2639/463/3292 2638/472/3292 930/472/3292 914/463/3292
f 2639/463/3293 2640/471/3293 899/471/3293 913/463/3293
f 2640/471/3294 2639/463/3294 914/463/3294 900/471/3294
f 2640/471/3295 2641/478/3295 915/478/3295 899/471/3295
f 2641/478/3296 2640/471/3296 900/471/3296 916/478/3296
f 2641/478/3297 2638/472/3297 929/472/3297 915/478/3297
f 2638/472/3298 2641/478/3298 916/478/3298 930/472/3298
f 2642/473/3299 2643/464/3299 943/464/3299 959/473/3299
f 2643/464/3300 2642/473/3300 960/473/3300 944/464/3300
f 2643/464/3301 2644/472/3301 929/472/3301 943/464/3301
f 2644/472/3302 2643/464/3302 944/464/3302 930/472/3302
f 2644/472/3303 2645/479/3303 945/479/3303 929/472/3303
f 2645/479/3304 2644/472/3304 930/472/3304 946/479/3304
f 2645/479/3305 2642/473/3305 959/473/3305 945/479/3305
f 2642/473/3306 2645/479/3306 946/479/3306 960/473/3306
f 2646/324/3307 2647/465/3307 973/465/3307 989/324/3307
f 2647/465/3308 2646/324/3308 990/324/3308 974/465/3308
f 2647/465/3309 2648/473/3309 959/473/3309 973/465/3309
f 2648/473/3310 2647/465/3310 974/465/3310 960/473/3310
f 2648/473/3311 2649/480/3311 975/480/3311 959/473/3311
f 2649/480/3312 2648/473/3312 960/473/3312 976/480/3312
f 2649/480/3313 2646/324/3313 989/324/3313 975/480/3313
f 2646/324/3314 2649/480/3314 976/480/3314 990/324/3314
f 2650/304/3315 2651/314/3315 389/314/3315 399/304/3315
f 2651/314/3316 2650/304/3316 400/304/3316 390/314/3316
f 2651/314/3317 2652/481/3317 55/481/3317 389/314/3317
f 2652/481/3318 2651/314/3318 390/314/3318 56/481/3318
f 2652/481/3319 2653/305/3319 409/305/3319 55/481/3319
f 2653/305/3320 2652/481/3320 56/481/3320 410/305/3320
f 2653/305/3321 2650/304/3321 399/304/3321 409/305/3321
f 2650/304/3322 2653/305/3322 410/305/3322 400/304/3322
f 2654/467/3323 2655/482/3323 123/482/3323 119/467/3323
f 2655/482/3324 2654/467/3324 120/467/3324 124/482/3324
f 2655/482/3325 2656/172/3325 729/172/3325 123/482/3325
f 2656/172/3326 2655/482/3326 124/482/3326 730/172/3326
f 2656/172/3327 2654/467/3327 119/467/3327 729/172/3327
f 2654/467/3328 2656/172/3328 730/172/3328 120/467/3328
f 2657/475/3329 2658/468/3329 809/468/3329 825/475/3329
f 2658/468/3330 2657/475/3330 826/475/3330 810/468/3330
f 2658/468/3331 2659/483/3331 795/483/3331 809/468/3331
f 2659/483/3332 2658/468/3332 810/468/3332 796/483/3332
f 2659/483/3333 2660/484/3333 811/484/3333 795/483/3333
f 2660/484/3334 2659/483/3334 796/483/3334 812/484/3334
f 2660/484/3335 2657/475/3335 825/475/3335 811/484/3335
f 2657/475/3336 2660/484/3336 812/484/3336 826/475/3336
f 2661/476/3337 2662/469/3337 839/469/3337 855/476/3337
f 2662/469/3338 2661/476/3338 856/476/3338 840/469/3338
f 2662/469/3339 2663/485/3339 825/485/3339 839/469/3339
f 2663/485/3340 2662/469/3340 840/469/3340 826/485/3340
f 2663/485/3341 2664/486/3341 841/486/3341 825/485/3341
f 2664/486/3342 2663/485/3342 826/485/3342 842/486/3342
f 2664/486/3343 2661/476/3343 855/476/3343 841/486/3343
f 2661/476/3344 2664/486/3344 842/486/3344 856/476/3344
f 2665/477/3345 2666/470/3345 869/470/3345 885/477/3345
f 2666/470/3346 2665/477/3346 886/477/3346 870/470/3346
f 2666/470/3347 2667/487/3347 855/487/3347 869/470/3347
f 2667/487/3348 2666/470/3348 870/470/3348 856/487/3348
f 2667/487/3349 2668/488/3349 871/488/3349 855/487/3349
f 2668/488/3350 2667/487/3350 856/487/3350 872/488/3350
f 2668/488/3351 2665/477/3351 885/477/3351 871/488/3351
f 2665/477/3352 2668/488/3352 872/488/3352 886/477/3352
f 2669/478/3353 2670/471/3353 899/471/3353 915/478/3353
f 2670/471/3354 2669/478/3354 916/478/3354 900/471/3354
f 2670/471/3355 2671/489/3355 885/489/3355 899/471/3355
f 2671/489/3356 2670/471/3356 900/471/3356 886/489/3356
f 2671/489/3357 2672/490/3357 901/490/3357 885/489/3357
f 2672/490/3358 2671/489/3358 886/489/3358 902/490/3358
f 2672/490/3359 2669/478/3359 915/478/3359 901/490/3359
f 2669/478/3360 2672/490/3360 902/490/3360 916/478/3360
f 2673/479/3361 2674/472/3361 929/472/3361 945/479/3361
f 2674/472/3362 2673/479/3362 946/479/3362 930/472/3362
f 2674/472/3363 2675/491/3363 915/491/3363 929/472/3363
f 2675/491/3364 2674/472/3364 930/472/3364 916/491/3364
f 2675/491/3365 2676/492/3365 931/492/3365 915/491/3365
f 2676/492/3366 2675/491/3366 916/491/3366 932/492/3366
f 2676/492/3367 2673/479/3367 945/479/3367 931/492/3367
f 2673/479/3368 2676/492/3368 932/492/3368 946/479/3368
f 2677/480/3369 2678/473/3369 959/473/3369 975/480/3369
f 2678/473/3370 2677/480/3370 976/480/3370 960/473/3370
f 2678/473/3371 2679/493/3371 945/493/3371 959/473/3371
f 2679/493/3372 2678/473/3372 960/473/3372 946/493/3372
f 2679/493/3373 2680/494/3373 961/494/3373 945/493/3373
f 2680/494/3374 2679/493/3374 946/493/3374 962/494/3374
f 2680/494/3375 2677/480/3375 975/480/3375 961/494/3375
f 2677/480/3376 2680/494/3376 962/494/3376 976/480/3376
f 2681/60/3377 2682/324/3377 989/324/3377 45/60/3377
f 2682/324/3378 2681/60/3378 46/60/3378 990/324/3378
f 2682/324/3379 2683/495/3379 975/495/3379 989/324/3379
f 2683/495/3380 2682/324/3380 990/324/3380 976/495/3380
f 2683/495/3381 2684/333/3381 991/333/3381 975/495/3381
f 2684/333/3382 2683/495/3382 976/495/3382 992/333/3382
f 2684/333/3383 2681/60/3383 45/60/3383 991/333/3383
f 2681/60/3384 2684/333/3384 992/333/3384 46/60/3384
f 2685/481/3385 2686/466/3385 59/466/3385 55/481/3385
f 2686/466/3386 2685/481/3386 56/481/3386 60/466/3386
f 2686/466/3387 2687/305/3387 409/305/3387 59/466/3387
f 2687/305/3388 2686/466/3388 60/466/3388 410/305/3388
f 2687/305/3389 2685/481/3389 55/481/3389 409/305/3389
f 2685/481/3390 2687/305/3390 410/305/3390 56/481/3390
f 2688/161/3391 2689/172/3391 729/172/3391 739/161/3391
f 2689/172/3392 2688/161/3392 740/161/3392 730/172/3392
f 2689/172/3393 2690/482/3393 123/482/3393 729/172/3393
f 2690/482/3394 2689/172/3394 730/172/3394 124/482/3394
f 2690/482/3395 2691/162/3395 749/162/3395 123/482/3395
f 2691/162/3396 2690/482/3396 124/482/3396 750/162/3396
f 2691/162/3397 2688/161/3397 739/161/3397 749/162/3397
f 2688/161/3398 2691/162/3398 750/162/3398 740/161/3398
f 2692/484/3399 2693/483/3399 795/483/3399 811/484/3399
f 2693/483/3400 2692/484/3400 812/484/3400 796/483/3400
f 2693/483/3401 2694/419/3401 781/419/3401 795/483/3401
f 2694/419/3402 2693/483/3402 796/483/3402 782/419/3402
f 2694/419/3403 2695/405/3403 797/405/3403 781/419/3403
f 2695/405/3404 2694/419/3404 782/419/3404 798/405/3404
f 2695/405/3405 2692/484/3405 811/484/3405 797/405/3405
f 2692/484/3406 2695/405/3406 798/405/3406 812/484/3406
f 2696/486/3407 2697/485/3407 825/485/3407 841/486/3407
f 2697/485/3408 2696/486/3408 842/486/3408 826/485/3408
f 2697/485/3409 2698/484/3409 811/484/3409 825/485/3409
f 2698/484/3410 2697/485/3410 826/485/3410 812/484/3410
f 2698/484/3411 2699/396/3411 827/396/3411 811/484/3411
f 2699/396/3412 2698/484/3412 812/484/3412 828/396/3412
f 2699/396/3413 2696/486/3413 841/486/3413 827/396/3413
f 2696/486/3414 2699/396/3414 828/396/3414 842/486/3414
f 2700/488/3415 2701/487/3415 855/487/3415 871/488/3415
f 2701/487/3416 2700/488/3416 872/488/3416 856/487/3416
f 2701/487/3417 2702/486/3417 841/486/3417 855/487/3417
f 2702/486/3418 2701/487/3418 856/487/3418 842/486/3418
f 2702/486/3419 2703/387/3419 857/387/3419 841/486/3419
f 2703/387/3420 2702/486/3420 842/486/3420 858/387/3420
f 2703/387/3421 2700/488/3421 871/488/3421 857/387/3421
f 2700/488/3422 2703/387/3422 858/387/3422 872/488/3422
f 2704/490/3423 2705/489/3423 885/489/3423 901/490/3423
f 2705/489/3424 2704/490/3424 902/490/3424 886/489/3424
f 2705/489/3425 2706/488/3425 871/488/3425 885/489/3425
f 2706/488/3426 2705/489/3426 886/489/3426 872/488/3426
f 2706/488/3427 2707/378/3427 887/378/3427 871/488/3427
f 2707/378/3428 2706/488/3428 872/488/3428 888/378/3428
f 2707/378/3429 2704/490/3429 901/490/3429 887/378/3429
f 2704/490/3430 2707/378/3430 888/378/3430 902/490/3430
f 2708/492/3431 2709/491/3431 915/491/3431 931/492/3431
f 2709/491/3432 2708/492/3432 932/492/3432 916/491/3432
f 2709/491/3433 2710/490/3433 901/490/3433 915/491/3433
f 2710/490/3434 2709/491/3434 916/491/3434 902/490/3434
f 2710/490/3435 2711/369/3435 917/369/3435 901/490/3435
f 2711/369/3436 2710/490/3436 902/490/3436 918/369/3436
f 2711/369/3437 2708/492/3437 931/492/3437 917/369/3437
f 2708/492/3438 2711/369/3438 918/369/3438 932/492/3438
f 2712/494/3439 2713/493/3439 945/493/3439 961/494/3439
f 2713/493/3440 2712/494/3440 962/494/3440 946/493/3440
f 2713/493/3441 2714/492/3441 931/492/3441 945/493/3441
f 2714/492/3442 2713/493/3442 946/493/3442 932/492/3442
f 2714/492/3443 2715/360/3443 947/360/3443 931/492/3443
f 2715/360/3444 2714/492/3444 932/492/3444 948/360/3444
f 2715/360/3445 2712/494/3445 961/494/3445 947/360/3445
f 2712/494/3446 2715/360/3446 948/360/3446 962/494/3446
f 2716/333/3447 2717/495/3447 975/495/3447 991/333/3447
f 2717/495/3448 2716/333/3448 992/333/3448 976/495/3448
f 2717/495/3449 2718/494/3449 961/494/3449 975/495/3449
f 2718/494/3450 2717/495/3450 976/495/3450 962/494/3450
f 2718/494/3451 2719/351/3451 977/351/3451 961/494/3451
f 2719/351/3452 2718/494/3452 962/494/3452 978/351/3452
f 2719/351/3453 2716/333/3453 991/333/3453 977/351/3453
f 2716/333/3454 2719/351/3454 978/351/3454 992/333/3454
f 2720/313/3455 2721/323/3455 369/323/3455 379/313/3455
f 2721/323/3456 2720/313/3456 380/313/3456 370/323/3456
f 2721/323/3457 2722/496/3457 51/496/3457 369/323/3457
f 2722/496/3458 2721/323/3458 370/323/3458 52/496/3458
f 2722/496/3459 2723/314/3459 389/314/3459 51/496/3459
f 2723/314/3460 2722/496/3460 52/496/3460 390/314/3460
f 2723/314/3461 2720/313/3461 379/313/3461 389/314/3461
f 2720/313/3462 2723/314/3462 390/314/3462 380/313/3462
f 2724/482/3463 2725/497/3463 127/497/3463 123/482/3463
f 2725/497/3464 2724/482/3464 124/482/3464 128/497/3464
f 2725/497/3465 2726/162/3465 749/162/3465 127/497/3465
f 2726/162/3466 2725/497/3466 128/497/3466 750/162/3466
f 2726/162/3467 2724/482/3467 123/482/3467 749/162/3467
f 2724/482/3468 2726/162/3468 750/162/3468 124/482/3468
f 2727/396/3469 2728/484/3469 811/484/3469 827/396/3469
f 2728/484/3470 2727/396/3470 828/396/3470 812/484/3470
f 2728/484/3471 2729/405/3471 797/405/3471 811/484/3471
f 2729/405/3472 2728/484/3472 812/484/3472 798/405/3472
f 2729/405/3473 2730/21/3473 13/21/3473 797/405/3473
f 2730/21/3474 2729/405/3474 798/405/3474 14/21/3474
f 2730/21/3475 2727/396/3475 827/396/3475 13/21/3475
f 2727/396/3476 2730/21/3476 14/21/3476 828/396/3476
f 2731/387/3477 2732/486/3477 841/486/3477 857/387/3477
f 2732/486/3478 2731/387/3478 858/387/3478 842/486/3478
f 2732/486/3479 2733/396/3479 827/396/3479 841/486/3479
f 2733/396/3480 2732/486/3480 842/486/3480 828/396/3480
f 2733/396/3481 2734/27/3481 17/27/3481 827/396/3481
f 2734/27/3482 2733/396/3482 828/396/3482 18/27/3482
f 2734/27/3483 2731/387/3483 857/387/3483 17/27/3483
f 2731/387/3484 2734/27/3484 18/27/3484 858/387/3484
f 2735/378/3485 2736/488/3485 871/488/3485 887/378/3485
f 2736/488/3486 2735/378/3486 888/378/3486 872/488/3486
f 2736/488/3487 2737/387/3487 857/387/3487 871/488/3487
f 2737/387/3488 2736/488/3488 872/488/3488 858/387/3488
f 2737/387/3489 2738/33/3489 21/33/3489 857/387/3489
f 2738/33/3490 2737/387/3490 858/387/3490 22/33/3490
f 2738/33/3491 2735/378/3491 887/378/3491 21/33/3491
f 2735/378/3492 2738/33/3492 22/33/3492 888/378/3492
f 2739/369/3493 2740/490/3493 901/490/3493 917/369/3493
f 2740/490/3494 2739/369/3494 918/369/3494 902/490/3494
f 2740/490/3495 2741/378/3495 887/378/3495 901/490/3495
f 2741/378/3496 2740/490/3496 902/490/3496 888/378/3496
f 2741/378/3497 2742/39/3497 25/39/3497 887/378/3497
f 2742/39/3498 2741/378/3498 888/378/3498 26/39/3498
f 2742/39/3499 2739/369/3499 917/369/3499 25/39/3499
f 2739/369/3500 2742/39/3500 26/39/3500 918/369/3500
f 2743/360/3501 2744/492/3501 931/492/3501 947/360/3501
f 2744/492/3502 2743/360/3502 948/360/3502 932/492/3502
f 2744/492/3503 2745/369/3503 917/369/3503 931/492/3503
f 2745/369/3504 2744/492/3504 932/492/3504 918/369/3504
f 2745/369/3505 2746/45/3505 29/45/3505 917/369/3505
f 2746/45/3506 2745/369/3506 918/369/3506 30/45/3506
f 2746/45/3507 2743/360/3507 947/360/3507 29/45/3507
f 2743/360/3508 2746/45/3508 30/45/3508 948/360/3508
f 2747/351/3509 2748/494/3509 961/494/3509 977/351/3509
f 2748/494/3510 2747/351/3510 978/351/3510 962/494/3510
f 2748/494/3511 2749/360/3511 947/360/3511 961/494/3511
f 2749/360/3512 2748/494/3512 962/494/3512 948/360/3512
f 2749/360/3513 2750/51/3513 33/51/3513 947/360/3513
f 2750/51/3514 2749/360/3514 948/360/3514 34/51/3514
f 2750/51/3515 2747/351/3515 977/351/3515 33/51/3515
f 2747/351/3516 2750/51/3516 34/51/3516 978/351/3516
f 2751/57/3517 2752/333/3517 991/333/3517 41/57/3517
f 2752/333/3518 2751/57/3518 42/57/3518 992/333/3518
f 2752/333/3519 2753/351/3519 977/351/3519 991/333/3519
f 2753/351/3520 2752/333/3520 992/333/3520 978/351/3520
f 2753/351/3521 2754/54/3521 37/54/3521 977/351/3521
f 2754/54/3522 2753/351/3522 978/351/3522 38/54/3522
f 2754/54/3523 2751/57/3523 41/57/3523 37/54/3523
f 2751/57/3524 2754/54/3524 38/54/3524 42/57/3524
f 2755/496/3525 2756/481/3525 55/481/3525 51/496/3525
f 2756/481/3526 2755/496/3526 52/496/3526 56/481/3526
f 2756/481/3527 2757/314/3527 389/314/3527 55/481/3527
f 2757/314/3528 2756/481/3528 56/481/3528 390/314/3528
f 2757/314/3529 2755/496/3529 51/496/3529 389/314/3529
f 2755/496/3530 2757/314/3530 390/314/3530 52/496/3530
f 2758/4/3531 2759/3/3531 799/3/3531 815/4/3531
f 2759/3/3532 2758/4/3532 816/4/3532 800/3/3532
f 2759/3/3533 2760/498/3533 785/498/3533 799/3/3533
f 2760/498/3534 2759/3/3534 800/3/3534 786/498/3534
f 2760/498/3535 2761/10/3535 801/10/3535 785/498/3535
f 2761/10/3536 2760/498/3536 786/498/3536 802/10/3536
f 2761/10/3537 2758/4/3537 815/4/3537 801/10/3537
f 2758/4/3538 2761/10/3538 802/10/3538 816/4/3538
f 2762/133/3539 2763/1/3539 829/1/3539 845/133/3539
f 2763/1/3540 2762/133/3540 846/133/3540 830/1/3540
f 2763/1/3541 2764/4/3541 815/4/3541 829/1/3541
f 2764/4/3542 2763/1/3542 830/1/3542 816/4/3542
f 2764/4/3543 2765/17/3543 831/17/3543 815/4/3543
f 2765/17/3544 2764/4/3544 816/4/3544 832/17/3544
f 2765/17/3545 2762/133/3545 845/133/3545 831/17/3545
f 2762/133/3546 2765/17/3546 832/17/3546 846/133/3546
f 2766/129/3547 2767/100/3547 859/100/3547 875/129/3547
f 2767/100/3548 2766/129/3548 876/129/3548 860/100/3548
f 2767/100/3549 2768/133/3549 845/133/3549 859/100/3549
f 2768/133/3550 2767/100/3550 860/100/3550 846/133/3550
f 2768/133/3551 2769/23/3551 861/23/3551 845/133/3551
f 2769/23/3552 2768/133/3552 846/133/3552 862/23/3552
f 2769/23/3553 2766/129/3553 875/129/3553 861/23/3553
f 2766/129/3554 2769/23/3554 862/23/3554 876/129/3554
f 2770/125/3555 2771/95/3555 889/95/3555 905/125/3555
f 2771/95/3556 2770/125/3556 906/125/3556 890/95/3556
f 2771/95/3557 2772/129/3557 875/129/3557 889/95/3557
f 2772/129/3558 2771/95/3558 890/95/3558 876/129/3558
f 2772/129/3559 2773/29/3559 891/29/3559 875/129/3559
f 2773/29/3560 2772/129/3560 876/129/3560 892/29/3560
f 2773/29/3561 2770/125/3561 905/125/3561 891/29/3561
f 2770/125/3562 2773/29/3562 892/29/3562 906/125/3562
f 2774/121/3563 2775/90/3563 919/90/3563 935/121/3563
f 2775/90/3564 2774/121/3564 936/121/3564 920/90/3564
f 2775/90/3565 2776/125/3565 905/125/3565 919/90/3565
f 2776/125/3566 2775/90/3566 920/90/3566 906/125/3566
f 2776/125/3567 2777/35/3567 921/35/3567 905/125/3567
f 2777/35/3568 2776/125/3568 906/125/3568 922/35/3568
f 2777/35/3569 2774/121/3569 935/121/3569 921/35/3569
f 2774/121/3570 2777/35/3570 922/35/3570 936/121/3570
f 2778/117/3571 2779/85/3571 949/85/3571 965/117/3571
f 2779/85/3572 2778/117/3572 966/117/3572 950/85/3572
f 2779/85/3573 2780/121/3573 935/121/3573 949/85/3573
f 2780/121/3574 2779/85/3574 950/85/3574 936/121/3574
f 2780/121/3575 2781/41/3575 951/41/3575 935/121/3575
f 2781/41/3576 2780/121/3576 936/121/3576 952/41/3576
f 2781/41/3577 2778/117/3577 965/117/3577 951/41/3577
f 2778/117/3578 2781/41/3578 952/41/3578 966/117/3578
f 2782/74/3579 2783/80/3579 979/80/3579 65/74/3579
f 2783/80/3580 2782/74/3580 66/74/3580 980/80/3580
f 2783/80/3581 2784/117/3581 965/117/3581 979/80/3581
f 2784/117/3582 2783/80/3582 980/80/3582 966/117/3582
f 2784/117/3583 2785/47/3583 981/47/3583 965/117/3583
f 2785/47/3584 2784/117/3584 966/117/3584 982/47/3584
f 2785/47/3585 2782/74/3585 65/74/3585 981/47/3585
f 2782/74/3586 2785/47/3586 982/47/3586 66/74/3586
f 2786/322/3587 2787/332/3587 349/332/3587 359/322/3587
f 2787/332/3588 2786/322/3588 360/322/3588 350/332/3588
f 2787/332/3589 2788/499/3589 47/499/3589 349/332/3589
f 2788/499/3590 2787/332/3590 350/332/3590 48/499/3590
f 2788/499/3591 2789/323/3591 369/323/3591 47/499/3591
f 2789/323/3592 2788/499/3592 48/499/3592 370/323/3592
f 2789/323/3593 2786/322/3593 359/322/3593 369/323/3593
f 2786/322/3594 2789/323/3594 370/323/3594 360/322/3594
f 2790/17/3595 2791/4/3595 815/4/3595 831/17/3595
f 2791/4/3596 2790/17/3596 832/17/3596 816/4/3596
f 2791/4/3597 2792/10/3597 801/10/3597 815/4/3597
f 2792/10/3598 2791/4/3598 816/4/3598 802/10/3598
f 2792/10/3599 2793/9/3599 817/9/3599 801/10/3599
f 2793/9/3600 2792/10/3600 802/10/3600 818/9/3600
f 2793/9/3601 2790/17/3601 831/17/3601 817/9/3601
f 2790/17/3602 2793/9/3602 818/9/3602 832/17/3602
f 2794/23/3603 2795/133/3603 845/133/3603 861/23/3603
f 2795/133/3604 2794/23/3604 862/23/3604 846/133/3604
f 2795/133/3605 2796/17/3605 831/17/3605 845/133/3605
f 2796/17/3606 2795/133/3606 846/133/3606 832/17/3606
f 2796/17/3607 2797/16/3607 847/16/3607 831/17/3607
f 2797/16/3608 2796/17/3608 832/17/3608 848/16/3608
f 2797/16/3609 2794/23/3609 861/23/3609 847/16/3609
f 2794/23/3610 2797/16/3610 848/16/3610 862/23/3610
f 2798/29/3611 2799/129/3611 875/129/3611 891/29/3611
f 2799/129/3612 2798/29/3612 892/29/3612 876/129/3612
f 2799/129/3613 2800/23/3613 861/23/3613 875/129/3613
f 2800/23/3614 2799/129/3614 876/129/3614 862/23/3614
f 2800/23/3615 2801/22/3615 877/22/3615 861/23/3615
f 2801/22/3616 2800/23/3616 862/23/3616 878/22/3616
f 2801/22/3617 2798/29/3617 891/29/3617 877/22/3617
f 2798/29/3618 2801/22/3618 878/22/3618 892/29/3618
f 2802/35/3619 2803/125/3619 905/125/3619 921/35/3619
f 2803/125/3620 2802/35/3620 922/35/3620 906/125/3620
f 2803/125/3621 2804/29/3621 891/29/3621 905/125/3621
f 2804/29/3622 2803/125/3622 906/125/3622 892/29/3622
f 2804/29/3623 2805/28/3623 907/28/3623 891/29/3623
f 2805/28/3624 2804/29/3624 892/29/3624 908/28/3624
f 2805/28/3625 2802/35/3625 921/35/3625 907/28/3625
f 2802/35/3626 2805/28/3626 908/28/3626 922/35/3626
f 2806/41/3627 2807/121/3627 935/121/3627 951/41/3627
f 2807/121/3628 2806/41/3628 952/41/3628 936/121/3628
f 2807/121/3629 2808/35/3629 921/35/3629 935/121/3629
f 2808/35/3630 2807/121/3630 936/121/3630 922/35/3630
f 2808/35/3631 2809/34/3631 937/34/3631 921/35/3631
f 2809/34/3632 2808/35/3632 922/35/3632 938/34/3632
f 2809/34/3633 2806/41/3633 951/41/3633 937/34/3633
f 2806/41/3634 2809/34/3634 938/34/3634 952/41/3634
f 2810/47/3635 2811/117/3635 965/117/3635 981/47/3635
f 2811/117/3636 2810/47/3636 982/47/3636 966/117/3636
f 2811/117/3637 2812/41/3637 951/41/3637 965/117/3637
f 2812/41/3638 2811/117/3638 966/117/3638 952/41/3638
f 2812/41/3639 2813/40/3639 967/40/3639 951/41/3639
f 2813/40/3640 2812/41/3640 952/41/3640 968/40/3640
f 2813/40/3641 2810/47/3641 981/47/3641 967/40/3641
f 2810/47/3642 2813/40/3642 968/40/3642 982/47/3642
f 2814/499/3643 2815/496/3643 51/496/3643 47/499/3643
f 2815/496/3644 2814/499/3644 48/499/3644 52/496/3644
f 2815/496/3645 2816/323/3645 369/323/3645 51/496/3645
f 2816/323/3646 2815/496/3646 52/496/3646 370/323/3646
f 2816/323/3647 2814/499/3647 47/499/3647 369/323/3647
f 2814/499/3648 2816/323/3648 370/323/3648 48/499/3648
f 2817/157/3649 2818/156/3649 137/156/3649 139/157/3649
f 2818/156/3650 2817/157/3650 140/157/3650 138/156/3650
f 2818/156/3651 2819/500/3651 3/500/3651 137/156/3651
f 2819/500/3652 2818/156/3652 138/156/3652 4/500/3652
f 2819/500/3653 2820/414/3653 149/414/3653 3/500/3653
f 2820/414/3654 2819/500/3654 4/500/3654 150/414/3654
f 2820/414/3655 2817/157/3655 139/157/3655 149/414/3655
f 2817/157/3656 2820/414/3656 150/414/3656 140/157/3656
f 2821/331/3657 2822/341/3657 329/341/3657 339/331/3657
f 2822/341/3658 2821/331/3658 340/331/3658 330/341/3658
f 2822/341/3659 2823/501/3659 43/501/3659 329/341/3659
f 2823/501/3660 2822/341/3660 330/341/3660 44/501/3660
f 2823/501/3661 2824/332/3661 349/332/3661 43/501/3661
f 2824/332/3662 2823/501/3662 44/501/3662 350/332/3662
f 2824/332/3663 2821/331/3663 339/331/3663 349/332/3663
f 2821/331/3664 2824/332/3664 350/332/3664 340/331/3664
f 2825/500/3665 2826/415/3665 7/415/3665 3/500/3665
f 2826/415/3666 2825/500/3666 4/500/3666 8/415/3666
f 2826/415/3667 2827/414/3667 149/414/3667 7/415/3667
f 2827/414/3668 2826/415/3668 8/415/3668 150/414/3668
f 2827/414/3669 2825/500/3669 3/500/3669 149/414/3669
f 2825/500/3670 2827/414/3670 150/414/3670 4/500/3670
f 2828/501/3671 2829/499/3671 47/499/3671 43/501/3671
f 2829/499/3672 2828/501/3672 44/501/3672 48/499/3672
f 2829/499/3673 2830/332/3673 349/332/3673 47/499/3673
f 2830/332/3674 2829/499/3674 48/499/3674 350/332/3674
f 2830/332/3675 2828/501/3675 43/501/3675 349/332/3675
f 2828/501/3676 2830/332/3676 350/332/3676 44/501/3676
f 2831/415/3677 2832/502/3677 11/502/3677 7/415/3677
f 2832/502/3678 2831/415/3678 8/415/3678 12/502/3678
f 2832/502/3679 2833/413/3679 169/413/3679 11/502/3679
f 2833/413/3680 2832/502/3680 12/502/3680 170/413/3680
f 2833/413/3681 2831/415/3681 7/415/3681 169/413/3681
f 2831/415/3682 2833/413/3682 170/413/3682 8/415/3682
f 2834/403/3683 2835/413/3683 169/413/3683 179/403/3683
f 2835/413/3684 2834/403/3684 180/403/3684 170/413/3684
f 2835/413/3685 2836/502/3685 11/502/3685 169/413/3685
f 2836/502/3686 2835/413/3686 170/413/3686 12/502/3686
f 2836/502/3687 2837/404/3687 189/404/3687 11/502/3687
f 2837/404/3688 2836/502/3688 12/502/3688 190/404/3688
f 2837/404/3689 2834/403/3689 179/403/3689 189/404/3689
f 2834/403/3690 2837/404/3690 190/404/3690 180/403/3690
f 2838/502/3691 2839/503/3691 15/503/3691 11/502/3691
f 2839/503/3692 2838/502/3692 12/502/3692 16/503/3692
f 2839/503/3693 2840/404/3693 189/404/3693 15/503/3693
f 2840/404/3694 2839/503/3694 16/503/3694 190/404/3694
f 2840/404/3695 2838/502/3695 11/502/3695 189/404/3695
f 2838/502/3696 2840/404/3696 190/404/3696 12/502/3696
f 2841/394/3697 2842/404/3697 189/404/3697 199/394/3697
f 2842/404/3698 2841/394/3698 200/394/3698 190/404/3698
f 2842/404/3699 2843/503/3699 15/503/3699 189/404/3699
f 2843/503/3700 2842/404/3700 190/404/3700 16/503/3700
f 2843/503/3701 2844/395/3701 209/395/3701 15/503/3701
f 2844/395/3702 2843/503/3702 16/503/3702 210/395/3702
f 2844/395/3703 2841/394/3703 199/394/3703 209/395/3703
f 2841/394/3704 2844/395/3704 210/395/3704 200/394/3704
f 2845/503/3705 2846/504/3705 19/504/3705 15/503/3705
f 2846/504/3706 2845/503/3706 16/503/3706 20/504/3706
f 2846/504/3707 2847/395/3707 209/395/3707 19/504/3707
f 2847/395/3708 2846/504/3708 20/504/3708 210/395/3708
f 2847/395/3709 2845/503/3709 15/503/3709 209/395/3709
f 2845/503/3710 2847/395/3710 210/395/3710 16/503/3710
f 2848/385/3711 2849/395/3711 209/395/3711 219/385/3711
f 2849/395/3712 2848/385/3712 220/385/3712 210/395/3712
f 2849/395/3713 2850/504/3713 19/504/3713 209/395/3713
f 2850/504/3714 2849/395/3714 210/395/3714 20/504/3714
f 2850/504/3715 2851/386/3715 229/386/3715 19/504/3715
f 2851/386/3716 2850/504/3716 20/504/3716 230/386/3716
f 2851/386/3717 2848/385/3717 219/385/3717 229/386/3717
f 2848/385/3718 2851/386/3718 230/386/3718 220/385/3718
f 2852/504/3719 2853/505/3719 23/505/3719 19/504/3719
f 2853/505/3720 2852/504/3720 20/504/3720 24/505/3720
f 2853/505/3721 2854/386/3721 229/386/3721 23/505/3721
f 2854/386/3722 2853/505/3722 24/505/3722 230/386/3722
f 2854/386/3723 2852/504/3723 19/504/3723 229/386/3723
f 2852/504/3724 2854/386/3724 230/386/3724 20/504/3724
f 2855/376/3725 2856/386/3725 229/386/3725 239/376/3725
f 2856/386/3726 2855/376/3726 240/376/3726 230/386/3726
f 2856/386/3727 2857/505/3727 23/505/3727 229/386/3727
f 2857/505/3728 2856/386/3728 230/386/3728 24/505/3728
f 2857/505/3729 2858/377/3729 249/377/3729 23/505/3729
f 2858/377/3730 2857/505/3730 24/505/3730 250/377/3730
f 2858/377/3731 2855/376/3731 239/376/3731 249/377/3731
f 2855/376/3732 2858/377/3732 250/377/3732 240/376/3732
f 2859/505/3733 2860/506/3733 27/506/3733 23/505/3733
f 2860/506/3734 2859/505/3734 24/505/3734 28/506/3734
f 2860/506/3735 2861/377/3735 249/377/3735 27/506/3735
f 2861/377/3736 2860/506/3736 28/506/3736 250/377/3736
f 2861/377/3737 2859/505/3737 23/505/3737 249/377/3737
f 2859/505/3738 2861/377/3738 250/377/3738 24/505/3738
f 2862/367/3739 2863/377/3739 249/377/3739 259/367/3739
f 2863/377/3740 2862/367/3740 260/367/3740 250/377/3740
f 2863/377/3741 2864/506/3741 27/506/3741 249/377/3741
f 2864/506/3742 2863/377/3742 250/377/3742 28/506/3742
f 2864/506/3743 2865/368/3743 269/368/3743 27/506/3743
f 2865/368/3744 2864/506/3744 28/506/3744 270/368/3744
f 2865/368/3745 2862/367/3745 259/367/3745 269/368/3745
f 2862/367/3746 2865/368/3746 270/368/3746 260/367/3746
f 2866/506/3747 2867/507/3747 31/507/3747 27/506/3747
f 2867/507/3748 2866/506/3748 28/506/3748 32/507/3748
f 2867/507/3749 2868/368/3749 269/368/3749 31/507/3749
f 2868/368/3750 2867/507/3750 32/507/3750 270/368/3750
f 2868/368/3751 2866/506/3751 27/506/3751 269/368/3751
f 2866/506/3752 2868/368/3752 270/368/3752 28/506/3752
f 2869/358/3753 2870/368/3753 269/368/3753 279/358/3753
f 2870/368/3754 2869/358/3754 280/358/3754 270/368/3754
f 2870/368/3755 2871/507/3755 31/507/3755 269/368/3755
f 2871/507/3756 2870/368/3756 270/368/3756 32/507/3756
f 2871/507/3757 2872/359/3757 289/359/3757 31/507/3757
f 2872/359/3758 2871/507/3758 32/507/3758 290/359/3758
f 2872/359/3759 2869/358/3759 279/358/3759 289/359/3759
f 2869/358/3760 2872/359/3760 290/359/3760 280/358/3760
f 2873/507/3761 2874/508/3761 35/508/3761 31/507/3761
f 2874/508/3762 2873/507/3762 32/507/3762 36/508/3762
f 2874/508/3763 2875/359/3763 289/359/3763 35/508/3763
f 2875/359/3764 2874/508/3764 36/508/3764 290/359/3764
f 2875/359/3765 2873/507/3765 31/507/3765 289/359/3765
f 2873/507/3766 2875/359/3766 290/359/3766 32/507/3766
f 2876/350/3767 2877/359/3767 289/359/3767 299/350/3767
f 2877/359/3768 2876/350/3768 300/350/3768 290/359/3768
f 2877/359/3769 2878/508/3769 35/508/3769 289/359/3769
f 2878/508/3770 2877/359/3770 290/359/3770 36/508/3770
f 2878/508/3771 2879/342/3771 309/342/3771 35/508/3771
f 2879/342/3772 2878/508/3772 36/508/3772 310/342/3772
f 2879/342/3773 2876/350/3773 299/350/3773 309/342/3773
f 2876/350/3774 2879/342/3774 310/342/3774 300/350/3774
f 2880/508/3775 2881/343/3775 39/343/3775 35/508/3775
f 2881/343/3776 2880/508/3776 36/508/3776 40/343/3776
f 2881/343/3777 2882/342/3777 309/342/3777 39/343/3777
f 2882/342/3778 2881/343/3778 40/343/3778 310/342/3778
f 2882/342/3779 2880/508/3779 35/508/3779 309/342/3779
f 2880/508/3780 2882/342/3780 310/342/3780 36/508/3780
f 2883/343/3781 2884/501/3781 43/501/3781 39/343/3781
f 2884/501/3782 2883/343/3782 40/343/3782 44/501/3782
f 2884/501/3783 2885/341/3783 329/341/3783 43/501/3783
f 2885/341/3784 2884/501/3784 44/501/3784 330/341/3784
f 2885/341/3785 2883/343/3785 39/343/3785 329/341/3785
f 2883/343/3786 2885/341/3786 330/341/3786 40/343/3786
f 2886/152/3787 2887/162/3787 749/162/3787 759/152/3787
f 2887/162/3788 2886/152/3788 760/152/3788 750/162/3788
f 2887/162/3789 2888/497/3789 127/497/3789 749/162/3789
f 2888/497/3790 2887/162/3790 750/162/3790 128/497/3790
f 2888/497/3791 2889/509/3791 137/509/3791 127/497/3791
f 2889/509/3792 2888/497/3792 128/497/3792 138/509/3792
f 2889/509/3793 2886/152/3793 759/152/3793 137/509/3793
f 2886/152/3794 2889/509/3794 138/509/3794 760/152/3794
f 2890/497/3795 2891/500/3795 3/500/3795 127/497/3795
f 2891/500/3796 2890/497/3796 128/497/3796 4/500/3796
f 2891/500/3797 2892/509/3797 137/509/3797 3/500/3797
f 2892/509/3798 2891/500/3798 4/500/3798 138/509/3798
f 2892/509/3799 2890/497/3799 127/497/3799 137/509/3799
f 2890/497/3800 2892/509/3800 138/509/3800 128/497/3800
f 2893/405/3801 2894/419/3801 781/419/3801 797/405/3801
f 2894/419/3802 2893/405/3802 798/405/3802 782/419/3802
f 2894/419/3803 2895/7/3803 5/7/3803 781/419/3803
f 2895/7/3804 2894/419/3804 782/419/3804 6/7/3804
f 2895/7/3805 2896/15/3805 9/15/3805 5/7/3805
f 2896/15/3806 2895/7/3806 6/7/3806 10/15/3806
f 2896/15/3807 2893/405/3807 797/405/3807 9/15/3807
f 2893/405/3808 2896/15/3808 10/15/3808 798/405/3808
f 2897/6/3809 2898/15/3809 9/15/3809 167/6/3809
f 2898/15/3810 2897/6/3810 168/6/3810 10/15/3810
f 2898/15/3811 2899/7/3811 5/7/3811 9/15/3811
f 2899/7/3812 2898/15/3812 10/15/3812 6/7/3812
f 2899/7/3813 2897/6/3813 167/6/3813 5/7/3813
f 2897/6/3814 2899/7/3814 6/7/3814 168/6/3814
f 2900/53/3815 2901/57/3815 41/57/3815 327/53/3815
f 2901/57/3816 2900/53/3816 328/53/3816 42/57/3816
f 2901/57/3817 2902/54/3817 37/54/3817 41/57/3817
f 2902/54/3818 2901/57/3818 42/57/3818 38/54/3818
f 2902/54/3819 2900/53/3819 327/53/3819 37/54/3819
f 2900/53/3820 2902/54/3820 38/54/3820 328/53/3820
f 2903/76/3821 2904/78/3821 73/78/3821 487/76/3821
f 2904/78/3822 2903/76/3822 488/76/3822 74/78/3822
f 2904/78/3823 2905/77/3823 69/77/3823 73/78/3823
f 2905/77/3824 2904/78/3824 74/78/3824 70/77/3824
f 2905/77/3825 2903/76/3825 487/76/3825 69/77/3825
f 2903/76/3826 2905/77/3826 70/77/3826 488/76/3826
f 2906/114/3827 2907/111/3827 105/111/3827 647/114/3827
f 2907/111/3828 2906/114/3828 648/114/3828 106/111/3828
f 2907/111/3829 2908/110/3829 101/110/3829 105/111/3829
f 2908/110/3830 2907/111/3830 106/111/3830 102/110/3830
f 2908/110/3831 2906/114/3831 647/114/3831 101/110/3831
f 2906/114/3832 2908/110/3832 102/110/3832 648/114/3832
f 2909/498/3833 2910/112/3833 769/112/3833 785/498/3833
f 2910/112/3834 2909/498/3834 786/498/3834 770/112/3834
f 2910/112/3835 2911/120/3835 109/120/3835 769/112/3835
f 2911/120/3836 2910/112/3836 770/112/3836 110/120/3836
f 2911/120/3837 2912/191/3837 771/191/3837 109/120/3837
f 2912/191/3838 2911/120/3838 110/120/3838 772/191/3838
f 2912/191/3839 2909/498/3839 785/498/3839 771/191/3839
f 2909/498/3840 2912/191/3840 772/191/3840 786/498/3840
f 2913/3/3841 2914/107/3841 783/107/3841 799/3/3841
f 2914/107/3842 2913/3/3842 800/3/3842 784/107/3842
f 2914/107/3843 2915/112/3843 769/112/3843 783/107/3843
f 2915/112/3844 2914/107/3844 784/107/3844 770/112/3844
f 2915/112/3845 2916/498/3845 785/498/3845 769/112/3845
f 2916/498/3846 2915/112/3846 770/112/3846 786/498/3846
f 2916/498/3847 2913/3/3847 799/3/3847 785/498/3847
f 2913/3/3848 2916/498/3848 786/498/3848 800/3/3848
f 2917/11/3849 2918/191/3849 771/191/3849 787/11/3849
f 2918/191/3850 2917/11/3850 788/11/3850 772/191/3850
f 2918/191/3851 2919/124/3851 113/124/3851 771/191/3851
f 2919/124/3852 2918/191/3852 772/191/3852 114/124/3852
f 2919/124/3853 2920/182/3853 773/182/3853 113/124/3853
f 2920/182/3854 2919/124/3854 114/124/3854 774/182/3854
f 2920/182/3855 2917/11/3855 787/11/3855 773/182/3855
f 2917/11/3856 2920/182/3856 774/182/3856 788/11/3856
f 2921/10/3857 2922/498/3857 785/498/3857 801/10/3857
f 2922/498/3858 2921/10/3858 802/10/3858 786/498/3858
f 2922/498/3859 2923/191/3859 771/191/3859 785/498/3859
f 2923/191/3860 2922/498/3860 786/498/3860 772/191/3860
f 2923/191/3861 2924/11/3861 787/11/3861 771/191/3861
f 2924/11/3862 2923/191/3862 772/191/3862 788/11/3862
f 2924/11/3863 2921/10/3863 801/10/3863 787/11/3863
f 2921/10/3864 2924/11/3864 788/11/3864 802/10/3864
f 2925/429/3865 2926/182/3865 773/182/3865 789/429/3865
f 2926/182/3866 2925/429/3866 790/429/3866 774/182/3866
f 2926/182/3867 2927/128/3867 117/128/3867 773/182/3867
f 2927/128/3868 2926/182/3868 774/182/3868 118/128/3868
f 2927/128/3869 2928/173/3869 775/173/3869 117/128/3869
f 2928/173/3870 2927/128/3870 118/128/3870 776/173/3870
f 2928/173/3871 2925/429/3871 789/429/3871 775/173/3871
f 2925/429/3872 2928/173/3872 776/173/3872 790/429/3872
f 2929/444/3873 2930/173/3873 775/173/3873 791/444/3873
f 2930/173/3874 2929/444/3874 792/444/3874 776/173/3874
f 2930/173/3875 2931/132/3875 121/132/3875 775/173/3875
f 2931/132/3876 2930/173/3876 776/173/3876 122/132/3876
f 2931/132/3877 2932/163/3877 777/163/3877 121/132/3877
f 2932/163/3878 2931/132/3878 122/132/3878 778/163/3878
f 2932/163/3879 2929/444/3879 791/444/3879 777/163/3879
f 2929/444/3880 2932/163/3880 778/163/3880 792/444/3880
f 2933/459/3881 2934/163/3881 777/163/3881 793/459/3881
f 2934/163/3882 2933/459/3882 794/459/3882 778/163/3882
f 2934/163/3883 2935/136/3883 125/136/3883 777/163/3883
f 2935/136/3884 2934/163/3884 778/163/3884 126/136/3884
f 2935/136/3885 2936/138/3885 779/138/3885 125/136/3885
f 2936/138/3886 2935/136/3886 126/136/3886 780/138/3886
f 2936/138/3887 2933/459/3887 793/459/3887 779/138/3887
f 2933/459/3888 2936/138/3888 780/138/3888 794/459/3888
f 2937/474/3889 2938/138/3889 779/138/3889 795/474/3889
f 2938/138/3890 2937/474/3890 796/474/3890 780/138/3890
f 2938/138/3891 2939/420/3891 1/420/3891 779/138/3891
f 2939/420/3892 2938/138/3892 780/138/3892 2/420/3892
f 2939/420/3893 2940/419/3893 781/419/3893 1/420/3893
f 2940/419/3894 2939/420/3894 2/420/3894 782/419/3894
f 2940/419/3895 2937/474/3895 795/474/3895 781/419/3895
f 2937/474/3896 2940/419/3896 782/419/3896 796/474/3896
f 2941/134/3897 2942/142/3897 765/142/3897 757/134/3897
f 2942/142/3898 2941/134/3898 758/134/3898 766/142/3898
f 2942/142/3899 2943/145/3899 129/145/3899 765/142/3899
f 2943/145/3900 2942/142/3900 766/142/3900 130/145/3900
f 2943/145/3901 2944/135/3901 767/135/3901 129/145/3901
f 2944/135/3902 2943/145/3902 130/145/3902 768/135/3902
f 2944/135/3903 2941/134/3903 757/134/3903 767/135/3903
f 2941/134/3904 2944/135/3904 768/135/3904 758/134/3904
